"","sample","chromosome","start","end","length_bp","n_markers","quality","pop","length_MB","length_KB","Category"
"1","E10F-1",1,151446,3782387,3630942,192,73.9,"ranch",3.630942,3630.942,"2-4Mb"
"2","E10F-1",1,51932925,74761341,22828417,499,72.6,"ranch",22.828417,22828.417,"20Mb-30Mb"
"3","E10F-1",1,75863876,79485470,3621595,151,51,"ranch",3.621595,3621.595,"2-4Mb"
"4","E10F-1",1,115322794,123714598,8391805,190,64.1,"ranch",8.391805,8391.805,"8-10MB"
"5","E10F-1",1,136700433,149451719,12751287,423,85.4,"ranch",12.751287,12751.287,"10-20Mb"
"6","E10F-1",1,206979976,235092332,28112357,1201,93.1,"ranch",28.112357,28112.357,"20Mb-30Mb"
"7","E10F-1",1,239795075,241417019,1621945,190,81.6,"ranch",1.621945,1621.945,"1-2Mb"
"8","E10F-1",9,109775298,115441567,5666270,124,54.3,"ranch",5.66627,5666.27,"4-6Mb"
"9","E10F-1",4,155917545,162511334,6593790,186,68,"ranch",6.59379,6593.79,"6-8Mb"
"10","E10F-1",5,151754573,153179063,1424491,178,61.5,"ranch",1.424491,1424.491,"1-2Mb"
"11","E10F-1",3,80344336,95108516,14764181,292,77.5,"ranch",14.764181,14764.181,"10-20Mb"
"12","E10F-1",3,117742622,122582660,4840039,168,68.3,"ranch",4.840039,4840.039,"4-6Mb"
"13","E10F-1",11,20426988,98665957,78238970,1841,94.6,"ranch",78.23897,78238.97,"70Mb-80Mb"
"14","E10F-1",8,74065725,79387278,5321554,108,41.5,"ranch",5.321554,5321.554,"4-6Mb"
"15","E10F-1",8,94284549,117968369,23683821,468,81.9,"ranch",23.683821,23683.821,"20Mb-30Mb"
"16","E10F-1",7,16747429,20877124,4129696,190,72,"ranch",4.129696,4129.696,"4-6Mb"
"17","E10F-1",7,135354168,136490395,1136228,81,40.8,"ranch",1.136228,1136.228,"1-2Mb"
"18","E10F-1",10,14773891,28130658,13356768,277,73.2,"ranch",13.356768,13356.768,"10-20Mb"
"19","E10F-1",5,15584154,17039582,1455429,161,75.9,"ranch",1.455429,1455.429,"1-2Mb"
"20","E10F-1",5,36658408,41242740,4584333,158,65,"ranch",4.584333,4584.333,"4-6Mb"
"21","E10F-1",5,44759069,124126830,79367762,1918,95.9,"ranch",79.367762,79367.762,"70Mb-80Mb"
"22","E10F-1",5,136749393,138373936,1624544,126,61.1,"ranch",1.624544,1624.544,"1-2Mb"
"23","E10F-1",6,47319181,67511311,20192131,529,92.9,"ranch",20.192131,20192.131,"20Mb-30Mb"
"24","E10F-1",6,120341269,129042464,8701196,294,83.5,"ranch",8.701196,8701.196,"8-10MB"
"25","E10F-1",6,135181043,137484900,2303858,117,31,"ranch",2.303858,2303.858,"2-4Mb"
"26","E10F-1",6,147565965,149650734,2084770,56,69.6,"ranch",2.08477,2084.77,"2-4Mb"
"27","E10F-1",15,60610450,64001681,3391232,256,89.7,"ranch",3.391232,3391.232,"2-4Mb"
"28","E10F-1",13,94418977,96521188,2102212,148,73.2,"ranch",2.102212,2102.212,"2-4Mb"
"29","E10F-1",8,147789669,162732805,14943137,316,65.7,"ranch",14.943137,14943.137,"10-20Mb"
"30","E10F-1",8,176600864,187235397,10634534,176,48,"ranch",10.634534,10634.534,"10-20Mb"
"31","E10F-1",14,1685687,3553944,1868258,131,65,"ranch",1.868258,1868.258,"1-2Mb"
"32","E10F-1",14,12747274,89132504,76385231,2050,96.3,"ranch",76.385231,76385.231,"70Mb-80Mb"
"33","E10F-1",16,3664223,20216797,16552575,638,90.3,"ranch",16.552575,16552.575,"10-20Mb"
"34","E10F-1",6,640722,1280828,640107,57,40.6,"ranch",0.640107,640.107,"<1Mb"
"35","E10F-1",6,13044098,16379689,3335592,178,58.7,"ranch",3.335592,3335.592,"2-4Mb"
"36","E10F-1",10,130386206,154650517,24264312,795,94.4,"ranch",24.264312,24264.312,"20Mb-30Mb"
"37","E10F-1",3,13043636,24319031,11275396,547,89.8,"ranch",11.275396,11275.396,"10-20Mb"
"38","E10F-1",15,1180994,2484770,1303777,136,50.5,"ranch",1.303777,1303.777,"1-2Mb"
"39","E10F-1",15,2913741,4502752,1589012,114,43.5,"ranch",1.589012,1589.012,"1-2Mb"
"40","E10F-1",13,26550667,40389700,13839034,341,66.7,"ranch",13.839034,13839.034,"10-20Mb"
"41","E10F-1",8,17711166,23143681,5432516,292,74.5,"ranch",5.432516,5432.516,"4-6Mb"
"42","E10F-1",8,59478114,67617180,8139067,169,43.3,"ranch",8.139067,8139.067,"8-10MB"
"43","E10F-1",2,58551996,65051201,6499206,229,85.2,"ranch",6.499206,6499.206,"6-8Mb"
"44","E10F-1",8,213272272,219558942,6286671,264,70.8,"ranch",6.286671,6286.671,"6-8Mb"
"45","E10F-1",9,52414876,79984948,27570073,777,91,"ranch",27.570073,27570.073,"20Mb-30Mb"
"46","E10F-1",4,410896,6609094,6198199,277,80.2,"ranch",6.198199,6198.199,"6-8Mb"
"47","E10F-1",17,40450366,43724115,3273750,265,43.7,"ranch",3.27375,3273.75,"2-4Mb"
"48","E10F-1",4,93052754,141715787,48663034,1477,94.7,"ranch",48.663034,48663.034,"40Mb-50Mb"
"49","E10F-1",10,35627962,59631654,24003693,761,89.6,"ranch",24.003693,24003.693,"20Mb-30Mb"
"50","E10F-1",17,19616498,37669572,18053075,1165,94.2,"ranch",18.053075,18053.075,"10-20Mb"
"51","E10F-1",13,12023268,19018190,6994923,397,83.3,"ranch",6.994923,6994.923,"6-8Mb"
"52","E10F-1",9,50927,2267589,2216663,170,86.5,"ranch",2.216663,2216.663,"2-4Mb"
"53","E10F-1",9,32581529,42103054,9521526,225,64.8,"ranch",9.521526,9521.526,"8-10MB"
"54","E10F-1",14,92946165,95491652,2545488,225,87.5,"ranch",2.545488,2545.488,"2-4Mb"
"55","E10F-1",4,13070572,18606110,5535539,315,84.6,"ranch",5.535539,5535.539,"4-6Mb"
"56","E13M-1",13,40217199,51952207,11735009,315,85.6,"ranch",11.735009,11735.009,"10-20Mb"
"57","E13M-1",4,203383968,206516696,3132729,206,64.8,"ranch",3.132729,3132.729,"2-4Mb"
"58","E13M-1",8,131480568,142594442,11113875,173,63.3,"ranch",11.113875,11113.875,"10-20Mb"
"59","E13M-1",7,64006821,72438148,8431328,214,64.1,"ranch",8.431328,8431.328,"8-10MB"
"60","E13M-1",12,34380525,39092360,4711836,209,64,"ranch",4.711836,4711.836,"4-6Mb"
"61","E13M-1",9,156275865,159366963,3091099,151,71.2,"ranch",3.091099,3091.099,"2-4Mb"
"62","E13M-1",12,76171252,77110063,938812,76,37.9,"ranch",0.938812,938.812,"<1Mb"
"63","E13M-1",1,227285430,240058078,12772649,1026,94.6,"ranch",12.772649,12772.649,"10-20Mb"
"64","E13M-1",9,64878318,86079794,21201477,526,87.1,"ranch",21.201477,21201.477,"20Mb-30Mb"
"65","E13M-1",11,113299260,114687354,1388095,161,68.7,"ranch",1.388095,1388.095,"1-2Mb"
"66","E13M-1",7,19806247,26053918,6247672,260,81.6,"ranch",6.247672,6247.672,"6-8Mb"
"67","E13M-1",11,72843823,78956636,6112814,146,63.6,"ranch",6.112814,6112.814,"6-8Mb"
"68","E13M-1",3,130541356,132387016,1845661,129,41.8,"ranch",1.845661,1845.661,"1-2Mb"
"69","E13M-1",9,153839110,155187798,1348689,78,48.3,"ranch",1.348689,1348.689,"1-2Mb"
"70","E13M-1",11,682287,5242436,4560150,357,88.6,"ranch",4.56015,4560.15,"4-6Mb"
"71","E13M-1",1,62716341,102541539,39825199,1141,90.4,"ranch",39.825199,39825.199,"30Mb-40Mb"
"72","E13M-1",2,50651288,55949922,5298635,113,42.8,"ranch",5.298635,5298.635,"4-6Mb"
"73","E13M-1",6,30741153,35392989,4651837,117,42.2,"ranch",4.651837,4651.837,"4-6Mb"
"74","E13M-1",6,140954592,144860451,3905860,321,83.8,"ranch",3.90586,3905.86,"2-4Mb"
"75","E13M-1",2,166622764,167996129,1373366,141,61.6,"ranch",1.373366,1373.366,"1-2Mb"
"76","E13M-1",4,187170214,194767915,7597702,167,46.7,"ranch",7.597702,7597.702,"6-8Mb"
"77","E13M-1",2,59004118,73005765,14001648,531,88.8,"ranch",14.001648,14001.648,"10-20Mb"
"78","E13M-1",2,103184595,116713692,13529098,315,86.3,"ranch",13.529098,13529.098,"10-20Mb"
"79","E13M-1",6,37296987,59620872,22323886,583,80.8,"ranch",22.323886,22323.886,"20Mb-30Mb"
"80","E13M-1",1,46742019,51998336,5256318,157,59.5,"ranch",5.256318,5256.318,"4-6Mb"
"81","E13M-1",13,4000702,11993206,7992505,507,83,"ranch",7.992505,7992.505,"6-8Mb"
"82","E13M-1",5,142920906,147145905,4225000,244,62.7,"ranch",4.225,4225,"4-6Mb"
"83","E13M-1",16,32829517,51919440,19089924,624,89.6,"ranch",19.089924,19089.924,"10-20Mb"
"84","E13M-1",4,89662051,104044345,14382295,428,87.1,"ranch",14.382295,14382.295,"10-20Mb"
"85","E13M-1",2,3778107,6906783,3128677,194,71,"ranch",3.128677,3128.677,"2-4Mb"
"86","E13M-1",4,1560894,9906826,8345933,384,88.4,"ranch",8.345933,8345.933,"8-10MB"
"87","E13M-1",4,33690777,50865336,17174560,447,85.3,"ranch",17.17456,17174.56,"10-20Mb"
"88","E13M-1",8,191102325,194917820,3815496,106,42.3,"ranch",3.815496,3815.496,"2-4Mb"
"89","E13M-1",3,88892553,104469144,15576592,429,80.8,"ranch",15.576592,15576.592,"10-20Mb"
"90","E13M-1",15,1594090,8128200,6534111,383,82.8,"ranch",6.534111,6534.111,"6-8Mb"
"91","E13M-1",10,78641780,94067282,15425503,619,93,"ranch",15.425503,15425.503,"10-20Mb"
"92","E13M-1",5,4154792,7702990,3548199,233,71.4,"ranch",3.548199,3548.199,"2-4Mb"
"93","E13M-1",16,57095567,61351041,4255475,463,84.1,"ranch",4.255475,4255.475,"4-6Mb"
"94","E13M-1",2,17053,2371742,2354690,167,79.9,"ranch",2.35469,2354.69,"2-4Mb"
"95","E13M-1",3,45156725,54185685,9028961,170,63.7,"ranch",9.028961,9028.961,"8-10MB"
"96","E13M-1",1,24652279,33913310,9261032,290,68.6,"ranch",9.261032,9261.032,"8-10MB"
"97","E13M-1",5,108590294,114448231,5857938,154,54.1,"ranch",5.857938,5857.938,"4-6Mb"
"98","E13M-1",4,166340416,185096329,18755914,653,88.5,"ranch",18.755914,18755.914,"10-20Mb"
"99","E13M-1",9,7633043,10344767,2711725,173,62.4,"ranch",2.711725,2711.725,"2-4Mb"
"100","E13M-1",9,18124599,21610953,3486355,154,50.2,"ranch",3.486355,3486.355,"2-4Mb"
"101","E13M-1",9,1732615,4648515,2915901,372,87.5,"ranch",2.915901,2915.901,"2-4Mb"
"102","E13M-1",14,21782426,26613792,4831367,145,52.6,"ranch",4.831367,4831.367,"4-6Mb"
"103","E13M-1",10,143101744,146885233,3783490,161,70.9,"ranch",3.78349,3783.49,"2-4Mb"
"104","E13M-1",8,207967500,210484580,2517081,111,36.7,"ranch",2.517081,2517.081,"2-4Mb"
"105","E13M-1",17,29164465,30736900,1572436,112,62.2,"ranch",1.572436,1572.436,"1-2Mb"
"106","E13M-1",8,221203331,222360509,1157179,43,40.5,"ranch",1.157179,1157.179,"1-2Mb"
"107","E14F-1",4,31438057,55529501,24091445,805,93.9,"ranch",24.091445,24091.445,"20Mb-30Mb"
"108","E14F-1",9,105547423,123175406,17627984,371,84.8,"ranch",17.627984,17627.984,"10-20Mb"
"109","E14F-1",4,58845941,120662870,61816930,1851,95.4,"ranch",61.81693,61816.93,"60Mb-70Mb"
"110","E14F-1",13,18411274,93360977,74949704,2728,97.4,"ranch",74.949704,74949.704,"70Mb-80Mb"
"111","E14F-1",11,114874472,116944018,2069547,153,84.4,"ranch",2.069547,2069.547,"2-4Mb"
"112","E14F-1",13,3907831,6193645,2285815,240,80.4,"ranch",2.285815,2285.815,"2-4Mb"
"113","E14F-1",12,72922440,83565322,10642883,529,89.2,"ranch",10.642883,10642.883,"10-20Mb"
"114","E14F-1",4,124022202,126993155,2970954,105,36.3,"ranch",2.970954,2970.954,"2-4Mb"
"115","E14F-1",9,27053699,38857716,11804018,287,78.4,"ranch",11.804018,11804.018,"10-20Mb"
"116","E14F-1",4,6870996,21807128,14936133,651,88.4,"ranch",14.936133,14936.133,"10-20Mb"
"117","E14F-1",4,410896,2077499,1666604,87,61.6,"ranch",1.666604,1666.604,"1-2Mb"
"118","E14F-1",12,88449850,90739226,2289377,247,85.7,"ranch",2.289377,2289.377,"2-4Mb"
"119","E14F-1",3,135382173,138923578,3541406,210,68,"ranch",3.541406,3541.406,"2-4Mb"
"120","E14F-1",2,147511657,166603300,19091644,857,93.1,"ranch",19.091644,19091.644,"10-20Mb"
"121","E14F-1",7,27950,5488808,5460859,318,89.7,"ranch",5.460859,5460.859,"4-6Mb"
"122","E14F-1",3,20373046,125746645,105373600,3144,97.4,"ranch",105.3736,105373.6,">100Mb"
"123","E14F-1",4,193380854,196675565,3294712,104,56.8,"ranch",3.294712,3294.712,"2-4Mb"
"124","E14F-1",11,24173804,84778021,60604218,1277,96.4,"ranch",60.604218,60604.218,"60Mb-70Mb"
"125","E14F-1",3,10121920,12401927,2280008,164,69.4,"ranch",2.280008,2280.008,"2-4Mb"
"126","E14F-1",15,10636515,18515652,7879138,203,72.9,"ranch",7.879138,7879.138,"6-8Mb"
"127","E14F-1",13,917700,3488759,2571060,197,74.3,"ranch",2.57106,2571.06,"2-4Mb"
"128","E14F-1",2,3167649,8573172,5405524,303,76.6,"ranch",5.405524,5405.524,"4-6Mb"
"129","E14F-1",1,10034713,13030273,2995561,151,61.2,"ranch",2.995561,2995.561,"2-4Mb"
"130","E14F-1",5,106866621,110680103,3813483,120,34.7,"ranch",3.813483,3813.483,"2-4Mb"
"131","E14F-1",4,142289094,187562427,45273334,1478,93.5,"ranch",45.273334,45273.334,"40Mb-50Mb"
"132","E14F-1",6,139024459,148238771,9214313,667,92.4,"ranch",9.214313,9214.313,"8-10MB"
"133","E14F-1",9,8438014,12135797,3697784,269,85.6,"ranch",3.697784,3697.784,"2-4Mb"
"134","E14F-1",15,3968729,8470531,4501803,235,79.4,"ranch",4.501803,4501.803,"4-6Mb"
"135","E14F-1",2,99622839,134680464,35057626,984,94,"ranch",35.057626,35057.626,"30Mb-40Mb"
"136","E14F-1",14,12082191,65918092,53835902,1506,95.4,"ranch",53.835902,53835.902,"50Mb-60Mb"
"137","E14F-1",5,119432684,124266567,4833884,218,78.6,"ranch",4.833884,4833.884,"4-6Mb"
"138","E14F-1",16,19194,3948954,3929761,226,78.6,"ranch",3.929761,3929.761,"2-4Mb"
"139","E14F-1",5,20553267,99806523,79253257,1918,96.8,"ranch",79.253257,79253.257,"70Mb-80Mb"
"140","E14F-1",1,203733019,212781394,9048376,302,82.9,"ranch",9.048376,9048.376,"8-10MB"
"141","E14F-1",10,8390552,35219405,26828854,900,93.2,"ranch",26.828854,26828.854,"20Mb-30Mb"
"142","E14F-1",10,82113280,86230069,4116790,115,52.9,"ranch",4.11679,4116.79,"4-6Mb"
"143","E14F-1",16,11826794,57887913,46061120,2025,97,"ranch",46.06112,46061.12,"40Mb-50Mb"
"144","E14F-1",5,133669967,138139439,4469473,250,86.1,"ranch",4.469473,4469.473,"4-6Mb"
"145","E14F-1",5,5220765,13396309,8175545,397,79.5,"ranch",8.175545,8175.545,"8-10MB"
"146","E14F-1",15,59865452,61315162,1449711,137,33.3,"ranch",1.449711,1449.711,"1-2Mb"
"147","E14F-1",1,68726951,119497672,50770722,1588,92.1,"ranch",50.770722,50770.722,"50Mb-60Mb"
"148","E14F-1",5,1230013,4243461,3013449,130,45.1,"ranch",3.013449,3013.449,"2-4Mb"
"149","E14F-1",14,91083178,93213260,2130083,196,75,"ranch",2.130083,2130.083,"2-4Mb"
"150","E14F-1",16,59907912,61833715,1925804,172,80.6,"ranch",1.925804,1925.804,"1-2Mb"
"151","E14F-1",7,68494387,94468616,25974230,636,89.8,"ranch",25.97423,25974.23,"20Mb-30Mb"
"152","E14F-1",14,72533828,80075188,7541361,181,64.4,"ranch",7.541361,7541.361,"6-8Mb"
"153","E14F-1",17,14316,1720315,1706000,194,93.7,"ranch",1.706,1706,"1-2Mb"
"154","E14F-1",17,3688531,11662185,7973655,495,89,"ranch",7.973655,7973.655,"6-8Mb"
"155","E14F-1",14,93668997,95491652,1822656,134,84,"ranch",1.822656,1822.656,"1-2Mb"
"156","E14F-1",8,207384574,211521177,4136604,181,58.8,"ranch",4.136604,4136.604,"4-6Mb"
"157","E14F-1",8,69111,2702515,2633405,218,72.9,"ranch",2.633405,2633.405,"2-4Mb"
"158","E14F-1",17,41758122,44201274,2443153,200,84.4,"ranch",2.443153,2443.153,"2-4Mb"
"159","E14F-1",8,29053390,44037878,14984489,311,82.5,"ranch",14.984489,14984.489,"10-20Mb"
"160","E14F-1",8,13249078,16919999,3670922,275,80.5,"ranch",3.670922,3670.922,"2-4Mb"
"161","E14F-1",1,178302707,181658035,3355329,185,72.4,"ranch",3.355329,3355.329,"2-4Mb"
"162","E14F-1",10,115726804,144609527,28882724,595,88.4,"ranch",28.882724,28882.724,"20Mb-30Mb"
"163","E14F-1",7,113172532,139035188,25862657,1086,95.4,"ranch",25.862657,25862.657,"20Mb-30Mb"
"164","E18F-1",2,123611884,137493479,13881596,281,56.2,"ranch",13.881596,13881.596,"10-20Mb"
"165","E18F-1",9,28470285,45455926,16985642,438,81.5,"ranch",16.985642,16985.642,"10-20Mb"
"166","E18F-1",6,2373805,3723588,1349784,212,79.7,"ranch",1.349784,1349.784,"1-2Mb"
"167","E18F-1",1,95858586,102541539,6682954,216,59.1,"ranch",6.682954,6682.954,"6-8Mb"
"168","E18F-1",9,109119553,123841547,14721995,327,75,"ranch",14.721995,14721.995,"10-20Mb"
"169","E18F-1",4,189571845,202250805,12678961,366,86.3,"ranch",12.678961,12678.961,"10-20Mb"
"170","E18F-1",1,34668233,51884383,17216151,484,88.2,"ranch",17.216151,17216.151,"10-20Mb"
"171","E18F-1",2,8827336,15079719,6252384,303,61,"ranch",6.252384,6252.384,"6-8Mb"
"172","E18F-1",1,148992384,152374554,3382171,93,34.5,"ranch",3.382171,3382.171,"2-4Mb"
"173","E18F-1",16,53162474,56801971,3639498,318,80.2,"ranch",3.639498,3639.498,"2-4Mb"
"174","E18F-1",8,115311942,146546810,31234869,641,85.1,"ranch",31.234869,31234.869,"30Mb-40Mb"
"175","E18F-1",11,97849544,108943070,11093527,500,88.7,"ranch",11.093527,11093.527,"10-20Mb"
"176","E18F-1",2,17053,2618162,2601110,203,55.1,"ranch",2.60111,2601.11,"2-4Mb"
"177","E18F-1",12,529776,2943241,2413466,121,65.1,"ranch",2.413466,2413.466,"2-4Mb"
"178","E18F-1",1,14604145,17094689,2490545,111,55.1,"ranch",2.490545,2490.545,"2-4Mb"
"179","E18F-1",3,85689961,91853407,6163447,112,61.1,"ranch",6.163447,6163.447,"6-8Mb"
"180","E18F-1",12,60877294,72163669,11286376,346,76.1,"ranch",11.286376,11286.376,"10-20Mb"
"181","E18F-1",7,16747429,19488347,2740919,118,57.7,"ranch",2.740919,2740.919,"2-4Mb"
"182","E18F-1",12,35348404,40642628,5294225,174,57.8,"ranch",5.294225,5294.225,"4-6Mb"
"183","E18F-1",12,42836622,49565573,6728952,198,57.9,"ranch",6.728952,6728.952,"6-8Mb"
"184","E18F-1",13,17828471,26335119,8506649,268,67.2,"ranch",8.506649,8506.649,"8-10MB"
"185","E18F-1",10,26423469,31384158,4960690,159,45.3,"ranch",4.96069,4960.69,"4-6Mb"
"186","E18F-1",16,29487422,32139078,2651657,102,63.7,"ranch",2.651657,2651.657,"2-4Mb"
"187","E18F-1",14,62896639,71031234,8134596,200,72.2,"ranch",8.134596,8134.596,"8-10MB"
"188","E18F-1",8,164236494,191363111,27126618,429,71.9,"ranch",27.126618,27126.618,"20Mb-30Mb"
"189","E18F-1",15,8452893,10686527,2233635,95,43.3,"ranch",2.233635,2233.635,"2-4Mb"
"190","E18F-1",3,117660132,127873489,10213358,336,75.5,"ranch",10.213358,10213.358,"10-20Mb"
"191","E18F-1",5,45080379,52704682,7624304,221,63.7,"ranch",7.624304,7624.304,"6-8Mb"
"192","E18F-1",5,123302672,132454082,9151411,422,89.3,"ranch",9.151411,9151.411,"8-10MB"
"193","E18F-1",14,89329861,90746749,1416889,115,55.4,"ranch",1.416889,1416.889,"1-2Mb"
"194","E18F-1",14,92240681,95491652,3250972,293,89.7,"ranch",3.250972,3250.972,"2-4Mb"
"195","E18F-1",11,112901813,114717465,1815653,221,85.6,"ranch",1.815653,1815.653,"1-2Mb"
"196","E18F-1",7,93360330,114629508,21269179,375,68.4,"ranch",21.269179,21269.179,"20Mb-30Mb"
"197","E18F-1",11,16390219,18658542,2268324,136,44.5,"ranch",2.268324,2268.324,"2-4Mb"
"198","E19M-2A",14,38625570,41938025,3312456,99,54.2,"ranch",3.312456,3312.456,"2-4Mb"
"199","E19M-2A",10,8889082,10929851,2040770,148,65.3,"ranch",2.04077,2040.77,"2-4Mb"
"200","E19M-2A",14,45539243,79829671,34290429,772,90.5,"ranch",34.290429,34290.429,"30Mb-40Mb"
"201","E19M-2A",9,35948300,41338008,5389709,116,59.1,"ranch",5.389709,5389.709,"4-6Mb"
"202","E19M-2A",9,63439745,79334974,15895230,408,91.5,"ranch",15.89523,15895.23,"10-20Mb"
"203","E19M-2A",16,54395872,61833715,7437844,647,93.3,"ranch",7.437844,7437.844,"6-8Mb"
"204","E19M-2A",6,39768971,45399869,5630899,172,58.8,"ranch",5.630899,5630.899,"4-6Mb"
"205","E19M-2A",17,30707868,34391039,3683172,282,81.3,"ranch",3.683172,3683.172,"2-4Mb"
"206","E19M-2A",2,65825554,78282486,12456933,461,88.1,"ranch",12.456933,12456.933,"10-20Mb"
"207","E19M-2A",6,112044440,134570011,22525572,772,95.2,"ranch",22.525572,22525.572,"20Mb-30Mb"
"208","E19M-2A",7,70597448,77924380,7326933,168,65.2,"ranch",7.326933,7326.933,"6-8Mb"
"209","E19M-2A",6,141611223,144399668,2788446,187,75.5,"ranch",2.788446,2788.446,"2-4Mb"
"210","E19M-2A",1,75863876,103474667,27610792,885,92.8,"ranch",27.610792,27610.792,"20Mb-30Mb"
"211","E19M-2A",9,18865506,30258089,11392584,334,86,"ranch",11.392584,11392.584,"10-20Mb"
"212","E19M-2A",4,129609222,134803067,5193846,130,42.3,"ranch",5.193846,5193.846,"4-6Mb"
"213","E19M-2A",4,170902617,187128262,16225646,559,80.4,"ranch",16.225646,16225.646,"10-20Mb"
"214","E19M-2A",9,150977097,154373826,3396730,155,54.6,"ranch",3.39673,3396.73,"2-4Mb"
"215","E19M-2A",16,8155885,14248603,6092719,192,79.1,"ranch",6.092719,6092.719,"6-8Mb"
"216","E19M-2A",8,7089030,8823887,1734858,106,66.9,"ranch",1.734858,1734.858,"1-2Mb"
"217","E19M-2A",8,13214662,14715825,1501164,129,64.2,"ranch",1.501164,1501.164,"1-2Mb"
"218","E19M-2A",8,216692966,222360509,5667544,335,94.5,"ranch",5.667544,5667.544,"4-6Mb"
"219","E19M-2A",3,35152387,42043426,6891040,232,82.5,"ranch",6.89104,6891.04,"6-8Mb"
"220","E19M-2A",15,59809058,61503877,1694820,147,84.8,"ranch",1.69482,1694.82,"1-2Mb"
"221","E19M-2A",13,917700,3169451,2251752,149,52.9,"ranch",2.251752,2251.752,"2-4Mb"
"222","E19M-2A",3,13136900,19379377,6242478,270,79.4,"ranch",6.242478,6242.478,"6-8Mb"
"223","E19M-2A",7,1790644,2610539,819896,74,37.8,"ranch",0.819896,819.896,"<1Mb"
"224","E19M-2A",3,106781672,114117836,7336165,148,79,"ranch",7.336165,7336.165,"6-8Mb"
"225","E19M-2A",12,5988388,7511842,1523455,137,72.8,"ranch",1.523455,1523.455,"1-2Mb"
"226","E19M-2A",9,84786557,138196454,53409898,1103,94.7,"ranch",53.409898,53409.898,"50Mb-60Mb"
"227","E19M-2A",7,27282521,44101900,16819380,309,88.2,"ranch",16.81938,16819.38,"10-20Mb"
"228","E19M-2A",11,113299260,114687354,1388095,141,66.6,"ranch",1.388095,1388.095,"1-2Mb"
"229","E19M-2A",16,29277055,32725283,3448229,162,64.7,"ranch",3.448229,3448.229,"2-4Mb"
"230","E19M-2A",14,7443838,8554319,1110482,59,51.2,"ranch",1.110482,1110.482,"1-2Mb"
"231","E19M-2A",9,50927,2043153,1992227,134,77.6,"ranch",1.992227,1992.227,"1-2Mb"
"232","E19M-2A",12,81208057,83069265,1861209,81,56.1,"ranch",1.861209,1861.209,"1-2Mb"
"233","E19M-2A",10,87412178,104628515,17216338,385,84.1,"ranch",17.216338,17216.338,"10-20Mb"
"234","E19M-2A",1,7343012,17624402,10281391,485,78.8,"ranch",10.281391,10281.391,"10-20Mb"
"235","E19M-2A",7,3085299,6462366,3377068,173,62.2,"ranch",3.377068,3377.068,"2-4Mb"
"236","E19M-2A",7,9604839,19334888,9730050,423,90.5,"ranch",9.73005,9730.05,"8-10MB"
"237","E19M-2A",11,54151218,60559544,6408327,111,69.7,"ranch",6.408327,6408.327,"6-8Mb"
"238","E19M-2A",5,47225705,83327270,36101566,699,94.5,"ranch",36.101566,36101.566,"30Mb-40Mb"
"239","E19M-2A",5,1230013,12126170,10896158,513,84.7,"ranch",10.896158,10896.158,"10-20Mb"
"240","E24M-1",8,13339910,15605084,2265175,156,64.1,"ranch",2.265175,2265.175,"2-4Mb"
"241","E24M-1",13,88855457,95156426,6300970,390,88.4,"ranch",6.30097,6300.97,"6-8Mb"
"242","E24M-1",2,17053,1048622,1031570,67,31.2,"ranch",1.03157,1031.57,"1-2Mb"
"243","E24M-1",14,82956295,89218734,6262440,200,78.7,"ranch",6.26244,6262.44,"6-8Mb"
"244","E24M-1",13,78150685,79699613,1548929,133,67.6,"ranch",1.548929,1548.929,"1-2Mb"
"245","E24M-1",8,220154563,221172001,1017439,100,45.5,"ranch",1.017439,1017.439,"1-2Mb"
"246","E24M-1",8,28215871,30455524,2239654,100,50.1,"ranch",2.239654,2239.654,"2-4Mb"
"247","E24M-1",2,101569811,108154692,6584882,125,70.3,"ranch",6.584882,6584.882,"6-8Mb"
"248","E24M-1",7,122964509,131403957,8439449,337,86.6,"ranch",8.439449,8439.449,"8-10MB"
"249","E24M-1",7,6923662,9960457,3036796,126,55.4,"ranch",3.036796,3036.796,"2-4Mb"
"250","E24M-1",6,16030938,35392989,19362052,483,87.2,"ranch",19.362052,19362.052,"10-20Mb"
"251","E24M-1",7,50447057,57984198,7537142,162,61.2,"ranch",7.537142,7537.142,"6-8Mb"
"252","E24M-1",6,106294439,121783563,15489125,610,91,"ranch",15.489125,15489.125,"10-20Mb"
"253","E24M-1",13,16664809,34869524,18204716,474,75.7,"ranch",18.204716,18204.716,"10-20Mb"
"254","E24M-1",8,208636830,217905133,9268304,316,70.8,"ranch",9.268304,9268.304,"8-10MB"
"255","E24M-1",6,70384336,84237913,13853578,368,82.2,"ranch",13.853578,13853.578,"10-20Mb"
"256","E24M-1",4,61097049,67586852,6489804,197,69.8,"ranch",6.489804,6489.804,"6-8Mb"
"257","E24M-1",4,123186729,134803067,11616339,365,83.6,"ranch",11.616339,11616.339,"10-20Mb"
"258","E24M-1",9,137809779,142582400,4772622,132,69.8,"ranch",4.772622,4772.622,"4-6Mb"
"259","E24M-1",7,10746361,16773422,6027062,292,80.6,"ranch",6.027062,6027.062,"6-8Mb"
"260","E24M-1",4,166340416,172644303,6303888,252,75.8,"ranch",6.303888,6303.888,"6-8Mb"
"261","E24M-1",8,83439975,89389723,5949749,141,53.6,"ranch",5.949749,5949.749,"4-6Mb"
"262","E24M-1",8,98533992,116993936,18459945,354,66.1,"ranch",18.459945,18459.945,"10-20Mb"
"263","E24M-1",8,130168582,142594442,12425861,200,67.2,"ranch",12.425861,12425.861,"10-20Mb"
"264","E24M-1",6,37296987,53518804,16221818,465,84.9,"ranch",16.221818,16221.818,"10-20Mb"
"265","E24M-1",7,140604572,142352736,1748165,103,66,"ranch",1.748165,1748.165,"1-2Mb"
"266","E24M-1",8,155626848,190878127,35251280,605,91.4,"ranch",35.25128,35251.28,"30Mb-40Mb"
"267","E24M-1",8,193291620,201850018,8558399,166,42.2,"ranch",8.558399,8558.399,"8-10MB"
"268","E24M-1",4,32107895,33191713,1083819,112,42.6,"ranch",1.083819,1083.819,"1-2Mb"
"269","E24M-1",9,50927,3667033,3616107,340,89.7,"ranch",3.616107,3616.107,"2-4Mb"
"270","E24M-1",9,59157572,96447371,37289800,935,92.8,"ranch",37.2898,37289.8,"30Mb-40Mb"
"271","E24M-1",16,56943613,61475647,4532035,505,85.6,"ranch",4.532035,4532.035,"4-6Mb"
"272","E24M-1",5,151849367,154511383,2662017,262,76.2,"ranch",2.662017,2662.017,"2-4Mb"
"273","E24M-1",17,23486658,31288387,7801730,404,89.3,"ranch",7.80173,7801.73,"6-8Mb"
"274","E24M-1",15,1173009,2379379,1206371,132,59.7,"ranch",1.206371,1206.371,"1-2Mb"
"275","E24M-1",15,3157133,11203332,8046200,398,74.9,"ranch",8.0462,8046.2,"8-10MB"
"276","E24M-1",15,22651416,37196495,14545080,278,80.3,"ranch",14.54508,14545.08,"10-20Mb"
"277","E24M-1",10,122190445,135524888,13334444,241,74.3,"ranch",13.334444,13334.444,"10-20Mb"
"278","E24M-1",3,60093,4160218,4100126,306,86.3,"ranch",4.100126,4100.126,"4-6Mb"
"279","E24M-1",3,105366461,124605024,19238564,489,90.8,"ranch",19.238564,19238.564,"10-20Mb"
"280","E24M-1",3,6649318,13246104,6596787,473,87.2,"ranch",6.596787,6596.787,"6-8Mb"
"281","E24M-1",4,21798663,25804022,4005360,123,53.9,"ranch",4.00536,4005.36,"4-6Mb"
"282","E24M-1",1,173790940,176936646,3145707,131,58,"ranch",3.145707,3145.707,"2-4Mb"
"283","E24M-1",17,43040407,44201274,1160868,69,45.4,"ranch",1.160868,1160.868,"1-2Mb"
"284","E24M-1",11,102744252,111676902,8932651,402,85.4,"ranch",8.932651,8932.651,"8-10MB"
"285","E24M-1",1,240077991,241417019,1339029,154,83.5,"ranch",1.339029,1339.029,"1-2Mb"
"286","E24M-1",10,108166227,118984003,10817777,266,81.3,"ranch",10.817777,10817.777,"10-20Mb"
"287","E24M-1",7,135970205,139173751,3203547,248,78.4,"ranch",3.203547,3203.547,"2-4Mb"
"288","E24M-1",4,183315142,187221411,3906270,153,67.8,"ranch",3.90627,3906.27,"2-4Mb"
"289","E24M-1",4,199941025,203024906,3083882,171,66.5,"ranch",3.083882,3083.882,"2-4Mb"
"290","E24M-1",1,22363695,26637850,4274156,200,50.9,"ranch",4.274156,4274.156,"4-6Mb"
"291","E24M-1",3,92280872,102295473,10014602,291,78.6,"ranch",10.014602,10014.602,"10-20Mb"
"292","E24M-1",11,1648486,2859452,1210967,149,60.8,"ranch",1.210967,1210.967,"1-2Mb"
"293","E24M-1",5,1230013,4921796,3691784,182,64.3,"ranch",3.691784,3691.784,"2-4Mb"
"294","E24M-1",5,128389883,138139439,9749557,425,85.6,"ranch",9.749557,9749.557,"8-10MB"
"295","E24M-1",10,48436126,56099732,7663607,192,51.3,"ranch",7.663607,7663.607,"6-8Mb"
"296","E24M-1",10,3000600,4078016,1077417,102,57.2,"ranch",1.077417,1077.417,"1-2Mb"
"297","E24M-1",3,75129781,84658553,9528773,224,75.5,"ranch",9.528773,9528.773,"8-10MB"
"298","E24M-1",10,11930819,22555653,10624835,197,45.1,"ranch",10.624835,10624.835,"10-20Mb"
"299","E24M-1",1,151446,2519190,2367745,116,41.7,"ranch",2.367745,2367.745,"2-4Mb"
"300","E24M-1",2,169097854,170746123,1648270,129,83.5,"ranch",1.64827,1648.27,"1-2Mb"
"301","E24M-1",1,3698570,7003968,3305399,292,72.7,"ranch",3.305399,3305.399,"2-4Mb"
"302","E25F-1",7,135970205,139190532,3220328,232,76.2,"ranch",3.220328,3220.328,"2-4Mb"
"303","E25F-1",8,103778839,118880749,15101911,269,65.5,"ranch",15.101911,15101.911,"10-20Mb"
"304","E25F-1",7,43909003,63690430,19781428,445,86.2,"ranch",19.781428,19781.428,"10-20Mb"
"305","E25F-1",14,4203663,6526027,2322365,229,71.9,"ranch",2.322365,2322.365,"2-4Mb"
"306","E25F-1",7,26319789,41472588,15152800,264,72.2,"ranch",15.1528,15152.8,"10-20Mb"
"307","E25F-1",16,47429547,51739707,4310161,127,43.6,"ranch",4.310161,4310.161,"4-6Mb"
"308","E25F-1",13,88631265,93360977,4729713,234,77.8,"ranch",4.729713,4729.713,"4-6Mb"
"309","E25F-1",13,16717065,40128811,23411747,623,85,"ranch",23.411747,23411.747,"20Mb-30Mb"
"310","E25F-1",8,27690474,33652511,5962038,196,73.4,"ranch",5.962038,5962.038,"4-6Mb"
"311","E25F-1",12,77133382,79288981,2155600,98,46.2,"ranch",2.1556,2155.6,"2-4Mb"
"312","E25F-1",8,68863239,74219443,5356205,180,55.6,"ranch",5.356205,5356.205,"4-6Mb"
"313","E25F-1",8,17711166,19227057,1515892,118,39.8,"ranch",1.515892,1515.892,"1-2Mb"
"314","E25F-1",5,86467499,105211557,18744059,399,79.2,"ranch",18.744059,18744.059,"10-20Mb"
"315","E25F-1",14,13771812,22356154,8584343,363,82.8,"ranch",8.584343,8584.343,"8-10MB"
"316","E25F-1",14,28382214,40574460,12192247,222,64,"ranch",12.192247,12192.247,"10-20Mb"
"317","E25F-1",5,18372142,42189036,23816895,696,85.3,"ranch",23.816895,23816.895,"20Mb-30Mb"
"318","E25F-1",4,186002401,195279992,9277592,230,48.9,"ranch",9.277592,9277.592,"8-10MB"
"319","E25F-1",7,18639773,20057358,1417586,92,67.1,"ranch",1.417586,1417.586,"1-2Mb"
"320","E25F-1",15,8874131,10455381,1581251,55,56.4,"ranch",1.581251,1581.251,"1-2Mb"
"321","E25F-1",4,166340416,172644303,6303888,230,72.2,"ranch",6.303888,6303.888,"6-8Mb"
"322","E25F-1",2,41399854,58962861,17563008,405,81.4,"ranch",17.563008,17563.008,"10-20Mb"
"323","E25F-1",2,166657461,167672704,1015244,91,37.6,"ranch",1.015244,1015.244,"1-2Mb"
"324","E25F-1",3,14967047,19457633,4490587,161,56.3,"ranch",4.490587,4490.587,"4-6Mb"
"325","E25F-1",10,94290388,107744547,13454160,276,76.5,"ranch",13.45416,13454.16,"10-20Mb"
"326","E25F-1",1,151446,3520617,3369172,167,80.8,"ranch",3.369172,3369.172,"2-4Mb"
"327","E25F-1",8,212585572,216545507,3959936,104,43.7,"ranch",3.959936,3959.936,"2-4Mb"
"328","E25F-1",17,41760558,43462922,1702365,144,57.9,"ranch",1.702365,1702.365,"1-2Mb"
"329","E25F-1",5,152165200,153644540,1479341,159,72.4,"ranch",1.479341,1479.341,"1-2Mb"
"330","E25F-1",4,6870996,14059126,7188131,252,73.4,"ranch",7.188131,7188.131,"6-8Mb"
"331","E25F-1",14,61558932,77237477,15678546,352,79.9,"ranch",15.678546,15678.546,"10-20Mb"
"332","E25F-1",14,89777360,92091516,2314157,163,63.4,"ranch",2.314157,2314.157,"2-4Mb"
"333","E25F-1",12,48954034,54590648,5636615,167,75.7,"ranch",5.636615,5636.615,"4-6Mb"
"334","E25F-1",7,140604572,142352736,1748165,98,62.8,"ranch",1.748165,1748.165,"1-2Mb"
"335","E25F-1",2,1556741,2995291,1438551,125,61.4,"ranch",1.438551,1438.551,"1-2Mb"
"336","E25F-1",12,14624456,18296435,3671980,327,83.3,"ranch",3.67198,3671.98,"2-4Mb"
"337","E25F-1",1,18820348,59883708,41063361,1171,93.4,"ranch",41.063361,41063.361,"40Mb-50Mb"
"338","E25F-1",10,78559707,88106820,9547114,451,88.5,"ranch",9.547114,9547.114,"8-10MB"
"339","E25F-1",11,20488244,25814938,5326695,237,72.8,"ranch",5.326695,5326.695,"4-6Mb"
"340","E25F-1",11,91303561,102695540,11391980,365,83,"ranch",11.39198,11391.98,"10-20Mb"
"341","E25F-1",4,139037240,147355459,8318220,276,77,"ranch",8.31822,8318.22,"8-10MB"
"342","E25F-1",5,135073181,136586731,1513551,90,38.7,"ranch",1.513551,1513.551,"1-2Mb"
"343","E25F-1",1,200288045,205273418,4985374,141,52.8,"ranch",4.985374,4985.374,"4-6Mb"
"344","E25F-1",4,127450599,134221760,6771162,177,64,"ranch",6.771162,6771.162,"6-8Mb"
"345","E25F-1",15,60628596,61884346,1255751,123,54.2,"ranch",1.255751,1255.751,"1-2Mb"
"346","E25F-1",10,27690616,34172304,6481689,174,70.3,"ranch",6.481689,6481.689,"6-8Mb"
"347","E25F-1",2,17053,1048622,1031570,66,32.9,"ranch",1.03157,1031.57,"1-2Mb"
"348","E25F-1",4,203383968,207193806,3809839,236,84.1,"ranch",3.809839,3809.839,"2-4Mb"
"349","E25F-1",12,89435092,90739226,1304135,130,78.9,"ranch",1.304135,1304.135,"1-2Mb"
"350","E25F-1",9,122827827,138196454,15368628,367,93,"ranch",15.368628,15368.628,"10-20Mb"
"351","E25F-1",1,179956911,181972568,2015658,93,31.1,"ranch",2.015658,2015.658,"2-4Mb"
"352","E25F-1",10,3138635,8957970,5819336,482,90.2,"ranch",5.819336,5819.336,"4-6Mb"
"353","E25F-1",1,223071897,227204930,4133034,153,54.1,"ranch",4.133034,4133.034,"4-6Mb"
"354","E27M-1",13,54780113,56917876,2137764,79,33,"ranch",2.137764,2137.764,"2-4Mb"
"355","E27M-1",2,96604008,116713692,20109685,389,89.6,"ranch",20.109685,20109.685,"20Mb-30Mb"
"356","E27M-1",3,5776725,12401927,6625203,416,88.5,"ranch",6.625203,6625.203,"6-8Mb"
"357","E27M-1",13,71301803,78621546,7319744,339,81.8,"ranch",7.319744,7319.744,"6-8Mb"
"358","E27M-1",16,19194,2116934,2097741,86,39.9,"ranch",2.097741,2097.741,"2-4Mb"
"359","E27M-1",14,4365322,6898662,2533341,221,75.9,"ranch",2.533341,2533.341,"2-4Mb"
"360","E27M-1",17,30713919,36311811,5597893,474,86.7,"ranch",5.597893,5597.893,"4-6Mb"
"361","E27M-1",7,67749465,88252238,20502774,439,94.1,"ranch",20.502774,20502.774,"20Mb-30Mb"
"362","E27M-1",8,126203150,142594442,16391293,223,81.7,"ranch",16.391293,16391.293,"10-20Mb"
"363","E27M-1",4,2025264,3274378,1249115,82,34.3,"ranch",1.249115,1249.115,"1-2Mb"
"364","E27M-1",4,130711769,140535963,9824195,267,81.7,"ranch",9.824195,9824.195,"8-10MB"
"365","E27M-1",4,188016412,199817140,11800729,242,45.7,"ranch",11.800729,11800.729,"10-20Mb"
"366","E27M-1",13,82932776,86737604,3804829,101,58,"ranch",3.804829,3804.829,"2-4Mb"
"367","E27M-1",8,99604459,119318417,19713959,341,70.5,"ranch",19.713959,19713.959,"10-20Mb"
"368","E27M-1",10,145285126,148094871,2809746,147,59.5,"ranch",2.809746,2809.746,"2-4Mb"
"369","E27M-1",17,4545215,6180161,1634947,94,38.4,"ranch",1.634947,1634.947,"1-2Mb"
"370","E27M-1",6,141559773,144209050,2649278,169,71.2,"ranch",2.649278,2649.278,"2-4Mb"
"371","E27M-1",5,91966920,107790286,15823367,352,76.5,"ranch",15.823367,15823.367,"10-20Mb"
"372","E27M-1",17,36784239,42510372,5726134,300,80.8,"ranch",5.726134,5726.134,"4-6Mb"
"373","E27M-1",6,64668473,65776852,1108380,48,40.6,"ranch",1.10838,1108.38,"1-2Mb"
"374","E27M-1",10,149062012,154646075,5584064,257,91.4,"ranch",5.584064,5584.064,"4-6Mb"
"375","E27M-1",10,81466266,104715918,23249653,522,90.3,"ranch",23.249653,23249.653,"20Mb-30Mb"
"376","E27M-1",8,81062361,95286917,14224557,286,70.6,"ranch",14.224557,14224.557,"10-20Mb"
"377","E27M-1",12,34548971,41429587,6880617,270,76.2,"ranch",6.880617,6880.617,"6-8Mb"
"378","E27M-1",1,210114192,213084314,2970123,106,36,"ranch",2.970123,2970.123,"2-4Mb"
"379","E27M-1",9,1732615,3667033,1934419,211,74.1,"ranch",1.934419,1934.419,"1-2Mb"
"380","E27M-1",8,191769588,201357853,9588266,181,68.6,"ranch",9.588266,9588.266,"8-10MB"
"381","E28F-1",7,23297091,43612661,20315571,389,71.2,"ranch",20.315571,20315.571,"20Mb-30Mb"
"382","E28F-1",3,1278299,2514085,1235787,92,41.5,"ranch",1.235787,1235.787,"1-2Mb"
"383","E28F-1",3,22520500,29054869,6534370,248,73.4,"ranch",6.53437,6534.37,"6-8Mb"
"384","E28F-1",2,127161093,152980235,25819143,456,72.7,"ranch",25.819143,25819.143,"20Mb-30Mb"
"385","E28F-1",7,136510621,138122496,1611876,125,67.3,"ranch",1.611876,1611.876,"1-2Mb"
"386","E28F-1",13,79789892,83603899,3814008,174,60.7,"ranch",3.814008,3814.008,"2-4Mb"
"387","E28F-1",7,18639773,20863834,2224062,113,55.7,"ranch",2.224062,2224.062,"2-4Mb"
"388","E28F-1",5,138999149,151668715,12669567,749,89.3,"ranch",12.669567,12669.567,"10-20Mb"
"389","E28F-1",13,8448870,11993206,3544337,146,63.6,"ranch",3.544337,3544.337,"2-4Mb"
"390","E28F-1",14,9756686,12688982,2932297,178,75.4,"ranch",2.932297,2932.297,"2-4Mb"
"391","E28F-1",4,475082,3359082,2884001,151,77.2,"ranch",2.884001,2884.001,"2-4Mb"
"392","E28F-1",15,125105,1193643,1068539,122,78.9,"ranch",1.068539,1068.539,"1-2Mb"
"393","E28F-1",4,8381397,12860788,4479392,131,38.2,"ranch",4.479392,4479.392,"4-6Mb"
"394","E28F-1",13,17828471,40421092,22592622,590,77.3,"ranch",22.592622,22592.622,"20Mb-30Mb"
"395","E28F-1",17,40174717,42359319,2184603,141,30.6,"ranch",2.184603,2184.603,"2-4Mb"
"396","E28F-1",10,35627962,53407293,17779332,560,86.9,"ranch",17.779332,17779.332,"10-20Mb"
"397","E28F-1",5,36658408,44713668,8055261,293,85.7,"ranch",8.055261,8055.261,"8-10MB"
"398","E28F-1",13,91563145,96521188,4958044,303,85,"ranch",4.958044,4958.044,"4-6Mb"
"399","E28F-1",2,17053,2089992,2072940,143,67.1,"ranch",2.07294,2072.94,"2-4Mb"
"400","E28F-1",5,84770587,103489784,18719198,377,77.9,"ranch",18.719198,18719.198,"10-20Mb"
"401","E28F-1",8,22507533,28652281,6144749,204,51.4,"ranch",6.144749,6144.749,"6-8Mb"
"402","E28F-1",6,5831012,13369591,7538580,359,81,"ranch",7.53858,7538.58,"6-8Mb"
"403","E28F-1",17,12358894,24954987,12596094,442,82.5,"ranch",12.596094,12596.094,"10-20Mb"
"404","E28F-1",8,202746783,207107764,4360982,196,66.7,"ranch",4.360982,4360.982,"4-6Mb"
"405","E28F-1",16,4191786,8747948,4556163,200,66.2,"ranch",4.556163,4556.163,"4-6Mb"
"406","E28F-1",11,98687005,108943070,10256066,392,82.2,"ranch",10.256066,10256.066,"10-20Mb"
"407","E28F-1",6,14988785,17965521,2976737,155,48.1,"ranch",2.976737,2976.737,"2-4Mb"
"408","E28F-1",12,4273654,6445425,2171772,149,67.6,"ranch",2.171772,2171.772,"2-4Mb"
"409","E28F-1",8,69111,1829305,1760195,115,35.1,"ranch",1.760195,1760.195,"1-2Mb"
"410","E28F-1",12,82115900,84892103,2776204,160,67.4,"ranch",2.776204,2776.204,"2-4Mb"
"411","E28F-1",11,13888976,20129934,6240959,368,82.3,"ranch",6.240959,6240.959,"6-8Mb"
"412","E28F-1",1,1831715,4055302,2223588,166,54.9,"ranch",2.223588,2223.588,"2-4Mb"
"413","E28F-1",1,218560316,234566133,16005818,761,86.2,"ranch",16.005818,16005.818,"10-20Mb"
"414","E28F-1",8,93141564,102928190,9786627,248,59.3,"ranch",9.786627,9786.627,"8-10MB"
"415","E28F-1",2,155422560,167620744,12198185,666,91.3,"ranch",12.198185,12198.185,"10-20Mb"
"416","E28F-1",9,124478792,133038529,8559738,155,68.3,"ranch",8.559738,8559.738,"8-10MB"
"417","E29M-1",7,27950,1372577,1344628,52,52.8,"refuge",1.344628,1344.628,"1-2Mb"
"418","E29M-1",4,410896,3532560,3121665,176,79.1,"refuge",3.121665,3121.665,"2-4Mb"
"419","E29M-1",14,91351607,93330997,1979391,195,80.5,"refuge",1.979391,1979.391,"1-2Mb"
"420","E29M-1",17,19616498,23586945,3970448,218,74,"refuge",3.970448,3970.448,"2-4Mb"
"421","E29M-1",8,202746783,207107764,4360982,209,69.2,"refuge",4.360982,4360.982,"4-6Mb"
"422","E29M-1",6,15350485,17954016,2603532,145,51.1,"refuge",2.603532,2603.532,"2-4Mb"
"423","E29M-1",6,67693646,83781969,16088324,420,83.5,"refuge",16.088324,16088.324,"10-20Mb"
"424","E29M-1",4,202655948,207193806,4537859,318,86.5,"refuge",4.537859,4537.859,"4-6Mb"
"425","E29M-1",6,144424703,146922136,2497434,168,74.8,"refuge",2.497434,2497.434,"2-4Mb"
"426","E29M-1",2,127161093,152980235,25819143,511,76.2,"refuge",25.819143,25819.143,"20Mb-30Mb"
"427","E29M-1",5,153209482,154885742,1676261,108,76.6,"refuge",1.676261,1676.261,"1-2Mb"
"428","E29M-1",5,84669161,103508337,18839177,406,77,"refuge",18.839177,18839.177,"10-20Mb"
"429","E29M-1",17,3557785,12248870,8691086,564,88.9,"refuge",8.691086,8691.086,"8-10MB"
"430","E29M-1",6,7197378,13420743,6223366,295,78.1,"refuge",6.223366,6223.366,"6-8Mb"
"431","E29M-1",8,69111,1829305,1760195,125,40.3,"refuge",1.760195,1760.195,"1-2Mb"
"432","E29M-1",8,17951103,25058461,7107359,333,82.1,"refuge",7.107359,7107.359,"6-8Mb"
"433","E29M-1",15,49913473,51604518,1691046,84,64.9,"refuge",1.691046,1691.046,"1-2Mb"
"434","E29M-1",1,219121394,234823738,15702345,797,90.3,"refuge",15.702345,15702.345,"10-20Mb"
"435","E29M-1",4,8277178,13605723,5328546,175,54.9,"refuge",5.328546,5328.546,"4-6Mb"
"436","E29M-1",4,33980133,54451110,20470978,540,88.9,"refuge",20.470978,20470.978,"20Mb-30Mb"
"437","E29M-1",10,6140980,11001702,4860723,402,86.5,"refuge",4.860723,4860.723,"4-6Mb"
"438","E29M-1",10,86074093,95681570,9607478,276,82.8,"refuge",9.607478,9607.478,"8-10MB"
"439","E29M-1",14,5168357,9037461,3869105,259,70.5,"refuge",3.869105,3869.105,"2-4Mb"
"440","E29M-1",13,26413461,40389700,13976240,367,66.2,"refuge",13.97624,13976.24,"10-20Mb"
"441","E29M-1",13,70187747,71778118,1590372,136,48.6,"refuge",1.590372,1590.372,"1-2Mb"
"442","E29M-1",5,122897800,127415056,4517257,233,76.5,"refuge",4.517257,4517.257,"4-6Mb"
"443","E29M-1",13,92794491,96521188,3726698,267,80.2,"refuge",3.726698,3726.698,"2-4Mb"
"444","E29M-1",13,3077907,4214215,1136309,120,56.2,"refuge",1.136309,1136.309,"1-2Mb"
"445","E29M-1",15,4968634,10582970,5614337,258,74.8,"refuge",5.614337,5614.337,"4-6Mb"
"446","E29M-1",1,34668233,48350903,13682671,374,83.5,"refuge",13.682671,13682.671,"10-20Mb"
"447","E29M-1",1,123566315,133537535,9971221,337,83.8,"refuge",9.971221,9971.221,"8-10MB"
"448","E29M-1",11,71829027,103480474,31651448,930,90.1,"refuge",31.651448,31651.448,"30Mb-40Mb"
"449","E29M-1",9,32581529,41698971,9117443,214,64.4,"refuge",9.117443,9117.443,"8-10MB"
"450","E29M-1",16,4191786,8747948,4556163,210,67.5,"refuge",4.556163,4556.163,"4-6Mb"
"451","E29M-1",10,35259985,53407293,18147309,596,86.4,"refuge",18.147309,18147.309,"10-20Mb"
"452","E29M-1",9,12304061,13797175,1493115,111,63.2,"refuge",1.493115,1493.115,"1-2Mb"
"453","E29M-1",9,146968518,159366963,12398446,590,92.7,"refuge",12.398446,12398.446,"10-20Mb"
"454","E29M-1",13,86338517,90733807,4395291,170,52.1,"refuge",4.395291,4395.291,"4-6Mb"
"455","E29M-1",3,135948736,140503835,4555100,261,84.5,"refuge",4.5551,4555.1,"4-6Mb"
"456","E29M-1",12,29714973,40554268,10839296,441,81.4,"refuge",10.839296,10839.296,"10-20Mb"
"457","E29M-1",3,21955132,29054869,7099738,303,73.8,"refuge",7.099738,7099.738,"6-8Mb"
"458","E29M-1",12,72235062,76787105,4552044,185,67.2,"refuge",4.552044,4552.044,"4-6Mb"
"459","E29M-1",2,166597383,168032823,1435441,153,58,"refuge",1.435441,1435.441,"1-2Mb"
"460","E30M-1",5,152126794,153420282,1293489,153,59.5,"ranch",1.293489,1293.489,"1-2Mb"
"461","E30M-1",7,79288600,94468616,15180017,302,83.9,"ranch",15.180017,15180.017,"10-20Mb"
"462","E30M-1",14,48165660,72533828,24368169,564,88.8,"ranch",24.368169,24368.169,"20Mb-30Mb"
"463","E30M-1",7,137241191,140308304,3067114,258,82.3,"ranch",3.067114,3067.114,"2-4Mb"
"464","E30M-1",17,42570980,44201274,1630295,119,70,"ranch",1.630295,1630.295,"1-2Mb"
"465","E30M-1",7,8965077,12445061,3479985,132,66.1,"ranch",3.479985,3479.985,"2-4Mb"
"466","E30M-1",5,111276303,116214789,4938487,157,62.5,"ranch",4.938487,4938.487,"4-6Mb"
"467","E30M-1",8,5665063,6684545,1019483,93,33.2,"ranch",1.019483,1019.483,"1-2Mb"
"468","E30M-1",10,8889082,10929851,2040770,151,68.7,"ranch",2.04077,2040.77,"2-4Mb"
"469","E30M-1",15,57903590,59542590,1639001,109,54.9,"ranch",1.639001,1639.001,"1-2Mb"
"470","E30M-1",13,14050348,17881311,3830964,173,65.7,"ranch",3.830964,3830.964,"2-4Mb"
"471","E30M-1",7,27950,2294286,2266337,132,53.4,"ranch",2.266337,2266.337,"2-4Mb"
"472","E30M-1",9,95952098,109282645,13330548,260,75.7,"ranch",13.330548,13330.548,"10-20Mb"
"473","E30M-1",5,76716843,84453118,7736276,143,58.1,"ranch",7.736276,7736.276,"6-8Mb"
"474","E30M-1",15,42153818,51181439,9027622,167,63.8,"ranch",9.027622,9027.622,"8-10MB"
"475","E30M-1",17,14316,3941325,3927010,361,91.2,"ranch",3.92701,3927.01,"2-4Mb"
"476","E30M-1",10,93424,2252190,2158767,118,59.1,"ranch",2.158767,2158.767,"2-4Mb"
"477","E30M-1",8,69111,1829305,1760195,117,33.4,"ranch",1.760195,1760.195,"1-2Mb"
"478","E30M-1",3,132944524,136719897,3775374,252,79.2,"ranch",3.775374,3775.374,"2-4Mb"
"479","E30M-1",1,120909280,139851201,18941922,573,86.4,"ranch",18.941922,18941.922,"10-20Mb"
"480","E30M-1",5,16114345,23090530,6976186,317,77.6,"ranch",6.976186,6976.186,"6-8Mb"
"481","E30M-1",2,73341441,107796736,34455296,927,94,"ranch",34.455296,34455.296,"30Mb-40Mb"
"482","E30M-1",12,8343508,17858089,9514582,479,88.2,"ranch",9.514582,9514.582,"8-10MB"
"483","E30M-1",2,151793655,157851912,6058258,249,67.3,"ranch",6.058258,6058.258,"6-8Mb"
"484","E30M-1",12,84724808,89039664,4314857,285,74.3,"ranch",4.314857,4314.857,"4-6Mb"
"485","E30M-1",4,3467555,14259064,10791510,411,83.6,"ranch",10.79151,10791.51,"10-20Mb"
"486","E30M-1",12,79409985,81032280,1622296,97,57,"ranch",1.622296,1622.296,"1-2Mb"
"487","E30M-1",9,154713743,156289517,1575775,113,49.3,"ranch",1.575775,1575.775,"1-2Mb"
"488","E30M-1",8,188770218,199617268,10847051,231,58.6,"ranch",10.847051,10847.051,"10-20Mb"
"489","E30M-1",2,168549446,170746123,2196678,163,81,"ranch",2.196678,2196.678,"2-4Mb"
"490","E30M-1",1,191554569,196791593,5237025,317,85.6,"ranch",5.237025,5237.025,"4-6Mb"
"491","E30M-1",3,14967047,19824933,4857887,189,70.2,"ranch",4.857887,4857.887,"4-6Mb"
"492","E30M-1",16,19194,1390486,1371293,59,49,"ranch",1.371293,1371.293,"1-2Mb"
"493","E30M-1",3,8933315,12094052,3160738,247,79.8,"ranch",3.160738,3160.738,"2-4Mb"
"494","E30M-1",2,64865598,67594609,2729012,178,70.1,"ranch",2.729012,2729.012,"2-4Mb"
"495","E30M-1",11,103052788,109249584,6196797,280,75.7,"ranch",6.196797,6196.797,"6-8Mb"
"496","E30M-1",8,101843790,110975599,9131810,123,38.8,"ranch",9.13181,9131.81,"8-10MB"
"497","E30M-1",8,22745895,27470110,4724216,148,49.7,"ranch",4.724216,4724.216,"4-6Mb"
"498","E30M-1",2,35542184,47774677,12232494,341,81.3,"ranch",12.232494,12232.494,"10-20Mb"
"499","E30M-1",8,155639698,170646022,15006325,279,58.6,"ranch",15.006325,15006.325,"10-20Mb"
"500","E30M-1",12,22688599,28844443,6155845,170,61.9,"ranch",6.155845,6155.845,"6-8Mb"
"501","E30M-1",3,60093,2075954,2015862,122,59.7,"ranch",2.015862,2015.862,"2-4Mb"
"502","E31M-2",5,123736705,126441675,2704971,129,72.1,"ranch",2.704971,2704.971,"2-4Mb"
"503","E31M-2",14,82956295,89218734,6262440,203,79.3,"ranch",6.26244,6262.44,"6-8Mb"
"504","E31M-2",3,44171040,58672424,14501385,436,86.1,"ranch",14.501385,14501.385,"10-20Mb"
"505","E31M-2",3,105366461,122374174,17007714,436,91.6,"ranch",17.007714,17007.714,"10-20Mb"
"506","E31M-2",13,68642573,69659546,1016974,78,38.4,"ranch",1.016974,1016.974,"1-2Mb"
"507","E31M-2",5,77961220,84508066,6546847,125,70.1,"ranch",6.546847,6546.847,"6-8Mb"
"508","E31M-2",6,112044440,121653033,9608594,381,86.9,"ranch",9.608594,9608.594,"8-10MB"
"509","E31M-2",6,134570011,138856316,4286306,242,74.2,"ranch",4.286306,4286.306,"4-6Mb"
"510","E31M-2",14,54686989,69772339,15085351,357,78.1,"ranch",15.085351,15085.351,"10-20Mb"
"511","E31M-2",13,82944346,87416293,4471948,136,69.2,"ranch",4.471948,4471.948,"4-6Mb"
"512","E31M-2",7,135970205,139173751,3203547,254,74.7,"ranch",3.203547,3203.547,"2-4Mb"
"513","E31M-2",7,140604572,142357735,1753164,106,58.2,"ranch",1.753164,1753.164,"1-2Mb"
"514","E31M-2",15,1172947,2379379,1206433,134,62.2,"ranch",1.206433,1206.433,"1-2Mb"
"515","E31M-2",3,138078414,140503835,2425422,146,74.1,"ranch",2.425422,2425.422,"2-4Mb"
"516","E31M-2",5,38812997,41041324,2228328,80,46.1,"ranch",2.228328,2228.328,"2-4Mb"
"517","E31M-2",17,36814124,41722445,4908322,276,81.8,"ranch",4.908322,4908.322,"4-6Mb"
"518","E31M-2",5,105278784,113525005,8246222,242,59,"ranch",8.246222,8246.222,"8-10MB"
"519","E31M-2",9,21552152,32297544,10745393,290,73.8,"ranch",10.745393,10745.393,"10-20Mb"
"520","E31M-2",9,94651358,104510857,9859500,230,68.7,"ranch",9.8595,9859.5,"8-10MB"
"521","E31M-2",3,26966230,35355347,8389118,379,83,"ranch",8.389118,8389.118,"8-10MB"
"522","E31M-2",8,211264479,217905133,6640655,235,54.6,"ranch",6.640655,6640.655,"6-8Mb"
"523","E31M-2",8,220154563,221591093,1436531,133,66.8,"ranch",1.436531,1436.531,"1-2Mb"
"524","E31M-2",7,122964509,131403957,8439449,340,86.5,"ranch",8.439449,8439.449,"8-10MB"
"525","E31M-2",5,2278024,4921796,2643773,136,51,"ranch",2.643773,2643.773,"2-4Mb"
"526","E31M-2",4,199390702,203296300,3905599,191,63.7,"ranch",3.905599,3905.599,"2-4Mb"
"527","E31M-2",17,14316,3536330,3522015,331,86.9,"ranch",3.522015,3522.015,"2-4Mb"
"528","E31M-2",3,130651707,134396271,3744565,310,82,"ranch",3.744565,3744.565,"2-4Mb"
"529","E31M-2",12,41413605,42518410,1104806,119,48.9,"ranch",1.104806,1104.806,"1-2Mb"
"530","E31M-2",3,60093,6191475,6131383,466,91,"ranch",6.131383,6131.383,"6-8Mb"
"531","E31M-2",16,58970284,61351041,2380758,244,69.2,"ranch",2.380758,2380.758,"2-4Mb"
"532","E31M-2",9,50927,4702542,4651616,489,92.1,"ranch",4.651616,4651.616,"4-6Mb"
"533","E31M-2",3,6649318,12401927,5752610,409,86.2,"ranch",5.75261,5752.61,"4-6Mb"
"534","E31M-2",14,12850359,17520447,4670089,179,68.1,"ranch",4.670089,4670.089,"4-6Mb"
"535","E31M-2",8,191092646,201850018,10757373,245,48.8,"ranch",10.757373,10757.373,"10-20Mb"
"536","E31M-2",4,97665448,121987336,24321889,728,93.4,"ranch",24.321889,24321.889,"20Mb-30Mb"
"537","E31M-2",4,138500094,156750305,18250212,505,91.1,"ranch",18.250212,18250.212,"10-20Mb"
"538","E31M-2",8,1778002,3554180,1776179,206,76.1,"ranch",1.776179,1776.179,"1-2Mb"
"539","E31M-2",4,185147061,194090758,8943698,235,61.6,"ranch",8.943698,8943.698,"8-10MB"
"540","E31M-2",13,16664809,40128811,23464003,675,87,"ranch",23.464003,23464.003,"20Mb-30Mb"
"541","E31M-2",7,50743054,72462609,21719556,509,87.7,"ranch",21.719556,21719.556,"20Mb-30Mb"
"542","E31M-2",10,95508972,107744547,12235576,268,77.4,"ranch",12.235576,12235.576,"10-20Mb"
"543","E31M-2",4,2025264,3274378,1249115,89,43.8,"ranch",1.249115,1249.115,"1-2Mb"
"544","E31M-2",1,151446,5493682,5342237,334,86.5,"ranch",5.342237,5342.237,"4-6Mb"
"545","E31M-2",8,103778839,119612360,15833522,315,74.8,"ranch",15.833522,15833.522,"10-20Mb"
"546","E31M-2",16,57095567,58042436,946870,143,45.9,"ranch",0.94687,946.87,"<1Mb"
"547","E31M-2",16,19194,1976394,1957201,103,74.3,"ranch",1.957201,1957.201,"1-2Mb"
"548","E31M-2",8,74065725,97191057,23125333,518,89.9,"ranch",23.125333,23125.333,"20Mb-30Mb"
"549","E31M-2",2,101569811,108154692,6584882,129,70.8,"ranch",6.584882,6584.882,"6-8Mb"
"550","E31M-2",4,21807128,31732294,9925167,353,87.1,"ranch",9.925167,9925.167,"8-10MB"
"551","E31M-2",4,65365306,81451466,16086161,447,84.7,"ranch",16.086161,16086.161,"10-20Mb"
"552","E31M-2",13,4000702,12047325,8046624,523,83.8,"ranch",8.046624,8046.624,"8-10MB"
"553","E31M-2",11,83321948,103856638,20534691,682,91.2,"ranch",20.534691,20534.691,"20Mb-30Mb"
"554","E31M-2",1,226824685,233797483,6972799,439,86.7,"ranch",6.972799,6972.799,"6-8Mb"
"555","E31M-2",11,29594760,46279186,16684427,305,77,"ranch",16.684427,16684.427,"10-20Mb"
"556","E31M-2",2,28863548,38780496,9916949,302,75.1,"ranch",9.916949,9916.949,"8-10MB"
"557","E31M-2",13,90665537,93360977,2695441,150,49.4,"ranch",2.695441,2695.441,"2-4Mb"
"558","E31M-2",1,96702566,100881597,4179032,137,32.9,"ranch",4.179032,4179.032,"4-6Mb"
"559","E31M-2",1,18439363,26637850,8198488,376,83.6,"ranch",8.198488,8198.488,"8-10MB"
"560","E32M-1",17,25067424,37944918,12877495,892,95.1,"refuge",12.877495,12877.495,"10-20Mb"
"561","E32M-1",4,203113587,204441580,1327994,110,68,"refuge",1.327994,1327.994,"1-2Mb"
"562","E32M-1",8,69111,1829305,1760195,120,33.3,"refuge",1.760195,1760.195,"1-2Mb"
"563","E32M-1",5,1478601,3567307,2088707,91,52.7,"refuge",2.088707,2088.707,"2-4Mb"
"564","E32M-1",14,57044809,75376758,18331950,423,82.8,"refuge",18.33195,18331.95,"10-20Mb"
"565","E32M-1",4,6870996,18606110,11735115,527,89.2,"refuge",11.735115,11735.115,"10-20Mb"
"566","E32M-1",8,202746783,207012941,4266159,199,62.8,"refuge",4.266159,4266.159,"4-6Mb"
"567","E32M-1",8,179829312,199617268,19787957,341,74.5,"refuge",19.787957,19787.957,"10-20Mb"
"568","E32M-1",16,57095567,58042436,946870,132,38.6,"refuge",0.94687,946.87,"<1Mb"
"569","E32M-1",6,46083691,54924176,8840486,217,81.6,"refuge",8.840486,8840.486,"8-10MB"
"570","E32M-1",3,137473483,140503835,3030353,168,86.1,"refuge",3.030353,3030.353,"2-4Mb"
"571","E32M-1",5,91692041,103508337,11816297,239,66.3,"refuge",11.816297,11816.297,"10-20Mb"
"572","E32M-1",4,128376947,132316552,3939606,102,61,"refuge",3.939606,3939.606,"2-4Mb"
"573","E32M-1",6,136726157,139346816,2620660,172,59.2,"refuge",2.62066,2620.66,"2-4Mb"
"574","E32M-1",4,195375461,202105963,6730503,223,57,"refuge",6.730503,6730.503,"6-8Mb"
"575","E32M-1",7,23297091,43685748,20388658,397,67.1,"refuge",20.388658,20388.658,"20Mb-30Mb"
"576","E32M-1",1,232618221,234823738,2205518,163,64.1,"refuge",2.205518,2205.518,"2-4Mb"
"577","E32M-1",2,73190084,107796736,34606653,900,93.7,"refuge",34.606653,34606.653,"30Mb-40Mb"
"578","E32M-1",8,5622714,6684545,1061832,99,31.1,"refuge",1.061832,1061.832,"1-2Mb"
"579","E32M-1",3,2524340,4507101,1982762,159,60.6,"refuge",1.982762,1982.762,"1-2Mb"
"580","E32M-1",3,128157779,129152005,994227,124,68.2,"refuge",0.994227,994.227,"<1Mb"
"581","E32M-1",16,19194,1624926,1605733,78,65.5,"refuge",1.605733,1605.733,"1-2Mb"
"582","E32M-1",2,64865598,67594609,2729012,171,69.6,"refuge",2.729012,2729.012,"2-4Mb"
"583","E32M-1",15,8452893,10686527,2233635,91,42.5,"refuge",2.233635,2233.635,"2-4Mb"
"584","E32M-1",15,59938276,62789706,2851431,259,70.2,"refuge",2.851431,2851.431,"2-4Mb"
"585","E32M-1",14,28257615,46129776,17872162,367,86.3,"refuge",17.872162,17872.162,"10-20Mb"
"586","E32M-1",13,51214443,68547841,17333399,531,88.5,"refuge",17.333399,17333.399,"10-20Mb"
"587","E32M-1",13,92956891,96521188,3564298,250,77.9,"refuge",3.564298,3564.298,"2-4Mb"
"588","E32M-1",1,102624525,120730378,18105854,541,87.2,"refuge",18.105854,18105.854,"10-20Mb"
"589","E32M-1",9,133086568,147234503,14147936,438,80.7,"refuge",14.147936,14147.936,"10-20Mb"
"590","E32M-1",11,40408361,71567760,31159400,542,87.1,"refuge",31.1594,31159.4,"30Mb-40Mb"
"591","E32M-1",10,9645348,11236549,1591202,128,58.4,"refuge",1.591202,1591.202,"1-2Mb"
"592","E32M-1",10,11797595,22545636,10748042,192,41.2,"refuge",10.748042,10748.042,"10-20Mb"
"593","E32M-1",8,47768665,55793695,8025031,232,75,"refuge",8.025031,8025.031,"8-10MB"
"594","E32M-1",8,71617019,93023892,21406874,492,85.4,"refuge",21.406874,21406.874,"20Mb-30Mb"
"595","E32M-1",2,7902770,12268385,4365616,165,36.3,"refuge",4.365616,4365.616,"4-6Mb"
"596","E32M-1",12,84983885,86730318,1746434,123,39.8,"refuge",1.746434,1746.434,"1-2Mb"
"597","E32M-1",12,89435092,90739226,1304135,148,80.7,"refuge",1.304135,1304.135,"1-2Mb"
"598","E32M-1",9,21552152,39935451,18383300,435,85.9,"refuge",18.3833,18383.3,"10-20Mb"
"599","E32M-1",2,168584070,170746123,2162054,161,77.2,"refuge",2.162054,2162.054,"2-4Mb"
"600","E32M-1",9,87021431,95640787,8619357,156,72.2,"refuge",8.619357,8619.357,"8-10MB"
"601","E32M-1",9,98907741,119435458,20527718,395,83.6,"refuge",20.527718,20527.718,"20Mb-30Mb"
"602","E32M-1",1,237521159,239056493,1535335,134,59.4,"refuge",1.535335,1535.335,"1-2Mb"
"603","E32M-1",10,35627962,53407293,17779332,556,83.3,"refuge",17.779332,17779.332,"10-20Mb"
"604","E32M-1",10,93424,2350453,2257030,117,56.8,"refuge",2.25703,2257.03,"2-4Mb"
"605","E32M-1",11,115505051,116944018,1438968,81,41.3,"refuge",1.438968,1438.968,"1-2Mb"
"606","E32M-1",2,1556741,3853204,2296464,208,69.8,"refuge",2.296464,2296.464,"2-4Mb"
"607","E32M-1",9,63722424,78961522,15239099,401,82,"refuge",15.239099,15239.099,"10-20Mb"
"608","E32M-1",11,91303561,98665957,7362397,243,70.5,"refuge",7.362397,7362.397,"6-8Mb"
"609","E33M-1",6,122440840,134368890,11928051,303,80.4,"ranch",11.928051,11928.051,"10-20Mb"
"610","E33M-1",5,149223352,151677158,2453807,173,55.6,"ranch",2.453807,2453.807,"2-4Mb"
"611","E33M-1",16,53493930,57053349,3559420,219,73.2,"ranch",3.55942,3559.42,"2-4Mb"
"612","E33M-1",5,1295445,3567307,2271863,93,81.7,"ranch",2.271863,2271.863,"2-4Mb"
"613","E33M-1",3,95345288,103622813,8277526,229,66.1,"ranch",8.277526,8277.526,"8-10MB"
"614","E33M-1",8,218985724,221253244,2267521,142,69.9,"ranch",2.267521,2267.521,"2-4Mb"
"615","E33M-1",6,116337922,121941994,5604073,214,80.5,"ranch",5.604073,5604.073,"4-6Mb"
"616","E33M-1",6,640722,2605066,1964345,231,89.8,"ranch",1.964345,1964.345,"1-2Mb"
"617","E33M-1",8,156041,3338839,3182799,187,83,"ranch",3.182799,3182.799,"2-4Mb"
"618","E33M-1",6,37037684,45736776,8699093,241,87.7,"ranch",8.699093,8699.093,"8-10MB"
"619","E33M-1",11,18751570,22439094,3687525,142,58.5,"ranch",3.687525,3687.525,"2-4Mb"
"620","E33M-1",5,127960247,132454082,4493836,134,53.8,"ranch",4.493836,4493.836,"4-6Mb"
"621","E33M-1",10,144276947,149013381,4736435,212,74.3,"ranch",4.736435,4736.435,"4-6Mb"
"622","E33M-1",3,54904699,57950973,3046275,129,40.5,"ranch",3.046275,3046.275,"2-4Mb"
"623","E33M-1",17,12358894,23585216,11226323,288,75.9,"ranch",11.226323,11226.323,"10-20Mb"
"624","E33M-1",14,80372540,91413242,11040703,349,77.5,"ranch",11.040703,11040.703,"10-20Mb"
"625","E33M-1",4,197361332,202667325,5305994,191,66.9,"ranch",5.305994,5305.994,"4-6Mb"
"626","E33M-1",6,7162878,14804982,7642105,280,77.4,"ranch",7.642105,7642.105,"6-8Mb"
"627","E33M-1",2,120403067,136166395,15763329,323,53.2,"ranch",15.763329,15763.329,"10-20Mb"
"628","E33M-1",5,84750158,103895630,19145473,338,58.4,"ranch",19.145473,19145.473,"10-20Mb"
"629","E33M-1",15,59901712,62870281,2968570,204,63.2,"ranch",2.96857,2968.57,"2-4Mb"
"630","E33M-1",15,38823624,44366538,5542915,112,62.2,"ranch",5.542915,5542.915,"4-6Mb"
"631","E33M-1",16,38506412,51919440,13413029,335,85.3,"ranch",13.413029,13413.029,"10-20Mb"
"632","E33M-1",1,34668233,48338682,13670450,304,77.8,"ranch",13.67045,13670.45,"10-20Mb"
"633","E33M-1",8,190069580,194823106,4753527,109,48.4,"ranch",4.753527,4753.527,"4-6Mb"
"634","E33M-1",15,13500595,19901166,6400572,116,41.1,"ranch",6.400572,6400.572,"6-8Mb"
"635","E33M-1",12,88805152,90739226,1934075,146,75.8,"ranch",1.934075,1934.075,"1-2Mb"
"636","E33M-1",12,42991501,49847962,6856462,149,54.5,"ranch",6.856462,6856.462,"6-8Mb"
"637","E33M-1",13,92685999,96521188,3835190,201,62,"ranch",3.83519,3835.19,"2-4Mb"
"638","E33M-1",12,80011684,82316400,2304717,92,51.6,"ranch",2.304717,2304.717,"2-4Mb"
"639","E34M-2A",6,13750722,16299032,2548311,135,32.1,"ranch",2.548311,2548.311,"2-4Mb"
"640","E34M-2A",10,34222938,126930715,92707778,3097,97.3,"ranch",92.707778,92707.778,"90Mb-100Mb"
"641","E34M-2A",5,128972866,132794834,3821969,130,43.2,"ranch",3.821969,3821.969,"2-4Mb"
"642","E34M-2A",5,122933088,124350025,1416938,94,46.3,"ranch",1.416938,1416.938,"1-2Mb"
"643","E34M-2A",10,14773891,25874634,11100744,186,62.2,"ranch",11.100744,11100.744,"10-20Mb"
"644","E34M-2A",6,143679252,146922136,3242885,223,75.8,"ranch",3.242885,3242.885,"2-4Mb"
"645","E34M-2A",5,135073181,137376366,2303186,157,72.9,"ranch",2.303186,2303.186,"2-4Mb"
"646","E34M-2A",3,60093,4507101,4447009,317,85.2,"ranch",4.447009,4447.009,"4-6Mb"
"647","E34M-2A",3,43425990,56905081,13479092,417,87.5,"ranch",13.479092,13479.092,"10-20Mb"
"648","E34M-2A",11,7713725,9830516,2116792,102,34.7,"ranch",2.116792,2116.792,"2-4Mb"
"649","E34M-2A",13,71446362,78823142,7376781,362,80.8,"ranch",7.376781,7376.781,"6-8Mb"
"650","E34M-2A",7,64217393,76225448,12008056,325,84.6,"ranch",12.008056,12008.056,"10-20Mb"
"651","E34M-2A",3,132954252,135513064,2558813,186,74.6,"ranch",2.558813,2558.813,"2-4Mb"
"652","E34M-2A",3,20403194,26584511,6181318,270,80,"ranch",6.181318,6181.318,"6-8Mb"
"653","E34M-2A",3,87703412,102364269,14660858,363,88.3,"ranch",14.660858,14660.858,"10-20Mb"
"654","E34M-2A",7,3571438,6556201,2984764,150,49.9,"ranch",2.984764,2984.764,"2-4Mb"
"655","E34M-2A",11,93272624,102695540,9422917,359,83.6,"ranch",9.422917,9422.917,"8-10MB"
"656","E34M-2A",8,103778839,119612360,15833522,308,73.6,"ranch",15.833522,15833.522,"10-20Mb"
"657","E34M-2A",4,202037772,207193806,5156035,358,86.3,"ranch",5.156035,5156.035,"4-6Mb"
"658","E34M-2A",8,18605579,22392689,3787111,182,69.4,"ranch",3.787111,3787.111,"2-4Mb"
"659","E34M-2A",17,26768651,34640345,7871695,499,87.8,"ranch",7.871695,7871.695,"6-8Mb"
"660","E34M-2A",1,124365297,156487589,32122293,974,93.6,"ranch",32.122293,32122.293,"30Mb-40Mb"
"661","E34M-2A",1,223341346,231645889,8304544,430,83.7,"ranch",8.304544,8304.544,"8-10MB"
"662","E34M-2A",8,212585572,222360509,9774938,490,92.9,"ranch",9.774938,9774.938,"8-10MB"
"663","E34M-2A",5,10505356,16697418,6192063,399,90,"ranch",6.192063,6192.063,"6-8Mb"
"664","E34M-2A",3,122027273,127282053,5254781,158,65.4,"ranch",5.254781,5254.781,"4-6Mb"
"665","E34M-2A",4,108574442,122267480,13693039,430,84.6,"ranch",13.693039,13693.039,"10-20Mb"
"666","E34M-2A",15,125105,2379379,2254275,247,86.9,"ranch",2.254275,2254.275,"2-4Mb"
"667","E34M-2A",4,181766848,185096329,3329482,115,39.6,"ranch",3.329482,3329.482,"2-4Mb"
"668","E34M-2A",1,233581932,241417019,7835088,788,88.8,"ranch",7.835088,7835.088,"6-8Mb"
"669","E34M-2A",14,28382214,37697072,9314859,172,48.4,"ranch",9.314859,9314.859,"8-10MB"
"670","E34M-2A",13,16664809,26994720,10329912,348,81.4,"ranch",10.329912,10329.912,"10-20Mb"
"671","E34M-2A",14,44343307,61257444,16914138,369,78,"ranch",16.914138,16914.138,"10-20Mb"
"672","E34M-2A",8,33652511,44037878,10385368,185,35.2,"ranch",10.385368,10385.368,"10-20Mb"
"673","E34M-2A",1,22506017,26637850,4131834,194,51.7,"ranch",4.131834,4131.834,"4-6Mb"
"674","E34M-2A",4,166340416,172644303,6303888,250,74.7,"ranch",6.303888,6303.888,"6-8Mb"
"675","E34M-2A",2,108470032,115353832,6883801,141,59.3,"ranch",6.883801,6883.801,"6-8Mb"
"676","E34M-2A",13,34855012,54577578,19722567,575,82.7,"ranch",19.722567,19722.567,"10-20Mb"
"677","E34M-2A",14,13771812,20723534,6951723,321,85.9,"ranch",6.951723,6951.723,"6-8Mb"
"678","E34M-2A",15,8874131,22651416,13777286,437,92.9,"ranch",13.777286,13777.286,"10-20Mb"
"679","E34M-2A",14,4203663,6526027,2322365,243,75.1,"ranch",2.322365,2322.365,"2-4Mb"
"680","E34M-2A",12,42695713,52068362,9372650,303,78.1,"ranch",9.37265,9372.65,"8-10MB"
"681","E34M-2A",4,139076679,147355459,8278781,296,78.8,"ranch",8.278781,8278.781,"8-10MB"
"682","E34M-2A",12,6305840,18319926,12014087,742,92.2,"ranch",12.014087,12014.087,"10-20Mb"
"683","E34M-2A",12,34380525,41268182,6887658,311,77.6,"ranch",6.887658,6887.658,"6-8Mb"
"684","E34M-2A",2,35542184,43558659,8016476,229,67.4,"ranch",8.016476,8016.476,"8-10MB"
"685","E34M-2A",12,76084242,77110063,1025822,81,43.2,"ranch",1.025822,1025.822,"1-2Mb"
"686","E34M-2A",2,9434847,29019411,19584565,575,87.2,"ranch",19.584565,19584.565,"10-20Mb"
"687","E35M-2A",10,135186502,140647761,5461260,123,45.3,"ranch",5.46126,5461.26,"4-6Mb"
"688","E35M-2A",11,112634286,114456972,1822687,222,73.2,"ranch",1.822687,1822.687,"1-2Mb"
"689","E35M-2A",11,27110471,39699264,12588794,216,54.9,"ranch",12.588794,12588.794,"10-20Mb"
"690","E35M-2A",4,189571845,198172933,8601089,206,47.6,"ranch",8.601089,8601.089,"8-10MB"
"691","E35M-2A",7,118923722,126108348,7184627,214,68.1,"ranch",7.184627,7184.627,"6-8Mb"
"692","E35M-2A",4,173244422,178541604,5297183,193,77.2,"ranch",5.297183,5297.183,"4-6Mb"
"693","E35M-2A",17,2860128,4631535,1771408,156,64.9,"ranch",1.771408,1771.408,"1-2Mb"
"694","E35M-2A",3,124795310,128167632,3372323,134,44.6,"ranch",3.372323,3372.323,"2-4Mb"
"695","E35M-2A",17,23427536,33624685,10197150,563,87.7,"ranch",10.19715,10197.15,"10-20Mb"
"696","E35M-2A",1,197361275,199440975,2079701,106,35,"ranch",2.079701,2079.701,"2-4Mb"
"697","E35M-2A",5,86587736,104890559,18302824,411,78.4,"ranch",18.302824,18302.824,"10-20Mb"
"698","E35M-2A",5,47906366,70347212,22440847,467,82.9,"ranch",22.440847,22440.847,"20Mb-30Mb"
"699","E35M-2A",3,5945499,8818635,2873137,175,62.2,"ranch",2.873137,2873.137,"2-4Mb"
"700","E35M-2A",4,7148422,9821001,2672580,125,48,"ranch",2.67258,2672.58,"2-4Mb"
"701","E35M-2A",1,79523401,102541539,23018139,734,88.4,"ranch",23.018139,23018.139,"20Mb-30Mb"
"702","E35M-2A",4,108275214,127941026,19665813,637,88.8,"ranch",19.665813,19665.813,"10-20Mb"
"703","E35M-2A",8,177480768,191363111,13882344,216,46.3,"ranch",13.882344,13882.344,"10-20Mb"
"704","E35M-2A",15,30868649,45450982,14582334,383,75.6,"ranch",14.582334,14582.334,"10-20Mb"
"705","E35M-2A",6,146122380,149650734,3528355,146,69.9,"ranch",3.528355,3528.355,"2-4Mb"
"706","E35M-2A",1,114589846,123952384,9362539,226,73.3,"ranch",9.362539,9362.539,"8-10MB"
"707","E35M-2A",8,94284549,100398270,6113722,176,52.9,"ranch",6.113722,6113.722,"6-8Mb"
"708","E35M-2A",15,8874131,15827809,6953679,221,56.8,"ranch",6.953679,6953.679,"6-8Mb"
"709","E35M-2A",15,54675468,59354859,4679392,285,70.7,"ranch",4.679392,4679.392,"4-6Mb"
"710","E35M-2A",12,79409985,81481814,2071830,127,66.4,"ranch",2.07183,2071.83,"2-4Mb"
"711","E35M-2A",13,71936878,77376035,5439158,239,79.9,"ranch",5.439158,5439.158,"4-6Mb"
"712","E35M-2A",3,1346915,4875128,3528214,285,82.2,"ranch",3.528214,3528.214,"2-4Mb"
"713","E35M-2A",2,122504780,144891947,22387168,498,90,"ranch",22.387168,22387.168,"20Mb-30Mb"
"714","E35M-2A",12,42539821,64386009,21846189,622,86.4,"ranch",21.846189,21846.189,"20Mb-30Mb"
"715","E35M-2A",16,10027088,21222324,11195237,396,75.3,"ranch",11.195237,11195.237,"10-20Mb"
"716","E35M-2A",2,104712936,112616710,7903775,152,56.7,"ranch",7.903775,7903.775,"6-8Mb"
"717","E36F-2A",5,127781897,137918639,10136743,423,87.1,"ranch",10.136743,10136.743,"10-20Mb"
"718","E36F-2A",6,122490933,134368890,11877958,378,86.8,"ranch",11.877958,11877.958,"10-20Mb"
"719","E36F-2A",11,114763112,115289128,526017,65,31,"ranch",0.526017,526.017,"<1Mb"
"720","E36F-2A",6,92322130,116553888,24231759,770,92,"ranch",24.231759,24231.759,"20Mb-30Mb"
"721","E36F-2A",3,95345288,103622813,8277526,280,71.7,"ranch",8.277526,8277.526,"8-10MB"
"722","E36F-2A",1,176554056,178527891,1973836,196,75.3,"ranch",1.973836,1973.836,"1-2Mb"
"723","E36F-2A",6,36159803,37762590,1602788,157,82,"ranch",1.602788,1602.788,"1-2Mb"
"724","E36F-2A",6,4019514,6817038,2797525,145,48.9,"ranch",2.797525,2797.525,"2-4Mb"
"725","E36F-2A",10,11187406,25562448,14375043,272,62.2,"ranch",14.375043,14375.043,"10-20Mb"
"726","E36F-2A",10,134663773,146723480,12059708,331,89.4,"ranch",12.059708,12059.708,"10-20Mb"
"727","E36F-2A",7,93360330,139631936,46271607,1329,91.4,"ranch",46.271607,46271.607,"40Mb-50Mb"
"728","E36F-2A",5,149016560,151677158,2660599,218,60.8,"ranch",2.660599,2660.599,"2-4Mb"
"729","E36F-2A",1,23907421,48350903,24443483,692,88.1,"ranch",24.443483,24443.483,"20Mb-30Mb"
"730","E36F-2A",5,15584154,17230212,1646059,158,60,"ranch",1.646059,1646.059,"1-2Mb"
"731","E36F-2A",1,226129711,235469448,9339738,582,91.9,"ranch",9.339738,9339.738,"8-10MB"
"732","E36F-2A",3,14967047,19824933,4857887,188,68.1,"ranch",4.857887,4857.887,"4-6Mb"
"733","E36F-2A",14,15649139,27131096,11481958,423,82.2,"ranch",11.481958,11481.958,"10-20Mb"
"734","E36F-2A",7,8174940,14100022,5925083,247,76.8,"ranch",5.925083,5925.083,"4-6Mb"
"735","E36F-2A",4,164207829,189188231,24980403,842,93.6,"ranch",24.980403,24980.403,"20Mb-30Mb"
"736","E36F-2A",10,93424,3287162,3193739,175,78.5,"ranch",3.193739,3193.739,"2-4Mb"
"737","E36F-2A",13,19177363,26335119,7157757,159,47,"ranch",7.157757,7157.757,"6-8Mb"
"738","E36F-2A",4,79039178,120541959,41502782,1199,96.6,"ranch",41.502782,41502.782,"40Mb-50Mb"
"739","E36F-2A",14,62896639,71031234,8134596,198,72.5,"ranch",8.134596,8134.596,"8-10MB"
"740","E36F-2A",12,507746,18737700,18229955,1066,90.2,"ranch",18.229955,18229.955,"10-20Mb"
"741","E36F-2A",4,6450481,9091122,2640642,126,78.9,"ranch",2.640642,2640.642,"2-4Mb"
"742","E36F-2A",4,197361332,202667325,5305994,189,67.9,"ranch",5.305994,5305.994,"4-6Mb"
"743","E36F-2A",15,59865452,62789706,2924255,258,70.5,"ranch",2.924255,2924.255,"2-4Mb"
"744","E36F-2A",7,23183982,41651503,18467522,347,72.1,"ranch",18.467522,18467.522,"10-20Mb"
"745","E36F-2A",16,53469732,56801971,3332240,254,72.6,"ranch",3.33224,3332.24,"2-4Mb"
"746","E36F-2A",15,125105,1201927,1076823,114,77.7,"ranch",1.076823,1076.823,"1-2Mb"
"747","E36F-2A",17,6224483,21970760,15746278,595,85,"ranch",15.746278,15746.278,"10-20Mb"
"748","E36F-2A",4,30669300,32315943,1646644,112,63.5,"ranch",1.646644,1646.644,"1-2Mb"
"749","E36F-2A",11,16390219,18626555,2236337,124,41.9,"ranch",2.236337,2236.337,"2-4Mb"
"750","E36F-2A",11,19816496,38951875,19135380,522,85.1,"ranch",19.13538,19135.38,"10-20Mb"
"751","E36F-2A",2,3686335,4771530,1085196,91,44.4,"ranch",1.085196,1085.196,"1-2Mb"
"752","E36F-2A",9,155378634,159366963,3988330,196,71.5,"ranch",3.98833,3988.33,"2-4Mb"
"753","E36F-2A",2,123611884,137960205,14348322,284,60,"ranch",14.348322,14348.322,"10-20Mb"
"754","E36F-2A",12,35348404,40642628,5294225,165,58.7,"ranch",5.294225,5294.225,"4-6Mb"
"755","E36F-2A",12,42840708,49896628,7055921,213,67,"ranch",7.055921,7055.921,"6-8Mb"
"756","E36F-2A",14,89035629,90746749,1711121,118,49.5,"ranch",1.711121,1711.121,"1-2Mb"
"757","E36F-2A",14,92199874,95491652,3291779,264,87.9,"ranch",3.291779,3291.779,"2-4Mb"
"758","E36F-2A",5,54759579,84621187,29861609,570,89.6,"ranch",29.861609,29861.609,"20Mb-30Mb"
"759","E36F-2A",13,28945778,35595305,6649528,90,37.6,"ranch",6.649528,6649.528,"6-8Mb"
"760","E36F-2A",9,64878318,135907760,71029443,1520,96.3,"ranch",71.029443,71029.443,"70Mb-80Mb"
"761","E36F-2A",12,86979703,90739226,3759524,286,85.1,"ranch",3.759524,3759.524,"2-4Mb"
"762","E37F-1",3,14379322,21542489,7163168,373,80.1,"ranch",7.163168,7163.168,"6-8Mb"
"763","E37F-1",1,34718518,48350903,13632386,376,84.3,"ranch",13.632386,13632.386,"10-20Mb"
"764","E37F-1",5,7658471,44620519,36962049,1436,95.4,"ranch",36.962049,36962.049,"30Mb-40Mb"
"765","E37F-1",5,84750158,103895630,19145473,423,74.7,"ranch",19.145473,19145.473,"10-20Mb"
"766","E37F-1",8,69111,1829305,1760195,128,44,"ranch",1.760195,1760.195,"1-2Mb"
"767","E37F-1",5,138999149,151677158,12678010,783,89.7,"ranch",12.67801,12678.01,"10-20Mb"
"768","E37F-1",2,15361766,155049323,139687558,3866,96.6,"ranch",139.687558,139687.558,">100Mb"
"769","E37F-1",5,134710268,138027926,3317659,222,75.9,"ranch",3.317659,3317.659,"2-4Mb"
"770","E37F-1",15,4591257,37884853,33293597,952,94.4,"ranch",33.293597,33293.597,"30Mb-40Mb"
"771","E37F-1",8,22507533,28652281,6144749,225,63.3,"ranch",6.144749,6144.749,"6-8Mb"
"772","E37F-1",8,156008067,164514196,8506130,182,44.5,"ranch",8.50613,8506.13,"8-10MB"
"773","E37F-1",1,1831715,32032359,30200645,1515,95.2,"ranch",30.200645,30200.645,"30Mb-40Mb"
"774","E37F-1",17,8056464,23586945,15530482,702,89.9,"ranch",15.530482,15530.482,"10-20Mb"
"775","E37F-1",1,196259498,241417019,45157522,2267,98.3,"ranch",45.157522,45157.522,"40Mb-50Mb"
"776","E37F-1",10,93424,4912670,4819247,352,92.2,"ranch",4.819247,4819.247,"4-6Mb"
"777","E37F-1",11,23866435,69386293,45519859,918,93,"ranch",45.519859,45519.859,"40Mb-50Mb"
"778","E37F-1",17,40174717,42359319,2184603,162,52.8,"ranch",2.184603,2184.603,"2-4Mb"
"779","E37F-1",4,13314356,50298206,36983851,1381,95.3,"ranch",36.983851,36983.851,"30Mb-40Mb"
"780","E37F-1",2,17053,2089992,2072940,146,72.6,"ranch",2.07294,2072.94,"2-4Mb"
"781","E37F-1",14,77584376,91354780,13770405,551,90.5,"ranch",13.770405,13770.405,"10-20Mb"
"782","E37F-1",2,166597383,167620744,1023362,103,33.5,"ranch",1.023362,1023.362,"1-2Mb"
"783","E37F-1",16,56665553,61833715,5168163,555,93.6,"ranch",5.168163,5168.163,"4-6Mb"
"784","E37F-1",12,80011684,82382344,2370661,129,63.1,"ranch",2.370661,2370.661,"2-4Mb"
"785","E37F-1",5,1230013,3567307,2337295,110,84.9,"ranch",2.337295,2337.295,"2-4Mb"
"786","E37F-1",3,44648208,135259437,90611230,2742,97.1,"ranch",90.61123,90611.23,"90Mb-100Mb"
"787","E37F-1",7,23297091,43124001,19826911,399,74.4,"ranch",19.826911,19826.911,"10-20Mb"
"788","E37F-1",7,18639773,20907831,2268059,127,59.6,"ranch",2.268059,2268.059,"2-4Mb"
"789","E37F-1",8,7339616,18723734,11384119,930,96.2,"ranch",11.384119,11384.119,"10-20Mb"
"790","E37F-1",13,48178015,70778901,22600887,850,91.5,"ranch",22.600887,22600.887,"20Mb-30Mb"
"791","E37F-1",5,127781897,132454082,4672186,185,70.1,"ranch",4.672186,4672.186,"4-6Mb"
"792","E37F-1",16,4191786,8747948,4556163,216,68.4,"ranch",4.556163,4556.163,"4-6Mb"
"793","E37F-1",1,128735559,134389421,5653863,166,59.4,"ranch",5.653863,5653.863,"4-6Mb"
"794","E37F-1",11,106315457,112798443,6482987,410,86.6,"ranch",6.482987,6482.987,"6-8Mb"
"795","E37F-1",9,7633043,8796640,1163598,69,63.8,"ranch",1.163598,1163.598,"1-2Mb"
"796","E37F-1",1,139245236,141178273,1933038,87,43,"ranch",1.933038,1933.038,"1-2Mb"
"797","E37F-1",9,12667056,82106721,69439666,2102,95.2,"ranch",69.439666,69439.666,"60Mb-70Mb"
"798","E37F-1",12,43236840,49896628,6659789,187,68.1,"ranch",6.659789,6659.789,"6-8Mb"
"799","E37F-1",15,50651889,52411880,1759992,107,56.7,"ranch",1.759992,1759.992,"1-2Mb"
"800","E37F-1",13,92794491,96421954,3627464,272,82,"ranch",3.627464,3627.464,"2-4Mb"
"801","E37F-1",8,176600864,187235397,10634534,172,47.4,"ranch",10.634534,10634.534,"10-20Mb"
"802","E37F-1",8,206400241,222266969,15866729,748,94.1,"ranch",15.866729,15866.729,"10-20Mb"
"803","E37F-1",7,27950,1559663,1531714,74,65.3,"ranch",1.531714,1531.714,"1-2Mb"
"804","E37F-1",11,16390219,20129934,3739716,235,71.8,"ranch",3.739716,3739.716,"2-4Mb"
"805","E37F-1",6,7219755,13369591,6149837,298,77.6,"ranch",6.149837,6149.837,"6-8Mb"
"806","E37F-1",13,17828471,40455472,22627002,645,72.4,"ranch",22.627002,22627.002,"20Mb-30Mb"
"807","E37F-1",9,149517195,156467361,6950167,361,84.8,"ranch",6.950167,6950.167,"6-8Mb"
"808","E37F-1",13,917700,11993206,11075507,764,94.7,"ranch",11.075507,11075.507,"10-20Mb"
"809","LAO01M-2A",1,97072300,122293921,25221622,786,93.1,"refuge",25.221622,25221.622,"20Mb-30Mb"
"810","LAO01M-2A",1,232165252,233501026,1335775,97,45.6,"refuge",1.335775,1335.775,"1-2Mb"
"811","LAO01M-2A",5,1230013,3081962,1851950,90,63.4,"refuge",1.85195,1851.95,"1-2Mb"
"812","LAO01M-2A",5,109181446,136354931,27173486,1019,92.8,"refuge",27.173486,27173.486,"20Mb-30Mb"
"813","LAO01M-2A",1,137071899,180327190,43255292,1335,95.7,"refuge",43.255292,43255.292,"40Mb-50Mb"
"814","LAO01M-2A",16,21991759,39616256,17624498,601,86.8,"refuge",17.624498,17624.498,"10-20Mb"
"815","LAO01M-2A",1,22363695,66083220,43719526,1238,91.8,"refuge",43.719526,43719.526,"40Mb-50Mb"
"816","LAO01M-2A",14,10478607,49087983,38609377,1204,93.2,"refuge",38.609377,38609.377,"30Mb-40Mb"
"817","LAO01M-2A",11,103631979,110260083,6628105,338,81,"refuge",6.628105,6628.105,"6-8Mb"
"818","LAO01M-2A",1,74347139,77525377,3178239,131,30.4,"refuge",3.178239,3178.239,"2-4Mb"
"819","LAO01M-2A",17,14316,2761271,2746956,261,81.1,"refuge",2.746956,2746.956,"2-4Mb"
"820","LAO01M-2A",3,67668566,116743510,49074945,1162,87.4,"refuge",49.074945,49074.945,"40Mb-50Mb"
"821","LAO01M-2A",11,15873763,90746219,74872457,1909,95.6,"refuge",74.872457,74872.457,"70Mb-80Mb"
"822","LAO01M-2A",3,127829553,137762291,9932739,760,92.4,"refuge",9.932739,9932.739,"8-10MB"
"823","LAO01M-2A",16,19194,7942543,7923350,409,90.3,"refuge",7.92335,7923.35,"6-8Mb"
"824","LAO01M-2A",10,52752605,77209799,24457195,982,92,"refuge",24.457195,24457.195,"20Mb-30Mb"
"825","LAO01M-2A",17,31586327,34584406,2998080,249,82.8,"refuge",2.99808,2998.08,"2-4Mb"
"826","LAO01M-2A",4,121080946,207193806,86112861,2932,98.2,"refuge",86.112861,86112.861,"80Mb-90Mb"
"827","LAO01M-2A",10,27566174,32635466,5069293,135,32.9,"refuge",5.069293,5069.293,"4-6Mb"
"828","LAO01M-2A",2,153083529,158005397,4921869,210,62.1,"refuge",4.921869,4921.869,"4-6Mb"
"829","LAO01M-2A",12,19339833,60583459,41243627,1430,93.9,"refuge",41.243627,41243.627,"40Mb-50Mb"
"830","LAO01M-2A",15,125105,8714991,8589887,599,94.2,"refuge",8.589887,8589.887,"8-10MB"
"831","LAO01M-2A",10,1153429,10595157,9441729,753,90.8,"refuge",9.441729,9441.729,"8-10MB"
"832","LAO01M-2A",7,79016643,104766691,25750049,459,78.3,"refuge",25.750049,25750.049,"20Mb-30Mb"
"833","LAO01M-2A",1,4919832,6680055,1760224,153,66.4,"refuge",1.760224,1760.224,"1-2Mb"
"834","LAO01M-2A",7,27528708,44243705,16714998,312,54.5,"refuge",16.714998,16714.998,"10-20Mb"
"835","LAO01M-2A",16,46304041,61833715,15529675,1167,95.3,"refuge",15.529675,15529.675,"10-20Mb"
"836","LAO01M-2A",12,81728937,86034113,4305177,274,81.6,"refuge",4.305177,4305.177,"4-6Mb"
"837","LAO01M-2A",13,69118958,71264471,2145514,185,68.1,"refuge",2.145514,2145.514,"2-4Mb"
"838","LAO01M-2A",4,34039784,55873830,21834047,607,90.8,"refuge",21.834047,21834.047,"20Mb-30Mb"
"839","LAO01M-2A",11,682287,1880439,1198153,113,76.6,"refuge",1.198153,1198.153,"1-2Mb"
"840","LAO01M-2A",8,211697576,216643581,4946006,138,47.3,"refuge",4.946006,4946.006,"4-6Mb"
"841","LAO01M-2A",2,7133170,115950412,108817243,3150,96.7,"refuge",108.817243,108817.243,">100Mb"
"842","LAO01M-2A",2,168752754,170746123,1993370,147,83.6,"refuge",1.99337,1993.37,"1-2Mb"
"843","LAO01M-2A",9,2170095,4702542,2532448,338,82.5,"refuge",2.532448,2532.448,"2-4Mb"
"844","LAO01M-2A",9,146878395,153205141,6326747,265,79.1,"refuge",6.326747,6326.747,"6-8Mb"
"845","LAO01M-2A",13,19126033,28361150,9235118,269,82.9,"refuge",9.235118,9235.118,"8-10MB"
"846","LAO01M-2A",3,9703212,12038787,2335576,183,70.6,"refuge",2.335576,2335.576,"2-4Mb"
"847","LAO01M-2A",3,60093,7592747,7532655,543,91.2,"refuge",7.532655,7532.655,"6-8Mb"
"848","LAO01M-2A",8,28981897,45614079,16632183,361,69.2,"refuge",16.632183,16632.183,"10-20Mb"
"849","LAO01M-2A",12,65594807,71280514,5685708,210,67.7,"refuge",5.685708,5685.708,"4-6Mb"
"850","LAO01M-2A",8,220556451,222360509,1804059,109,73.2,"refuge",1.804059,1804.059,"1-2Mb"
"851","LAO01M-2A",6,134857238,144399668,9542431,635,89.3,"refuge",9.542431,9542.431,"8-10MB"
"852","LAO01M-2A",14,92580023,95491652,2911630,266,83.1,"refuge",2.91163,2911.63,"2-4Mb"
"853","LAO01M-2A",13,5698552,7367546,1668995,131,31,"refuge",1.668995,1668.995,"1-2Mb"
"854","LAO01M-2A",15,50986619,58636546,7649928,384,83.9,"refuge",7.649928,7649.928,"6-8Mb"
"855","LAO01M-2A",9,89493982,109263537,19769556,385,75.4,"refuge",19.769556,19769.556,"10-20Mb"
"856","LAO01M-2A",15,30868649,37884853,7016205,196,56.6,"refuge",7.016205,7016.205,"6-8Mb"
"857","LAO03M-1",1,52515427,65573726,13058300,274,68.1,"refuge",13.0583,13058.3,"10-20Mb"
"858","LAO03M-1",3,131092869,132621340,1528472,127,53.7,"refuge",1.528472,1528.472,"1-2Mb"
"859","LAO03M-1",5,1230013,4169317,2939305,121,79.9,"refuge",2.939305,2939.305,"2-4Mb"
"860","LAO03M-1",11,763061,2690474,1927414,188,82.7,"refuge",1.927414,1927.414,"1-2Mb"
"861","LAO03M-1",11,6329537,15955291,9625755,418,85.5,"refuge",9.625755,9625.755,"8-10MB"
"862","LAO03M-1",3,60093,6872588,6812496,499,91.6,"refuge",6.812496,6812.496,"6-8Mb"
"863","LAO03M-1",3,9691781,20426887,10735107,584,89.1,"refuge",10.735107,10735.107,"10-20Mb"
"864","LAO03M-1",7,76225448,142352736,66127289,1923,97.1,"refuge",66.127289,66127.289,"60Mb-70Mb"
"865","LAO03M-1",11,51171386,76290889,25119504,438,71.2,"refuge",25.119504,25119.504,"20Mb-30Mb"
"866","LAO03M-1",3,104831859,125108235,20276377,503,87.4,"refuge",20.276377,20276.377,"20Mb-30Mb"
"867","LAO03M-1",1,73937441,79827462,5890022,215,62.1,"refuge",5.890022,5890.022,"4-6Mb"
"868","LAO03M-1",1,105770400,207913243,102142844,3229,96.3,"refuge",102.142844,102142.844,">100Mb"
"869","LAO03M-1",3,28356211,70252023,41895813,1285,94,"refuge",41.895813,41895.813,"40Mb-50Mb"
"870","LAO03M-1",1,239332742,241417019,2084278,234,83.9,"refuge",2.084278,2084.278,"2-4Mb"
"871","LAO03M-1",16,1731030,7006737,5275708,286,88.1,"refuge",5.275708,5275.708,"4-6Mb"
"872","LAO03M-1",7,2738760,67458384,64719625,1990,96.2,"refuge",64.719625,64719.625,"60Mb-70Mb"
"873","LAO03M-1",8,28300127,45614079,17313953,390,73.9,"refuge",17.313953,17313.953,"10-20Mb"
"874","LAO03M-1",8,73717339,98939108,25221770,572,88.6,"refuge",25.22177,25221.77,"20Mb-30Mb"
"875","LAO03M-1",15,19813603,24978024,5164422,192,75,"refuge",5.164422,5164.422,"4-6Mb"
"876","LAO03M-1",4,17263684,79310274,62046591,1979,96.8,"refuge",62.046591,62046.591,"60Mb-70Mb"
"877","LAO03M-1",4,100977757,167160531,66182775,1959,96,"refuge",66.182775,66182.775,"60Mb-70Mb"
"878","LAO03M-1",1,227678955,238852454,11173500,829,91.5,"refuge",11.1735,11173.5,"10-20Mb"
"879","LAO03M-1",8,134325587,143902779,9577193,146,46.1,"refuge",9.577193,9577.193,"8-10MB"
"880","LAO03M-1",5,16296826,41928434,25631609,841,93.6,"refuge",25.631609,25631.609,"20Mb-30Mb"
"881","LAO03M-1",12,73512483,77710563,4198081,204,74,"refuge",4.198081,4198.081,"4-6Mb"
"882","LAO03M-1",14,15562844,18927839,3364996,157,70.4,"refuge",3.364996,3364.996,"2-4Mb"
"883","LAO03M-1",5,6130740,9239845,3109106,107,48.2,"refuge",3.109106,3109.106,"2-4Mb"
"884","LAO03M-1",6,2890543,10641769,7751227,430,82.8,"refuge",7.751227,7751.227,"6-8Mb"
"885","LAO03M-1",15,54675468,59719264,5043797,307,77.2,"refuge",5.043797,5043.797,"4-6Mb"
"886","LAO03M-1",6,69151208,87906221,18755014,513,85.7,"refuge",18.755014,18755.014,"10-20Mb"
"887","LAO03M-1",6,121717896,134208156,12490261,399,81.9,"refuge",12.490261,12490.261,"10-20Mb"
"888","LAO03M-1",13,3092087,4252293,1160207,114,59.3,"refuge",1.160207,1160.207,"1-2Mb"
"889","LAO03M-1",11,21131398,24631967,3500570,165,69.7,"refuge",3.50057,3500.57,"2-4Mb"
"890","LAO03M-1",17,14316,2761271,2746956,258,74,"refuge",2.746956,2746.956,"2-4Mb"
"891","LAO03M-1",10,58449246,115349975,56900730,1973,95.9,"refuge",56.90073,56900.73,"50Mb-60Mb"
"892","LAO03M-1",2,3263291,123614942,120351652,3658,98.1,"refuge",120.351652,120351.652,">100Mb"
"893","LAO03M-1",2,125806416,148497960,22691545,405,75.4,"refuge",22.691545,22691.545,"20Mb-30Mb"
"894","LAO03M-1",5,46777410,50865775,4088366,120,30.6,"refuge",4.088366,4088.366,"4-6Mb"
"895","LAO03M-1",5,127289320,136903751,9614432,406,89.1,"refuge",9.614432,9614.432,"8-10MB"
"896","LAO03M-1",5,147089364,154351167,7261804,587,90.4,"refuge",7.261804,7261.804,"6-8Mb"
"897","LAO03M-1",16,60373749,61833715,1459967,102,37.6,"refuge",1.459967,1459.967,"1-2Mb"
"898","LAO03M-1",14,71279296,78255601,6976306,162,52.4,"refuge",6.976306,6976.306,"6-8Mb"
"899","LAO03M-1",10,3945732,5253426,1307695,123,60.1,"refuge",1.307695,1307.695,"1-2Mb"
"900","LAO03M-1",10,148649710,154650517,6000808,296,92.1,"refuge",6.000808,6000.808,"6-8Mb"
"901","LAO03M-1",14,80503235,87881421,7378187,215,64.4,"refuge",7.378187,7378.187,"6-8Mb"
"902","LAO03M-1",8,220556451,222360509,1804059,102,71.2,"refuge",1.804059,1804.059,"1-2Mb"
"903","LAO03M-1",2,164711473,167883506,3172034,278,78,"refuge",3.172034,3172.034,"2-4Mb"
"904","LAO03M-1",9,11318821,54474700,43155880,1345,94.9,"refuge",43.15588,43155.88,"40Mb-50Mb"
"905","LAO03M-1",13,94335379,96521188,2185810,153,79.8,"refuge",2.18581,2185.81,"2-4Mb"
"906","LAO03M-1",14,19524948,59166968,39642021,880,94,"refuge",39.642021,39642.021,"30Mb-40Mb"
"907","LAO03M-1",9,58077006,152953441,94876436,2363,97,"refuge",94.876436,94876.436,"90Mb-100Mb"
"908","LAO03M-1",13,4827485,67909180,63081696,2125,95.4,"refuge",63.081696,63081.696,"60Mb-70Mb"
"909","LAO03M-1",16,21944920,32239306,10294387,308,63.8,"refuge",10.294387,10294.387,"10-20Mb"
"910","LAO03M-1",10,27690616,32528200,4837585,124,32.7,"refuge",4.837585,4837.585,"4-6Mb"
"911","LAO03M-1",12,81728937,90739226,9010290,614,93.3,"refuge",9.01029,9010.29,"8-10MB"
"912","LAO03M-1",4,178646566,185230154,6583589,186,62.3,"refuge",6.583589,6583.589,"6-8Mb"
"913","LAO03M-1",13,78681257,88540091,9858835,405,81.7,"refuge",9.858835,9858.835,"8-10MB"
"914","LAO03M-1",9,3288400,4629276,1340877,196,73.9,"refuge",1.340877,1340.877,"1-2Mb"
"915","LAO03M-1",4,188909940,207193806,18283867,679,90.4,"refuge",18.283867,18283.867,"10-20Mb"
"916","LAO03M-1",9,50927,1690537,1639611,103,82.6,"refuge",1.639611,1639.611,"1-2Mb"
"917","LAO06M-2A",15,125105,9269740,9144636,631,94.9,"refuge",9.144636,9144.636,"8-10MB"
"918","LAO06M-2A",15,30868649,39661641,8792993,252,59.4,"refuge",8.792993,8792.993,"8-10MB"
"919","LAO06M-2A",10,116758626,122370726,5612101,132,53.6,"refuge",5.612101,5612.101,"4-6Mb"
"920","LAO06M-2A",12,81728937,84859998,3131062,175,58.1,"refuge",3.131062,3131.062,"2-4Mb"
"921","LAO06M-2A",5,119432684,127255503,7822820,346,80.1,"refuge",7.82282,7822.82,"6-8Mb"
"922","LAO06M-2A",15,57004530,64001681,6997152,517,93.1,"refuge",6.997152,6997.152,"6-8Mb"
"923","LAO06M-2A",10,13695401,48698046,35002646,1024,89.3,"refuge",35.002646,35002.646,"30Mb-40Mb"
"924","LAO06M-2A",5,92621025,104620887,11999863,263,71.3,"refuge",11.999863,11999.863,"10-20Mb"
"925","LAO06M-2A",5,136631478,139070855,2439378,176,72.1,"refuge",2.439378,2439.378,"2-4Mb"
"926","LAO06M-2A",1,22363695,65683918,43320224,1215,90.4,"refuge",43.320224,43320.224,"40Mb-50Mb"
"927","LAO06M-2A",12,86067634,88958551,2890918,174,45.9,"refuge",2.890918,2890.918,"2-4Mb"
"928","LAO06M-2A",6,16167738,32120910,15953173,386,82.9,"refuge",15.953173,15953.173,"10-20Mb"
"929","LAO06M-2A",16,21988291,32239306,10251016,313,68.7,"refuge",10.251016,10251.016,"10-20Mb"
"930","LAO06M-2A",9,155402769,157366440,1963672,116,60.1,"refuge",1.963672,1963.672,"1-2Mb"
"931","LAO06M-2A",11,103631979,110297467,6665489,342,82.6,"refuge",6.665489,6665.489,"6-8Mb"
"932","LAO06M-2A",8,29250077,46076594,16826518,359,73.7,"refuge",16.826518,16826.518,"10-20Mb"
"933","LAO06M-2A",6,118516763,134570011,16053249,585,89.6,"refuge",16.053249,16053.249,"10-20Mb"
"934","LAO06M-2A",3,60093,7020196,6960104,516,93.5,"refuge",6.960104,6960.104,"6-8Mb"
"935","LAO06M-2A",3,127408638,132363103,4954466,385,86.9,"refuge",4.954466,4954.466,"4-6Mb"
"936","LAO06M-2A",5,42838965,46846073,4007109,130,38.5,"refuge",4.007109,4007.109,"4-6Mb"
"937","LAO06M-2A",16,49754,1540723,1490970,72,33,"refuge",1.49097,1490.97,"1-2Mb"
"938","LAO06M-2A",4,179777554,188722331,8944778,324,75.9,"refuge",8.944778,8944.778,"8-10MB"
"939","LAO06M-2A",4,204251988,207193806,2941819,185,87.9,"refuge",2.941819,2941.819,"2-4Mb"
"940","LAO06M-2A",12,35032808,44289521,9256714,492,87.5,"refuge",9.256714,9256.714,"8-10MB"
"941","LAO06M-2A",12,71770080,79288981,7518902,346,79.6,"refuge",7.518902,7518.902,"6-8Mb"
"942","LAO06M-2A",6,43444166,76122576,32678411,840,89.2,"refuge",32.678411,32678.411,"30Mb-40Mb"
"943","LAO06M-2A",8,6236105,11071794,4835690,400,89.5,"refuge",4.83569,4835.69,"4-6Mb"
"944","LAO06M-2A",11,24608127,96883723,72275597,1559,95.6,"refuge",72.275597,72275.597,"70Mb-80Mb"
"945","LAO06M-2A",13,917700,3077907,2160208,155,64.9,"refuge",2.160208,2160.208,"2-4Mb"
"946","LAO06M-2A",10,51442880,111332600,59889721,2107,94.3,"refuge",59.889721,59889.721,"50Mb-60Mb"
"947","LAO06M-2A",10,128064019,142712236,14648218,289,76.6,"refuge",14.648218,14648.218,"10-20Mb"
"948","LAO06M-2A",2,3076463,16294646,13218184,696,86.5,"refuge",13.218184,13218.184,"10-20Mb"
"949","LAO06M-2A",3,134870607,136894042,2023436,124,71.4,"refuge",2.023436,2023.436,"2-4Mb"
"950","LAO06M-2A",4,122395046,167410048,45015003,1380,92,"refuge",45.015003,45015.003,"40Mb-50Mb"
"951","LAO06M-2A",2,157942279,167672704,9730426,598,90.7,"refuge",9.730426,9730.426,"8-10MB"
"952","LAO06M-2A",2,168715574,170746123,2030550,152,83.2,"refuge",2.03055,2030.55,"2-4Mb"
"953","LAO06M-2A",1,232165252,233501026,1335775,98,48,"refuge",1.335775,1335.775,"1-2Mb"
"954","LAO06M-2A",6,640722,2547592,1906871,279,85.9,"refuge",1.906871,1906.871,"1-2Mb"
"955","LAO06M-2A",6,2890543,10817786,7927244,458,83,"refuge",7.927244,7927.244,"6-8Mb"
"956","LAO06M-2A",7,2738760,18928577,16189818,774,90.7,"refuge",16.189818,16189.818,"10-20Mb"
"957","LAO06M-2A",8,12298082,16080804,3782723,345,84.7,"refuge",3.782723,3782.723,"2-4Mb"
"958","LAO06M-2A",11,15954759,19154932,3200174,208,70.9,"refuge",3.200174,3200.174,"2-4Mb"
"959","LAO06M-2A",10,5263230,12079438,6816209,522,86.7,"refuge",6.816209,6816.209,"6-8Mb"
"960","LAO06M-2A",17,14316,1308104,1293789,121,55.2,"refuge",1.293789,1293.789,"1-2Mb"
"961","LAO06M-2A",17,31586327,34639582,3053256,261,82.7,"refuge",3.053256,3053.256,"2-4Mb"
"962","LAO06M-2A",8,103778839,147721582,43942744,873,88.5,"refuge",43.942744,43942.744,"40Mb-50Mb"
"963","LAO06M-2A",2,104349629,113313844,8964216,164,67.4,"refuge",8.964216,8964.216,"8-10MB"
"964","LAO06M-2A",1,158486036,176936646,18450611,426,79.3,"refuge",18.450611,18450.611,"10-20Mb"
"965","LAO06M-2A",1,191837247,229410662,37573416,1583,96,"refuge",37.573416,37573.416,"30Mb-40Mb"
"966","LAO06M-2A",9,147444469,152415890,4971422,185,48.1,"refuge",4.971422,4971.422,"4-6Mb"
"967","LAO06M-2A",12,1618890,5434438,3815549,193,54,"refuge",3.815549,3815.549,"2-4Mb"
"968","LAO06M-2A",1,235444920,238811357,3366438,335,81.8,"refuge",3.366438,3366.438,"2-4Mb"
"969","LAO06M-2A",3,37409755,42804732,5394978,206,69.5,"refuge",5.394978,5394.978,"4-6Mb"
"970","LAO06M-2A",7,26319789,45683601,19363813,391,64.8,"refuge",19.363813,19363.813,"10-20Mb"
"971","LAO06M-2A",7,60566881,78897049,18330169,480,84.5,"refuge",18.330169,18330.169,"10-20Mb"
"972","LAO06M-2A",7,81317103,104766691,23449589,368,60.5,"refuge",23.449589,23449.589,"20Mb-30Mb"
"973","LAO06M-2A",9,79156590,87889103,8732514,207,75.5,"refuge",8.732514,8732.514,"8-10MB"
"974","LAO06M-2A",3,104831859,110952412,6120554,140,49,"refuge",6.120554,6120.554,"6-8Mb"
"975","LAO06M-2A",13,94711715,96521188,1809474,130,75.5,"refuge",1.809474,1809.474,"1-2Mb"
"976","LAO06M-2A",1,105887181,114141005,8253825,203,51.9,"refuge",8.253825,8253.825,"8-10MB"
"977","LAO06M-2A",14,71279296,89218734,17939439,531,80.3,"refuge",17.939439,17939.439,"10-20Mb"
"978","LAO06M-2A",9,105782369,114183132,8400764,172,58.4,"refuge",8.400764,8400.764,"8-10MB"
"979","LAO06M-2A",9,5128494,65495622,60367129,2232,97,"refuge",60.367129,60367.129,"60Mb-70Mb"
"980","LAO06M-2A",14,18945084,59720775,40775692,981,94.6,"refuge",40.775692,40775.692,"40Mb-50Mb"
"981","LAO06M-2A",8,220556451,222360509,1804059,105,72.3,"refuge",1.804059,1804.059,"1-2Mb"
"982","LAO06M-2A",13,11733064,36511878,24778815,862,90.8,"refuge",24.778815,24778.815,"20Mb-30Mb"
"983","LAO06M-2A",14,2477001,5764428,3287428,332,82.7,"refuge",3.287428,3287.428,"2-4Mb"
"984","LAO06M-2A",17,6140264,14748664,8608401,541,88.9,"refuge",8.608401,8608.401,"8-10MB"
"985","LAO06M-2A",7,137511670,139748401,2236732,159,58.8,"refuge",2.236732,2236.732,"2-4Mb"
"986","LAO06M-2A",4,17860435,58254840,40394406,1357,94.3,"refuge",40.394406,40394.406,"40Mb-50Mb"
"987","LAO06M-2A",13,57900135,77732257,19832123,871,90.9,"refuge",19.832123,19832.123,"10-20Mb"
"988","LAO06M-2A",6,139688616,148020642,8332027,605,87.5,"refuge",8.332027,8332.027,"8-10MB"
"989","LAO06M-2A",4,410896,7741593,7330698,325,82.4,"refuge",7.330698,7330.698,"6-8Mb"
"990","LAO06M-2A",9,2897992,4702542,1804551,262,76.8,"refuge",1.804551,1804.551,"1-2Mb"
"991","LAO06M-2A",14,89564813,95491652,5926840,491,91.4,"refuge",5.92684,5926.84,"4-6Mb"
"992","LAO06M-2A",7,114835138,129426700,14591563,418,86.1,"refuge",14.591563,14591.563,"10-20Mb"
"993","LAO06M-2A",8,48087189,71997287,23910099,587,84.9,"refuge",23.910099,23910.099,"20Mb-30Mb"
"994","LO01F-1",9,19263303,24589045,5325743,186,63.9,"refuge",5.325743,5325.743,"4-6Mb"
"995","LO01F-1",5,20094882,40804831,20709950,612,91,"refuge",20.70995,20709.95,"20Mb-30Mb"
"996","LO01F-1",9,123352654,131278298,7925645,148,53.5,"refuge",7.925645,7925.645,"6-8Mb"
"997","LO01F-1",5,54882561,68314656,13432096,281,75.8,"refuge",13.432096,13432.096,"10-20Mb"
"998","LO01F-1",3,137078608,140503835,3425228,201,78.9,"refuge",3.425228,3425.228,"2-4Mb"
"999","LO01F-1",4,7549694,10773994,3224301,142,50.1,"refuge",3.224301,3224.301,"2-4Mb"
"1000","LO01F-1",2,12908595,28794220,15885626,399,75.1,"refuge",15.885626,15885.626,"10-20Mb"
"1001","LO01F-1",3,85689961,96174773,10484813,219,68,"refuge",10.484813,10484.813,"10-20Mb"
"1002","LO01F-1",15,3686304,4782742,1096439,82,67.1,"refuge",1.096439,1096.439,"1-2Mb"
"1003","LO01F-1",15,8874131,15821591,6947461,216,55.8,"refuge",6.947461,6947.461,"6-8Mb"
"1004","LO01F-1",15,30868649,45465473,14596825,383,78.4,"refuge",14.596825,14596.825,"10-20Mb"
"1005","LO01F-1",3,117660132,123842020,6181889,195,55,"refuge",6.181889,6181.889,"6-8Mb"
"1006","LO01F-1",2,127161093,148497960,21336868,382,70.5,"refuge",21.336868,21336.868,"20Mb-30Mb"
"1007","LO01F-1",1,81097855,96531304,15433450,431,78.8,"refuge",15.43345,15433.45,"10-20Mb"
"1008","LO01F-1",3,10304583,12744977,2440395,161,78.5,"refuge",2.440395,2440.395,"2-4Mb"
"1009","LO01F-1",10,51065848,60012009,8946162,248,56.5,"refuge",8.946162,8946.162,"8-10MB"
"1010","LO01F-1",1,210553175,213768294,3215120,137,59.7,"refuge",3.21512,3215.12,"2-4Mb"
"1011","LO01F-1",12,14855412,16447317,1591906,120,38.5,"refuge",1.591906,1591.906,"1-2Mb"
"1012","LO01F-1",11,103631979,107770274,4138296,168,63.1,"refuge",4.138296,4138.296,"4-6Mb"
"1013","LO01F-1",10,34222938,35292590,1069653,96,33.6,"refuge",1.069653,1069.653,"1-2Mb"
"1014","LO01F-1",17,14316,1786479,1772164,186,79.4,"refuge",1.772164,1772.164,"1-2Mb"
"1015","LO01F-1",8,177480768,191363111,13882344,220,42.8,"refuge",13.882344,13882.344,"10-20Mb"
"1016","LO01F-1",17,40455257,42851950,2396694,201,34.6,"refuge",2.396694,2396.694,"2-4Mb"
"1017","LO01F-1",14,82682098,88453905,5771808,153,59.9,"refuge",5.771808,5771.808,"4-6Mb"
"1018","LO01F-1",10,143101744,147424266,4322523,194,72.4,"refuge",4.322523,4322.523,"4-6Mb"
"1019","LO01F-1",8,103687917,113843789,10155873,138,46.4,"refuge",10.155873,10155.873,"10-20Mb"
"1020","LO01F-1",17,8579325,11779986,3200662,194,72,"refuge",3.200662,3200.662,"2-4Mb"
"1021","LO01F-1",14,9477588,12529076,3051489,190,58.3,"refuge",3.051489,3051.489,"2-4Mb"
"1022","LO01F-1",8,6572831,8262087,1689257,108,48.9,"refuge",1.689257,1689.257,"1-2Mb"
"1023","LO01F-1",14,92137412,93661577,1524166,169,48.5,"refuge",1.524166,1524.166,"1-2Mb"
"1024","LO01F-1",6,112350489,126982172,14631684,554,90.7,"refuge",14.631684,14631.684,"10-20Mb"
"1025","LO01F-1",7,27528708,45269063,17740356,328,62.7,"refuge",17.740356,17740.356,"10-20Mb"
"1026","LO03M-1",2,127161093,151248001,24086909,442,69.6,"refuge",24.086909,24086.909,"20Mb-30Mb"
"1027","LO03M-1",3,2129984,3721912,1591929,148,64.6,"refuge",1.591929,1591.929,"1-2Mb"
"1028","LO03M-1",5,86334635,104890559,18555925,405,81.4,"refuge",18.555925,18555.925,"10-20Mb"
"1029","LO03M-1",15,8198105,22984595,14786491,472,88.2,"refuge",14.786491,14786.491,"10-20Mb"
"1030","LO03M-1",8,115311942,147636122,32324181,674,86.9,"refuge",32.324181,32324.181,"30Mb-40Mb"
"1031","LO03M-1",5,120865321,123935858,3070538,126,54.6,"refuge",3.070538,3070.538,"2-4Mb"
"1032","LO03M-1",2,119123782,122748307,3624526,212,78.1,"refuge",3.624526,3624.526,"2-4Mb"
"1033","LO03M-1",8,67449675,74549435,7099761,240,66.5,"refuge",7.099761,7099.761,"6-8Mb"
"1034","LO03M-1",4,128376947,134061151,5684205,153,64.4,"refuge",5.684205,5684.205,"4-6Mb"
"1035","LO03M-1",4,194348870,202376618,8027749,279,64.3,"refuge",8.027749,8027.749,"8-10MB"
"1036","LO03M-1",2,16251503,36914014,20662512,449,83.2,"refuge",20.662512,20662.512,"20Mb-30Mb"
"1037","LO03M-1",3,117090998,131283558,14192561,616,87.5,"refuge",14.192561,14192.561,"10-20Mb"
"1038","LO03M-1",2,7133170,10850984,3717815,136,42.9,"refuge",3.717815,3717.815,"2-4Mb"
"1039","LO03M-1",16,59179867,61833715,2653849,229,83,"refuge",2.653849,2653.849,"2-4Mb"
"1040","LO03M-1",5,136701182,154885742,18184561,1238,96.5,"refuge",18.184561,18184.561,"10-20Mb"
"1041","LO03M-1",8,45356222,49707697,4351476,153,41.5,"refuge",4.351476,4351.476,"4-6Mb"
"1042","LO03M-1",2,162445204,167044312,4599109,360,87.3,"refuge",4.599109,4599.109,"4-6Mb"
"1043","LO03M-1",9,141375068,147131990,5756923,200,64.7,"refuge",5.756923,5756.923,"4-6Mb"
"1044","LO03M-1",3,13853482,20385753,6532272,297,77.5,"refuge",6.532272,6532.272,"6-8Mb"
"1045","LO03M-1",3,69910175,85550696,15640522,350,73.7,"refuge",15.640522,15640.522,"10-20Mb"
"1046","LO03M-1",11,114970727,116944018,1973292,137,77.2,"refuge",1.973292,1973.292,"1-2Mb"
"1047","LO03M-1",17,23199927,24107065,907139,105,63.3,"refuge",0.907139,907.139,"<1Mb"
"1048","LO03M-1",4,56701490,73543453,16841964,507,84.3,"refuge",16.841964,16841.964,"10-20Mb"
"1049","LO03M-1",10,35627962,39535579,3907618,144,52,"refuge",3.907618,3907.618,"2-4Mb"
"1050","LO03M-1",1,5541386,10346230,4804845,357,81.5,"refuge",4.804845,4804.845,"4-6Mb"
"1051","LO03M-1",1,26701767,66483918,39782152,1044,90.6,"refuge",39.782152,39782.152,"30Mb-40Mb"
"1052","LO03M-1",17,4685150,7600746,2915597,144,68,"refuge",2.915597,2915.597,"2-4Mb"
"1053","LO03M-1",17,755311,2247128,1491818,153,47.8,"refuge",1.491818,1491.818,"1-2Mb"
"1054","LO03M-1",14,21782426,26850189,5067764,152,59.6,"refuge",5.067764,5067.764,"4-6Mb"
"1055","LO03M-1",13,12528194,16525516,3997323,219,55.1,"refuge",3.997323,3997.323,"2-4Mb"
"1056","LO03M-1",8,213423243,217923359,4500117,163,34.6,"refuge",4.500117,4500.117,"4-6Mb"
"1057","LO03M-1",9,7633043,10344767,2711725,173,61.9,"refuge",2.711725,2711.725,"2-4Mb"
"1058","LO03M-1",7,140306271,142357735,2051465,134,38.7,"refuge",2.051465,2051.465,"2-4Mb"
"1059","LO03M-1",11,46856433,71567760,24711328,423,82.3,"refuge",24.711328,24711.328,"20Mb-30Mb"
"1060","LO03M-1",11,103052788,107770274,4717487,185,66.6,"refuge",4.717487,4717.487,"4-6Mb"
"1061","LO03M-1",9,62288600,83295685,21007086,563,87.7,"refuge",21.007086,21007.086,"20Mb-30Mb"
"1062","LO03M-1",4,13028525,15876257,2847733,167,62.3,"refuge",2.847733,2847.733,"2-4Mb"
"1063","LO03M-1",4,1971423,6609094,4637672,200,56.9,"refuge",4.637672,4637.672,"4-6Mb"
"1064","LO03M-1",8,169393555,181711530,12317976,214,53.1,"refuge",12.317976,12317.976,"10-20Mb"
"1065","LO03M-1",6,137953214,140449612,2496399,194,83.5,"refuge",2.496399,2496.399,"2-4Mb"
"1066","LO03M-1",11,682287,3916975,3234689,312,87.6,"refuge",3.234689,3234.689,"2-4Mb"
"1067","LO03M-1",7,89668999,115720635,26051637,475,78.3,"refuge",26.051637,26051.637,"20Mb-30Mb"
"1068","LO03M-1",14,3587271,4791835,1204565,159,51.9,"refuge",1.204565,1204.565,"1-2Mb"
"1069","LO03M-1",13,17828471,21245754,3417284,165,64.4,"refuge",3.417284,3417.284,"2-4Mb"
"1070","LO03M-1",6,84063864,99413747,15349884,551,89.1,"refuge",15.349884,15349.884,"10-20Mb"
"1071","LO03M-1",15,50831877,55065464,4233588,158,46.5,"refuge",4.233588,4233.588,"4-6Mb"
"1072","LO04M-1",5,123146130,127255503,4109374,189,64.2,"refuge",4.109374,4109.374,"4-6Mb"
"1073","LO04M-1",2,153083529,158005397,4921869,209,56.1,"refuge",4.921869,4921.869,"4-6Mb"
"1074","LO04M-1",11,114763112,116944018,2180907,163,77,"refuge",2.180907,2180.907,"2-4Mb"
"1075","LO04M-1",16,19194,32239306,32220113,1264,95.1,"refuge",32.220113,32220.113,"30Mb-40Mb"
"1076","LO04M-1",5,101568098,115870317,14302220,434,86.5,"refuge",14.30222,14302.22,"10-20Mb"
"1077","LO04M-1",6,139688616,145317624,5629009,445,86.4,"refuge",5.629009,5629.009,"4-6Mb"
"1078","LO04M-1",2,101402943,113313844,11910902,221,76.8,"refuge",11.910902,11910.902,"10-20Mb"
"1079","LO04M-1",7,126947593,137292745,10345153,556,88.2,"refuge",10.345153,10345.153,"10-20Mb"
"1080","LO04M-1",2,167571739,170746123,3174385,263,85.3,"refuge",3.174385,3174.385,"2-4Mb"
"1081","LO04M-1",16,55375858,60357755,4981898,511,86.4,"refuge",4.981898,4981.898,"4-6Mb"
"1082","LO04M-1",7,114835138,124623065,9787928,256,78.7,"refuge",9.787928,9787.928,"8-10MB"
"1083","LO04M-1",1,105887181,114094824,8207644,205,56.5,"refuge",8.207644,8207.644,"8-10MB"
"1084","LO04M-1",10,13695401,26364119,12668719,242,52.2,"refuge",12.668719,12668.719,"10-20Mb"
"1085","LO04M-1",3,13851926,19459051,5607126,234,67,"refuge",5.607126,5607.126,"4-6Mb"
"1086","LO04M-1",3,136938578,140503835,3565258,204,86.4,"refuge",3.565258,3565.258,"2-4Mb"
"1087","LO04M-1",7,26319789,45683601,19363813,399,63.2,"refuge",19.363813,19363.813,"10-20Mb"
"1088","LO04M-1",9,50927,1979746,1928820,139,85.9,"refuge",1.92882,1928.82,"1-2Mb"
"1089","LO04M-1",6,42351249,76122576,33771328,863,91.3,"refuge",33.771328,33771.328,"30Mb-40Mb"
"1090","LO04M-1",10,28023242,34916424,6893183,223,72.8,"refuge",6.893183,6893.183,"6-8Mb"
"1091","LO04M-1",1,65724657,79833266,14108610,400,83.3,"refuge",14.10861,14108.61,"10-20Mb"
"1092","LO04M-1",11,24578484,96883723,72305240,1546,94.9,"refuge",72.30524,72305.24,"70Mb-80Mb"
"1093","LO04M-1",11,682287,19154932,18472646,1028,95.8,"refuge",18.472646,18472.646,"10-20Mb"
"1094","LO04M-1",9,3288400,5083961,1795562,239,77.2,"refuge",1.795562,1795.562,"1-2Mb"
"1095","LO04M-1",5,136631478,139596233,2964756,196,73.7,"refuge",2.964756,2964.756,"2-4Mb"
"1096","LO04M-1",5,1230013,4808376,3578364,175,82.6,"refuge",3.578364,3578.364,"2-4Mb"
"1097","LO04M-1",10,116758626,127650676,10892051,233,76.3,"refuge",10.892051,10892.051,"10-20Mb"
"1098","LO04M-1",3,78830751,110952412,32121662,786,85.3,"refuge",32.121662,32121.662,"30Mb-40Mb"
"1099","LO04M-1",7,27950,1503177,1475228,70,41.7,"refuge",1.475228,1475.228,"1-2Mb"
"1100","LO04M-1",13,65106898,94675514,29568617,1463,93.6,"refuge",29.568617,29568.617,"20Mb-30Mb"
"1101","LO04M-1",3,61643749,72207586,10563838,233,62,"refuge",10.563838,10563.838,"10-20Mb"
"1102","LO04M-1",14,89329861,95491652,6161792,518,93.3,"refuge",6.161792,6161.792,"6-8Mb"
"1103","LO04M-1",10,5971398,12079438,6108041,461,86.6,"refuge",6.108041,6108.041,"6-8Mb"
"1104","LO04M-1",10,40185007,48698046,8513040,252,66.7,"refuge",8.51304,8513.04,"8-10MB"
"1105","LO04M-1",7,81641653,104766691,23125039,355,61.3,"refuge",23.125039,23125.039,"20Mb-30Mb"
"1106","LO04M-1",8,69111,2735768,2666658,224,85.4,"refuge",2.666658,2666.658,"2-4Mb"
"1107","LO04M-1",3,60093,1469260,1409168,80,71.6,"refuge",1.409168,1409.168,"1-2Mb"
"1108","LO04M-1",9,54852231,62220304,7368074,239,77.8,"refuge",7.368074,7368.074,"6-8Mb"
"1109","LO04M-1",2,6448794,36509984,30061191,898,91.8,"refuge",30.061191,30061.191,"30Mb-40Mb"
"1110","LO04M-1",15,6308478,8714991,2406514,95,33.8,"refuge",2.406514,2406.514,"2-4Mb"
"1111","LO04M-1",6,2890543,10817786,7927244,455,83,"refuge",7.927244,7927.244,"6-8Mb"
"1112","LO04M-1",8,215352358,222360509,7008152,414,88.3,"refuge",7.008152,7008.152,"6-8Mb"
"1113","LO04M-1",15,59697224,64001681,4304458,343,84.3,"refuge",4.304458,4304.458,"4-6Mb"
"1114","LO04M-1",14,74832090,87940273,13108184,379,67.9,"refuge",13.108184,13108.184,"10-20Mb"
"1115","LO04M-1",9,157366440,159366963,2000524,98,72.7,"refuge",2.000524,2000.524,"2-4Mb"
"1116","LO04M-1",12,44573299,86929350,42356052,1543,95.2,"refuge",42.356052,42356.052,"40Mb-50Mb"
"1117","LO04M-1",17,21227747,31091599,9863853,541,89,"refuge",9.863853,9863.853,"8-10MB"
"1118","LO04M-1",10,51442880,58403834,6960955,183,43,"refuge",6.960955,6960.955,"6-8Mb"
"1119","LO04M-1",12,507746,5513163,5005418,231,71.4,"refuge",5.005418,5005.418,"4-6Mb"
"1120","LO04M-1",8,198603761,207107764,8504004,354,74.3,"refuge",8.504004,8504.004,"8-10MB"
"1121","LO04M-1",8,11098698,94529684,83430987,2595,95.8,"refuge",83.430987,83430.987,"80Mb-90Mb"
"1122","LO04M-1",8,97355607,147721582,50365976,1024,91.9,"refuge",50.365976,50365.976,"50Mb-60Mb"
"1123","LO04M-1",3,20459020,31096920,10637901,509,88,"refuge",10.637901,10637.901,"10-20Mb"
"1124","LO04M-1",9,79156590,87889103,8732514,198,74.3,"refuge",8.732514,8732.514,"8-10MB"
"1125","LO04M-1",15,30868649,37884853,7016205,195,54.4,"refuge",7.016205,7016.205,"6-8Mb"
"1126","LO04M-1",14,8618705,11401793,2783089,176,74,"refuge",2.783089,2783.089,"2-4Mb"
"1127","LO04M-1",17,43031993,44201274,1169282,66,44.9,"refuge",1.169282,1169.282,"1-2Mb"
"1128","LO04M-1",17,1298933,6072552,4773620,390,87.3,"refuge",4.77362,4773.62,"4-6Mb"
"1129","LO04M-1",9,105782369,131278298,25495930,503,81.7,"refuge",25.49593,25495.93,"20Mb-30Mb"
"1130","LO04M-1",10,3395827,4689516,1293690,118,59,"refuge",1.29369,1293.69,"1-2Mb"
"1131","LO04M-1",4,410896,7741593,7330698,318,74.7,"refuge",7.330698,7330.698,"6-8Mb"
"1132","LO04M-1",10,145285126,146723480,1438355,91,54.9,"refuge",1.438355,1438.355,"1-2Mb"
"1133","LO04M-1",4,102373664,121033169,18659506,543,85,"refuge",18.659506,18659.506,"10-20Mb"
"1134","LO04M-1",6,640722,2547592,1906871,282,86.5,"refuge",1.906871,1906.871,"1-2Mb"
"1135","LO04M-1",13,36592096,57866558,21274463,623,86.1,"refuge",21.274463,21274.463,"20Mb-30Mb"
"1136","LO04M-1",1,236504011,237348298,844288,99,45.1,"refuge",0.844288,844.288,"<1Mb"
"1137","LO04M-1",4,179777554,185230154,5452601,177,58.3,"refuge",5.452601,5452.601,"4-6Mb"
"1138","LO04M-1",4,170658457,174780547,4122091,137,55.8,"refuge",4.122091,4122.091,"4-6Mb"
"1139","LO04M-1",13,917700,4733871,3816172,323,80.8,"refuge",3.816172,3816.172,"2-4Mb"
"1140","LO04M-1",1,178804470,233232564,54428095,2305,97.3,"refuge",54.428095,54428.095,"50Mb-60Mb"
"1141","LO04M-1",1,158486036,171444205,12958170,247,63.2,"refuge",12.95817,12958.17,"10-20Mb"
"1142","OF289-2",8,198255009,207107764,8852756,352,69.6,"refuge",8.852756,8852.756,"8-10MB"
"1143","OF289-2",16,58075303,60270351,2195049,238,70.2,"refuge",2.195049,2195.049,"2-4Mb"
"1144","OF289-2",6,121717896,133061169,11343274,370,79.7,"refuge",11.343274,11343.274,"10-20Mb"
"1145","OF289-2",11,97831977,102885014,5053038,238,77.4,"refuge",5.053038,5053.038,"4-6Mb"
"1146","OF289-2",1,129419432,171444205,42024774,1047,89.4,"refuge",42.024774,42024.774,"40Mb-50Mb"
"1147","OF289-2",3,28356211,31096920,2740710,153,69.8,"refuge",2.74071,2740.71,"2-4Mb"
"1148","OF289-2",3,61643749,72532898,10889150,242,65.6,"refuge",10.88915,10889.15,"10-20Mb"
"1149","OF289-2",1,239332742,241417019,2084278,238,83.8,"refuge",2.084278,2084.278,"2-4Mb"
"1150","OF289-2",7,83368851,101779862,18411012,278,54.6,"refuge",18.411012,18411.012,"10-20Mb"
"1151","OF289-2",8,215352358,222360509,7008152,410,84.9,"refuge",7.008152,7008.152,"6-8Mb"
"1152","OF289-2",11,51171386,76359982,25188597,447,66.8,"refuge",25.188597,25188.597,"20Mb-30Mb"
"1153","OF289-2",6,146317728,148020642,1702915,109,30.6,"refuge",1.702915,1702.915,"1-2Mb"
"1154","OF289-2",8,134331789,144102492,9770704,152,50.5,"refuge",9.770704,9770.704,"8-10MB"
"1155","OF289-2",16,7136962,32239306,25102345,897,91,"refuge",25.102345,25102.345,"20Mb-30Mb"
"1156","OF289-2",3,13851926,19459051,5607126,220,67,"refuge",5.607126,5607.126,"4-6Mb"
"1157","OF289-2",5,92621025,115870317,23249293,595,90.3,"refuge",23.249293,23249.293,"20Mb-30Mb"
"1158","OF289-2",11,15873763,19154932,3281170,209,69,"refuge",3.28117,3281.17,"2-4Mb"
"1159","OF289-2",15,8747823,19781269,11033447,308,78.4,"refuge",11.033447,11033.447,"10-20Mb"
"1160","OF289-2",6,68947604,76122576,7174973,171,50.8,"refuge",7.174973,7174.973,"6-8Mb"
"1161","OF289-2",6,144462387,145317624,855238,92,54.5,"refuge",0.855238,855.238,"<1Mb"
"1162","OF289-2",10,1982250,3916982,1934733,144,68.7,"refuge",1.934733,1934.733,"1-2Mb"
"1163","OF289-2",16,19194,1673520,1654327,78,42.3,"refuge",1.654327,1654.327,"1-2Mb"
"1164","OF289-2",17,20989111,30296213,9307103,495,87,"refuge",9.307103,9307.103,"8-10MB"
"1165","OF289-2",12,44573299,54590648,10017350,271,76.9,"refuge",10.01735,10017.35,"10-20Mb"
"1166","OF289-2",2,123639699,148497960,24858262,474,74.8,"refuge",24.858262,24858.262,"20Mb-30Mb"
"1167","OF289-2",8,29069140,45614079,16544940,345,68.3,"refuge",16.54494,16544.94,"10-20Mb"
"1168","OF289-2",1,106055774,118840438,12784665,300,73.9,"refuge",12.784665,12784.665,"10-20Mb"
"1169","OF289-2",14,8618705,11401793,2783089,170,73.3,"refuge",2.783089,2783.089,"2-4Mb"
"1170","OF289-2",1,232165252,233501026,1335775,92,43.7,"refuge",1.335775,1335.775,"1-2Mb"
"1171","OF289-2",7,27950,1503177,1475228,64,35.1,"refuge",1.475228,1475.228,"1-2Mb"
"1172","OF289-2",11,21131398,24655842,3524445,169,70.8,"refuge",3.524445,3524.445,"2-4Mb"
"1173","OF289-2",3,78830751,110952412,32121662,774,84.2,"refuge",32.121662,32121.662,"30Mb-40Mb"
"1174","OF289-2",12,1618890,5513163,3894274,186,48.6,"refuge",3.894274,3894.274,"2-4Mb"
"1175","OF289-2",11,114763112,116944018,2180907,166,79,"refuge",2.180907,2180.907,"2-4Mb"
"1176","OF289-2",1,29955063,65683918,35728856,851,88,"refuge",35.728856,35728.856,"30Mb-40Mb"
"1177","OF289-2",2,164711473,167672704,2961232,255,78.4,"refuge",2.961232,2961.232,"2-4Mb"
"1178","OF289-2",5,123225501,127255503,4030003,183,64.9,"refuge",4.030003,4030.003,"4-6Mb"
"1179","OF289-2",1,4919832,20357122,15437291,853,92.9,"refuge",15.437291,15437.291,"10-20Mb"
"1180","OF289-2",9,54534917,62220304,7685388,242,80.3,"refuge",7.685388,7685.388,"6-8Mb"
"1181","OF289-2",7,26319789,45683601,19363813,376,63,"refuge",19.363813,19363.813,"10-20Mb"
"1182","OF289-2",9,50927,1979746,1928820,143,86,"refuge",1.92882,1928.82,"1-2Mb"
"1183","OF289-2",9,3288400,7313142,4024743,391,83.1,"refuge",4.024743,4024.743,"4-6Mb"
"1184","OF289-2",5,35435376,41928434,6493059,231,74.7,"refuge",6.493059,6493.059,"6-8Mb"
"1185","OF289-2",8,17404516,19119553,1715038,140,44.7,"refuge",1.715038,1715.038,"1-2Mb"
"1186","OF289-2",9,105782369,130665202,24882834,483,84.4,"refuge",24.882834,24882.834,"20Mb-30Mb"
"1187","OF289-2",2,101569811,113313844,11744034,206,76.1,"refuge",11.744034,11744.034,"10-20Mb"
"1188","OF289-2",10,5971398,12144958,6173561,461,88.4,"refuge",6.173561,6173.561,"6-8Mb"
"1189","OF289-2",10,13695401,26364119,12668719,228,45.3,"refuge",12.668719,12668.719,"10-20Mb"
"1190","OF289-2",10,92817013,116598223,23781211,516,87.9,"refuge",23.781211,23781.211,"20Mb-30Mb"
"1191","OF289-2",10,150353827,154650517,4296691,188,73.1,"refuge",4.296691,4296.691,"4-6Mb"
"1192","OF289-2",15,59697224,64001681,4304458,344,85.1,"refuge",4.304458,4304.458,"4-6Mb"
"1193","OF289-2",14,71279296,78255601,6976306,161,53.5,"refuge",6.976306,6976.306,"6-8Mb"
"1194","OF289-2",9,79156590,87889103,8732514,196,70,"refuge",8.732514,8732.514,"8-10MB"
"1195","OF289-2",14,80372540,87881421,7508882,214,65.1,"refuge",7.508882,7508.882,"6-8Mb"
"1196","OF289-2",15,39407225,49195737,9788513,172,53.6,"refuge",9.788513,9788.513,"8-10MB"
"1197","OF289-2",10,27566174,34916424,7350251,231,68.8,"refuge",7.350251,7350.251,"6-8Mb"
"1198","OF289-2",4,199152622,202632275,3479654,159,45.6,"refuge",3.479654,3479.654,"2-4Mb"
"1199","OF289-2",5,6130740,9239845,3109106,114,50.7,"refuge",3.109106,3109.106,"2-4Mb"
"1200","OF289-2",6,2890543,5335326,2444784,190,65.3,"refuge",2.444784,2444.784,"2-4Mb"
"1201","OF289-2",4,179777554,188722331,8944778,307,76.9,"refuge",8.944778,8944.778,"8-10MB"
"1202","OF304-1A",12,81728937,84853206,3124270,173,54.8,"refuge",3.12427,3124.27,"2-4Mb"
"1203","OF304-1A",12,35032808,44289521,9256714,493,86.6,"refuge",9.256714,9256.714,"8-10MB"
"1204","OF304-1A",8,103778839,131300189,27521351,567,80.4,"refuge",27.521351,27521.351,"20Mb-30Mb"
"1205","OF304-1A",16,21644544,32239306,10594763,335,71.3,"refuge",10.594763,10594.763,"10-20Mb"
"1206","OF304-1A",8,69111,2840036,2770926,244,85.7,"refuge",2.770926,2770.926,"2-4Mb"
"1207","OF304-1A",11,15954759,20649517,4694759,308,80.1,"refuge",4.694759,4694.759,"4-6Mb"
"1208","OF304-1A",13,93132465,96521188,3388724,242,84.2,"refuge",3.388724,3388.724,"2-4Mb"
"1209","OF304-1A",7,131963623,137151156,5187534,275,81.6,"refuge",5.187534,5187.534,"4-6Mb"
"1210","OF304-1A",11,682287,1880439,1198153,109,75.7,"refuge",1.198153,1198.153,"1-2Mb"
"1211","OF304-1A",1,158486036,176936646,18450611,423,79.8,"refuge",18.450611,18450.611,"10-20Mb"
"1212","OF304-1A",3,104831859,116743510,11911652,247,65,"refuge",11.911652,11911.652,"10-20Mb"
"1213","OF304-1A",13,69118958,71264471,2145514,179,64.8,"refuge",2.145514,2145.514,"2-4Mb"
"1214","OF304-1A",13,77716518,88299078,10582561,483,82.9,"refuge",10.582561,10582.561,"10-20Mb"
"1215","OF304-1A",17,14316,14748664,14734349,1048,96.6,"refuge",14.734349,14734.349,"10-20Mb"
"1216","OF304-1A",4,179777554,188722331,8944778,318,78.7,"refuge",8.944778,8944.778,"8-10MB"
"1217","OF304-1A",9,2177700,4611498,2433799,333,84.2,"refuge",2.433799,2433.799,"2-4Mb"
"1218","OF304-1A",8,220556451,222266969,1710519,102,71.4,"refuge",1.710519,1710.519,"1-2Mb"
"1219","OF304-1A",7,79016643,104514585,25497943,437,76.8,"refuge",25.497943,25497.943,"20Mb-30Mb"
"1220","OF304-1A",7,27528708,44101900,16573193,296,59.3,"refuge",16.573193,16573.193,"10-20Mb"
"1221","OF304-1A",14,80372540,87881421,7508882,227,66.6,"refuge",7.508882,7508.882,"6-8Mb"
"1222","OF304-1A",10,27566174,32635466,5069293,133,31.7,"refuge",5.069293,5069.293,"4-6Mb"
"1223","OF304-1A",10,82002658,92999223,10996566,326,76.8,"refuge",10.996566,10996.566,"10-20Mb"
"1224","OF304-1A",5,123146130,135404550,12258421,485,86.8,"refuge",12.258421,12258.421,"10-20Mb"
"1225","OF304-1A",4,164470068,170054254,5584187,205,64.6,"refuge",5.584187,5584.187,"4-6Mb"
"1226","OF304-1A",1,49417682,73709488,24291807,555,86.5,"refuge",24.291807,24291.807,"20Mb-30Mb"
"1227","OF304-1A",1,105887181,136319515,30432335,825,90,"refuge",30.432335,30432.335,"30Mb-40Mb"
"1228","OF304-1A",8,28981897,45614079,16632183,353,68.3,"refuge",16.632183,16632.183,"10-20Mb"
"1229","OF304-1A",9,89493982,109282645,19788664,373,78.7,"refuge",19.788664,19788.664,"10-20Mb"
"1230","OF304-1A",4,17860435,23231518,5371084,183,73.7,"refuge",5.371084,5371.084,"4-6Mb"
"1231","OF304-1A",13,11864357,13679860,1815504,171,68.6,"refuge",1.815504,1815.504,"1-2Mb"
"1232","OF304-1A",2,116857706,122191058,5333353,239,65.9,"refuge",5.333353,5333.353,"4-6Mb"
"1233","OF304-1A",4,75203880,88655493,13451614,375,79.4,"refuge",13.451614,13451.614,"10-20Mb"
"1234","OF304-1A",6,139688616,144399668,4711053,349,81,"refuge",4.711053,4711.053,"4-6Mb"
"1235","OF304-1A",15,8747823,39661641,30913819,789,84.4,"refuge",30.913819,30913.819,"30Mb-40Mb"
"1236","OF304-1A",14,11533256,15452996,3919741,203,70.2,"refuge",3.919741,3919.741,"2-4Mb"
"1237","OF304-1A",9,147418798,153205141,5786344,237,72.8,"refuge",5.786344,5786.344,"4-6Mb"
"1238","OF304-1A",11,55024197,76290889,21266693,376,69.6,"refuge",21.266693,21266.693,"20Mb-30Mb"
"1239","OF304-1A",11,110297467,112869301,2571835,170,74,"refuge",2.571835,2571.835,"2-4Mb"
"1240","OF304-1A",2,64181873,73537967,9356095,422,85.4,"refuge",9.356095,9356.095,"8-10MB"
"1241","OF304-1A",2,164711473,167883506,3172034,285,77.6,"refuge",3.172034,3172.034,"2-4Mb"
"1242","OF304-1A",14,19516121,49087983,29571863,722,90.3,"refuge",29.571863,29571.863,"20Mb-30Mb"
"1243","OF304-1A",1,232165252,233501026,1335775,94,42.3,"refuge",1.335775,1335.775,"1-2Mb"
"1244","OF304-1A",1,22373796,37439258,15065463,492,83.9,"refuge",15.065463,15065.463,"10-20Mb"
"1245","OF304-1A",10,98027415,106471593,8444179,177,65,"refuge",8.444179,8444.179,"8-10MB"
"1246","OF304-1A",2,157942279,163544205,5601927,277,78.7,"refuge",5.601927,5601.927,"4-6Mb"
"1247","OM258-2",5,147923405,152286803,4363399,314,76.5,"refuge",4.363399,4363.399,"4-6Mb"
"1248","OM258-2",8,53448836,71642344,18193509,345,62.6,"refuge",18.193509,18193.509,"10-20Mb"
"1249","OM258-2",12,65594807,77137312,11542506,378,82.1,"refuge",11.542506,11542.506,"10-20Mb"
"1250","OM258-2",16,21944920,31973444,10028525,226,60.4,"refuge",10.028525,10028.525,"10-20Mb"
"1251","OM258-2",6,109339691,120021835,10682145,341,86.7,"refuge",10.682145,10682.145,"10-20Mb"
"1252","OM258-2",8,94135323,128932510,34797188,662,88.3,"refuge",34.797188,34797.188,"30Mb-40Mb"
"1253","OM258-2",5,1607270,4808376,3201107,128,47.4,"refuge",3.201107,3201.107,"2-4Mb"
"1254","OM258-2",6,139688616,144398313,4709698,281,73.8,"refuge",4.709698,4709.698,"4-6Mb"
"1255","OM258-2",16,5562516,21220522,15658007,510,84.1,"refuge",15.658007,15658.007,"10-20Mb"
"1256","OM258-2",8,29417250,46065597,16648348,297,56.6,"refuge",16.648348,16648.348,"10-20Mb"
"1257","OM258-2",4,14565822,16968518,2402697,127,52.8,"refuge",2.402697,2402.697,"2-4Mb"
"1258","OM258-2",5,16484303,24959805,8475503,285,72.4,"refuge",8.475503,8475.503,"8-10MB"
"1259","OM258-2",12,86067634,90305575,4237942,287,75.8,"refuge",4.237942,4237.942,"4-6Mb"
"1260","OM258-2",3,133153339,138923578,5770240,291,73.1,"refuge",5.77024,5770.24,"4-6Mb"
"1261","OM258-2",9,130090928,142163763,12072836,276,69.5,"refuge",12.072836,12072.836,"10-20Mb"
"1262","OM258-2",9,154713743,156289517,1575775,94,30.5,"refuge",1.575775,1575.775,"1-2Mb"
"1263","OM258-2",6,121717896,132990119,11272224,296,77.6,"refuge",11.272224,11272.224,"10-20Mb"
"1264","OM258-2",8,144666737,153606421,8939685,156,66.5,"refuge",8.939685,8939.685,"8-10MB"
"1265","OM258-2",11,16891180,21096209,4205030,219,61.1,"refuge",4.20503,4205.03,"4-6Mb"
"1266","OM258-2",11,113662786,116944018,3281233,255,88,"refuge",3.281233,3281.233,"2-4Mb"
"1267","OM258-2",7,133309148,142357735,9048588,480,91.2,"refuge",9.048588,9048.588,"8-10MB"
"1268","OM258-2",1,178804470,188773874,9969405,333,80.7,"refuge",9.969405,9969.405,"8-10MB"
"1269","OM258-2",9,4064351,7282591,3218241,225,74.1,"refuge",3.218241,3218.241,"2-4Mb"
"1270","OM258-2",2,76736861,82814493,6077633,177,67,"refuge",6.077633,6077.633,"6-8Mb"
"1271","OM258-2",2,24258,3811780,3787523,262,81,"refuge",3.787523,3787.523,"2-4Mb"
"1272","OM258-2",7,81641653,107505680,25864028,335,63,"refuge",25.864028,25864.028,"20Mb-30Mb"
"1273","OM258-2",6,146317728,149650734,3333007,120,40.3,"refuge",3.333007,3333.007,"2-4Mb"
"1274","OM258-2",6,4458207,64412152,59953946,1600,93.4,"refuge",59.953946,59953.946,"50Mb-60Mb"
"1275","OM258-2",4,191145319,199281720,8136402,192,81.7,"refuge",8.136402,8136.402,"8-10MB"
"1276","OM258-2",15,5536945,11661126,6124182,231,56.9,"refuge",6.124182,6124.182,"6-8Mb"
"1277","OM258-2",4,2593753,6609094,4015342,133,36.4,"refuge",4.015342,4015.342,"4-6Mb"
"1278","OM258-2",1,99970767,171748959,71778193,1700,92.8,"refuge",71.778193,71778.193,"70Mb-80Mb"
"1279","OM258-2",4,8060398,12236206,4175809,117,43.8,"refuge",4.175809,4175.809,"4-6Mb"
"1280","OM258-2",4,203646028,204545511,899484,64,30.1,"refuge",0.899484,899.484,"<1Mb"
"1281","OM258-2",8,69111,1563687,1494577,87,33.7,"refuge",1.494577,1494.577,"1-2Mb"
"1282","OM258-2",4,32983375,44153465,11170091,286,79.8,"refuge",11.170091,11170.091,"10-20Mb"
"1283","OM258-2",4,179199779,185230154,6030376,164,53.5,"refuge",6.030376,6030.376,"6-8Mb"
"1284","OM258-2",10,3033926,4300179,1266254,95,41.7,"refuge",1.266254,1266.254,"1-2Mb"
"1285","OM258-2",10,81988624,114762721,32774098,648,82.8,"refuge",32.774098,32774.098,"30Mb-40Mb"
"1286","OM258-2",15,21555602,35117044,13561443,221,61.3,"refuge",13.561443,13561.443,"10-20Mb"
"1287","OM258-2",10,134366949,154646075,20279127,625,95.8,"refuge",20.279127,20279.127,"20Mb-30Mb"
"1288","OM258-2",17,3688531,8943932,5255402,269,78.7,"refuge",5.255402,5255.402,"4-6Mb"
"1289","OM258-2",17,42860959,44201274,1340316,75,35.2,"refuge",1.340316,1340.316,"1-2Mb"
"1290","OM258-2",13,92514013,94250945,1736933,104,35.2,"refuge",1.736933,1736.933,"1-2Mb"
"1291","OM258-2",9,50927,1683178,1632252,87,44.4,"refuge",1.632252,1632.252,"1-2Mb"
"1292","OM258-2",2,165329358,170746123,5416766,390,92.5,"refuge",5.416766,5416.766,"4-6Mb"
"1293","OM258-2",8,215352358,219196199,3843842,171,54,"refuge",3.843842,3843.842,"2-4Mb"
"1294","OM258-2",14,85943671,89297482,3353812,131,72.2,"refuge",3.353812,3353.812,"2-4Mb"
"1295","OM258-2",13,36201838,64393127,28191290,703,87.7,"refuge",28.19129,28191.29,"20Mb-30Mb"
"1296","OM270-2",1,158486036,171748959,13262924,237,61.7,"refuge",13.262924,13262.924,"10-20Mb"
"1297","OM270-2",11,24608127,97391999,72783873,1477,94.7,"refuge",72.783873,72783.873,"70Mb-80Mb"
"1298","OM270-2",7,76225448,104766691,28541244,490,75.7,"refuge",28.541244,28541.244,"20Mb-30Mb"
"1299","OM270-2",3,9691781,20462055,10770275,583,88.7,"refuge",10.770275,10770.275,"10-20Mb"
"1300","OM270-2",7,58084331,67538644,9454314,190,71.2,"refuge",9.454314,9454.314,"8-10MB"
"1301","OM270-2",16,55444007,58042436,2598430,242,69.9,"refuge",2.59843,2598.43,"2-4Mb"
"1302","OM270-2",7,136687258,139748401,3061144,239,68.7,"refuge",3.061144,3061.144,"2-4Mb"
"1303","OM270-2",16,21988291,33251807,11263517,384,79.9,"refuge",11.263517,11263.517,"10-20Mb"
"1304","OM270-2",9,2897992,4611498,1713507,245,78.8,"refuge",1.713507,1713.507,"1-2Mb"
"1305","OM270-2",1,74347139,79833266,5486128,209,60,"refuge",5.486128,5486.128,"4-6Mb"
"1306","OM270-2",3,3907372,6872588,2965217,217,66.6,"refuge",2.965217,2965.217,"2-4Mb"
"1307","OM270-2",1,151446,4766205,4614760,287,82.5,"refuge",4.61476,4614.76,"4-6Mb"
"1308","OM270-2",4,202131920,206342777,4210858,307,73.8,"refuge",4.210858,4210.858,"4-6Mb"
"1309","OM270-2",3,131092869,132621340,1528472,121,42.7,"refuge",1.528472,1528.472,"1-2Mb"
"1310","OM270-2",9,147418798,152412143,4993346,187,54.6,"refuge",4.993346,4993.346,"4-6Mb"
"1311","OM270-2",6,42351249,76122576,33771328,837,90.9,"refuge",33.771328,33771.328,"30Mb-40Mb"
"1312","OM270-2",4,410896,3943429,3532534,176,78.4,"refuge",3.532534,3532.534,"2-4Mb"
"1313","OM270-2",9,89493982,113023576,23529595,459,86.5,"refuge",23.529595,23529.595,"20Mb-30Mb"
"1314","OM270-2",12,51483144,60583459,9100316,228,75.9,"refuge",9.100316,9100.316,"8-10MB"
"1315","OM270-2",8,220556451,222360509,1804059,104,71.6,"refuge",1.804059,1804.059,"1-2Mb"
"1316","OM270-2",4,178646566,185096329,6449764,182,62.9,"refuge",6.449764,6449.764,"6-8Mb"
"1317","OM270-2",7,2738760,8081599,5342840,318,77.2,"refuge",5.34284,5342.84,"4-6Mb"
"1318","OM270-2",7,12413014,21653508,9240495,462,88.6,"refuge",9.240495,9240.495,"8-10MB"
"1319","OM270-2",7,27541734,44243705,16701972,303,52.8,"refuge",16.701972,16701.972,"10-20Mb"
"1320","OM270-2",12,65594807,71106069,5511263,192,69.2,"refuge",5.511263,5511.263,"4-6Mb"
"1321","OM270-2",1,105887181,114141005,8253825,200,51.3,"refuge",8.253825,8253.825,"8-10MB"
"1322","OM270-2",4,7797909,11256061,3458153,142,62.7,"refuge",3.458153,3458.153,"2-4Mb"
"1323","OM270-2",12,35032808,41429587,6396780,257,78.6,"refuge",6.39678,6396.78,"6-8Mb"
"1324","OM270-2",2,153083529,158005397,4921869,204,57.8,"refuge",4.921869,4921.869,"4-6Mb"
"1325","OM270-2",15,30868649,37884853,7016205,193,44.4,"refuge",7.016205,7016.205,"6-8Mb"
"1326","OM270-2",12,81728937,84859998,3131062,168,50,"refuge",3.131062,3131.062,"2-4Mb"
"1327","OM270-2",14,88036306,91354780,3318475,242,75.7,"refuge",3.318475,3318.475,"2-4Mb"
"1328","OM270-2",3,104831859,116743510,11911652,233,65.6,"refuge",11.911652,11911.652,"10-20Mb"
"1329","OM270-2",4,121080946,167160531,46079586,1346,94.1,"refuge",46.079586,46079.586,"40Mb-50Mb"
"1330","OM270-2",14,92137412,95491652,3354241,293,83.6,"refuge",3.354241,3354.241,"2-4Mb"
"1331","OM270-2",3,28356211,61538685,33182475,1099,94.6,"refuge",33.182475,33182.475,"30Mb-40Mb"
"1332","OM270-2",13,917700,3077907,2160208,146,48.2,"refuge",2.160208,2160.208,"2-4Mb"
"1333","OM270-2",8,3261130,5738696,2477567,219,79,"refuge",2.477567,2477.567,"2-4Mb"
"1334","OM270-2",12,5535884,7175956,1640073,137,50.3,"refuge",1.640073,1640.073,"1-2Mb"
"1335","OM270-2",15,6308478,8714991,2406514,95,35.7,"refuge",2.406514,2406.514,"2-4Mb"
"1336","OM270-2",10,3945732,5253426,1307695,124,59.8,"refuge",1.307695,1307.695,"1-2Mb"
"1337","OM270-2",8,134325587,144102492,9776906,143,55.2,"refuge",9.776906,9776.906,"8-10MB"
"1338","OM270-2",10,27690616,32635466,4944851,122,30,"refuge",4.944851,4944.851,"4-6Mb"
"1339","OM270-2",8,22867373,28279180,5411808,168,52.2,"refuge",5.411808,5411.808,"4-6Mb"
"1340","OM270-2",12,18559466,25258727,6699262,157,34.8,"refuge",6.699262,6699.262,"6-8Mb"
"1341","OM270-2",4,34039784,55873830,21834047,576,90.6,"refuge",21.834047,21834.047,"20Mb-30Mb"
"1342","OM270-2",8,29250077,46076594,16826518,349,73.5,"refuge",16.826518,16826.518,"10-20Mb"
"1343","OM270-2",8,164613271,191856779,27243509,388,71,"refuge",27.243509,27243.509,"20Mb-30Mb"
"1344","OM270-2",8,48087189,71997287,23910099,557,80.8,"refuge",23.910099,23910.099,"20Mb-30Mb"
"1345","OM270-2",2,7133170,53422023,46288854,1259,94.1,"refuge",46.288854,46288.854,"40Mb-50Mb"
"1346","OM270-2",5,1263796,3081962,1818167,86,58,"refuge",1.818167,1818.167,"1-2Mb"
"1347","OM274-3B",7,8174940,12095718,3920779,143,61.4,"refuge",3.920779,3920.779,"2-4Mb"
"1348","OM274-3B",1,99579961,122293921,22713961,674,89.3,"refuge",22.713961,22713.961,"20Mb-30Mb"
"1349","OM274-3B",7,24269688,32154575,7884888,183,51.3,"refuge",7.884888,7884.888,"6-8Mb"
"1350","OM274-3B",1,158486036,171426447,12940412,241,60.4,"refuge",12.940412,12940.412,"10-20Mb"
"1351","OM274-3B",1,50126360,57423107,7296748,192,60.1,"refuge",7.296748,7296.748,"6-8Mb"
"1352","OM274-3B",2,101569811,113313844,11744034,208,72,"refuge",11.744034,11744.034,"10-20Mb"
"1353","OM274-3B",7,2738760,4957876,2219117,125,42.4,"refuge",2.219117,2219.117,"2-4Mb"
"1354","OM274-3B",9,2897992,4702542,1804551,260,77.5,"refuge",1.804551,1804.551,"1-2Mb"
"1355","OM274-3B",17,36140721,41035339,4894619,284,65.4,"refuge",4.894619,4894.619,"4-6Mb"
"1356","OM274-3B",11,8213099,13169994,4956896,210,72.4,"refuge",4.956896,4956.896,"4-6Mb"
"1357","OM274-3B",14,26961622,46483140,19521519,427,82.3,"refuge",19.521519,19521.519,"10-20Mb"
"1358","OM274-3B",5,141230200,142731997,1501798,96,53.7,"refuge",1.501798,1501.798,"1-2Mb"
"1359","OM274-3B",6,16030938,36666811,20635874,554,91.1,"refuge",20.635874,20635.874,"20Mb-30Mb"
"1360","OM274-3B",12,84884871,87316028,2431158,162,59.6,"refuge",2.431158,2431.158,"2-4Mb"
"1361","OM274-3B",1,18701886,25247783,6545898,299,81.2,"refuge",6.545898,6545.898,"6-8Mb"
"1362","OM274-3B",2,115768120,120027687,4259568,191,79.8,"refuge",4.259568,4259.568,"4-6Mb"
"1363","OM274-3B",10,13620186,26364119,12743934,239,52.5,"refuge",12.743934,12743.934,"10-20Mb"
"1364","OM274-3B",16,19194,3047360,3028167,155,72.1,"refuge",3.028167,3028.167,"2-4Mb"
"1365","OM274-3B",14,8618705,19939499,11320795,597,89.8,"refuge",11.320795,11320.795,"10-20Mb"
"1366","OM274-3B",11,49181778,97391999,48210222,1017,92.3,"refuge",48.210222,48210.222,"40Mb-50Mb"
"1367","OM274-3B",14,80372540,87881421,7508882,220,65.1,"refuge",7.508882,7508.882,"6-8Mb"
"1368","OM274-3B",14,92137412,95491652,3354241,286,84.2,"refuge",3.354241,3354.241,"2-4Mb"
"1369","OM274-3B",13,92685999,96521188,3835190,267,81.1,"refuge",3.83519,3835.19,"2-4Mb"
"1370","OM274-3B",13,26613462,34922058,8308597,143,33,"refuge",8.308597,8308.597,"8-10MB"
"1371","OM274-3B",6,640722,2227243,1586522,215,87.6,"refuge",1.586522,1586.522,"1-2Mb"
"1372","OM274-3B",5,120400166,122222612,1822447,74,43.3,"refuge",1.822447,1822.447,"1-2Mb"
"1373","OM274-3B",16,54017744,57053349,3035606,243,77.5,"refuge",3.035606,3035.606,"2-4Mb"
"1374","OM274-3B",16,10072107,19106014,9033908,251,67.4,"refuge",9.033908,9033.908,"8-10MB"
"1375","OM274-3B",7,76430642,115677930,39247289,750,91.4,"refuge",39.247289,39247.289,"30Mb-40Mb"
"1376","OM274-3B",17,19616498,23341326,3724829,181,66.3,"refuge",3.724829,3724.829,"2-4Mb"
"1377","OM274-3B",2,15687951,29606855,13918905,250,60.8,"refuge",13.918905,13918.905,"10-20Mb"
"1378","OM274-3B",13,14050348,17736752,3686405,163,74.3,"refuge",3.686405,3686.405,"2-4Mb"
"1379","OM274-3B",17,14316,8038814,8024499,581,92.3,"refuge",8.024499,8024.499,"8-10MB"
"1380","OM274-3B",4,33219209,44153465,10934257,320,76.2,"refuge",10.934257,10934.257,"10-20Mb"
"1381","OM274-3B",17,30128164,34584406,4456243,355,84.8,"refuge",4.456243,4456.243,"4-6Mb"
"1382","OM274-3B",3,136788602,138922242,2133641,127,54.2,"refuge",2.133641,2133.641,"2-4Mb"
"1383","OM274-3B",4,410896,14059126,13648231,561,91.4,"refuge",13.648231,13648.231,"10-20Mb"
"1384","OM274-3B",12,78965233,80654497,1689265,81,59.6,"refuge",1.689265,1689.265,"1-2Mb"
"1385","OM274-3B",7,58084331,67753151,9668821,210,74.6,"refuge",9.668821,9668.821,"8-10MB"
"1386","OM274-3B",13,917700,5058615,4140916,356,83.3,"refuge",4.140916,4140.916,"4-6Mb"
"1387","OM274-3B",2,24258,6906783,6882526,505,90.9,"refuge",6.882526,6882.526,"6-8Mb"
"1388","OM274-3B",10,150186864,153502250,3315387,169,57.1,"refuge",3.315387,3315.387,"2-4Mb"
"1389","OM274-3B",8,53448836,71997287,18548452,418,76.9,"refuge",18.548452,18548.452,"10-20Mb"
"1390","OM274-3B",13,58271442,68835389,10563948,343,81.6,"refuge",10.563948,10563.948,"10-20Mb"
"1391","OM274-3B",5,68516440,85952045,17435606,333,84.4,"refuge",17.435606,17435.606,"10-20Mb"
"1392","OM274-3B",4,148676168,163662079,14985912,375,81.6,"refuge",14.985912,14985.912,"10-20Mb"
"1393","OM274-3B",3,95460,2466036,2370577,135,76.3,"refuge",2.370577,2370.577,"2-4Mb"
"1394","OM274-3B",12,5535884,7175956,1640073,138,53.8,"refuge",1.640073,1640.073,"1-2Mb"
"1395","OM274-3B",8,164437164,201357853,36920690,622,79,"refuge",36.92069,36920.69,"30Mb-40Mb"
"1396","OM274-3B",15,6308478,8714991,2406514,96,36.5,"refuge",2.406514,2406.514,"2-4Mb"
"1397","OM274-3B",12,35032808,41429587,6396780,269,75.1,"refuge",6.39678,6396.78,"6-8Mb"
"1398","OM274-3B",12,51483144,59812476,8329333,210,66.9,"refuge",8.329333,8329.333,"8-10MB"
"1399","OM274-3B",3,37409755,43192450,5782696,226,70.6,"refuge",5.782696,5782.696,"4-6Mb"
"1400","OM274-3B",12,18562199,25258727,6696529,157,40.6,"refuge",6.696529,6696.529,"6-8Mb"
"1401","OM274-3B",4,202234319,206342777,4108459,295,76,"refuge",4.108459,4108.459,"4-6Mb"
"1402","OM274-3B",3,104831859,116743510,11911652,248,67.2,"refuge",11.911652,11911.652,"10-20Mb"
"1403","OM274-3B",3,128197499,131796132,3598634,291,80.6,"refuge",3.598634,3598.634,"2-4Mb"
"1404","OM274-3B",3,61107774,64781877,3674104,95,44.5,"refuge",3.674104,3674.104,"2-4Mb"
"1405","OM276-1",1,8079525,18637911,10558387,547,93.3,"refuge",10.558387,10558.387,"10-20Mb"
"1406","OM276-1",9,50927,1690537,1639611,107,69.7,"refuge",1.639611,1639.611,"1-2Mb"
"1407","OM276-1",17,14316,8943932,8929617,670,94.4,"refuge",8.929617,8929.617,"8-10MB"
"1408","OM276-1",14,75260025,84164340,8904316,253,81,"refuge",8.904316,8904.316,"8-10MB"
"1409","OM276-1",2,116857706,119968193,3110488,131,50.9,"refuge",3.110488,3110.488,"2-4Mb"
"1410","OM276-1",2,160660311,163609245,2948935,193,75.3,"refuge",2.948935,2948.935,"2-4Mb"
"1411","OM276-1",2,7133170,11664441,4531272,157,49.9,"refuge",4.531272,4531.272,"4-6Mb"
"1412","OM276-1",11,95555196,98811969,3256774,162,60.3,"refuge",3.256774,3256.774,"2-4Mb"
"1413","OM276-1",14,91351607,95491652,4140046,352,86.7,"refuge",4.140046,4140.046,"4-6Mb"
"1414","OM276-1",2,12362569,15631261,3268693,194,30.3,"refuge",3.268693,3268.693,"2-4Mb"
"1415","OM276-1",6,4273786,12804800,8531015,426,82.3,"refuge",8.531015,8531.015,"8-10MB"
"1416","OM276-1",2,707000,3076463,2369464,202,67.4,"refuge",2.369464,2369.464,"2-4Mb"
"1417","OM276-1",13,13041148,60837597,47796450,1488,95.5,"refuge",47.79645,47796.45,"40Mb-50Mb"
"1418","OM276-1",13,69118958,72101105,2982148,251,85.3,"refuge",2.982148,2982.148,"2-4Mb"
"1419","OM276-1",17,10389355,11911881,1522527,118,43.8,"refuge",1.522527,1522.527,"1-2Mb"
"1420","OM276-1",11,48288820,82657835,34369016,659,83.2,"refuge",34.369016,34369.016,"30Mb-40Mb"
"1421","OM276-1",9,97567784,104980803,7413020,139,65.4,"refuge",7.41302,7413.02,"6-8Mb"
"1422","OM276-1",11,112869301,114910967,2041667,236,79.1,"refuge",2.041667,2041.667,"2-4Mb"
"1423","OM276-1",8,53448836,71642344,18193509,402,73.4,"refuge",18.193509,18193.509,"10-20Mb"
"1424","OM276-1",15,30868649,46940836,16072188,398,75.5,"refuge",16.072188,16072.188,"10-20Mb"
"1425","OM276-1",8,13181243,15396664,2215422,175,74.6,"refuge",2.215422,2215.422,"2-4Mb"
"1426","OM276-1",8,29417250,41238814,11821565,236,51.7,"refuge",11.821565,11821.565,"10-20Mb"
"1427","OM276-1",1,22506017,26811463,4305447,196,57.9,"refuge",4.305447,4305.447,"4-6Mb"
"1428","OM276-1",9,152398995,154368085,1969091,97,32,"refuge",1.969091,1969.091,"1-2Mb"
"1429","OM276-1",9,49913029,52927347,3014319,88,54.5,"refuge",3.014319,3014.319,"2-4Mb"
"1430","OM276-1",16,10027088,21222324,11195237,397,75.7,"refuge",11.195237,11195.237,"10-20Mb"
"1431","OM276-1",10,27324180,35511922,8187743,305,80.9,"refuge",8.187743,8187.743,"8-10MB"
"1432","OM276-1",10,58494894,63690184,5195291,162,45.2,"refuge",5.195291,5195.291,"4-6Mb"
"1433","OM276-1",6,78847176,109173357,30326182,997,94.6,"refuge",30.326182,30326.182,"30Mb-40Mb"
"1434","OM276-1",4,124022202,135213231,11191030,336,82.9,"refuge",11.19103,11191.03,"10-20Mb"
"1435","OM276-1",4,206027801,207193806,1166006,79,45.6,"refuge",1.166006,1166.006,"1-2Mb"
"1436","OM276-1",12,49896628,52876926,2980299,95,45.2,"refuge",2.980299,2980.299,"2-4Mb"
"1437","OM276-1",3,102757413,124266320,21508908,577,90.9,"refuge",21.508908,21508.908,"20Mb-30Mb"
"1438","OM276-1",8,215352358,219196199,3843842,206,67.5,"refuge",3.843842,3843.842,"2-4Mb"
"1439","OM276-1",17,20989111,29102186,8113076,410,82.4,"refuge",8.113076,8113.076,"8-10MB"
"1440","OM276-1",9,124198160,129466470,5268311,96,35.9,"refuge",5.268311,5268.311,"4-6Mb"
"1441","OM276-1",6,38232003,64412152,26180150,672,86.3,"refuge",26.18015,26180.15,"20Mb-30Mb"
"1442","OM276-1",10,71768782,75975528,4206747,223,79,"refuge",4.206747,4206.747,"4-6Mb"
"1443","OM276-1",7,27950,3023692,2995743,189,78.7,"refuge",2.995743,2995.743,"2-4Mb"
"1444","OM276-1",7,81641653,107505680,25864028,421,74,"refuge",25.864028,25864.028,"20Mb-30Mb"
"1445","OM276-1",7,137511670,140622316,3110647,259,79.1,"refuge",3.110647,3110.647,"2-4Mb"
"1446","OM276-1",8,207161063,211632970,4471908,205,63.4,"refuge",4.471908,4471.908,"4-6Mb"
"1447","OM276-1",4,14783580,24732197,9948618,384,81.1,"refuge",9.948618,9948.618,"8-10MB"
"1448","OM276-1",15,2126198,4879573,2753376,177,33.8,"refuge",2.753376,2753.376,"2-4Mb"
"1449","OM276-1",15,7352910,21107989,13755080,416,83.1,"refuge",13.75508,13755.08,"10-20Mb"
"1450","OM276-1",7,22415721,77924380,55508660,1317,87.8,"refuge",55.50866,55508.66,"50Mb-60Mb"
"1451","OM276-1",16,56272065,61833715,5561651,572,93.1,"refuge",5.561651,5561.651,"4-6Mb"
"1452","OM276-1",1,42612131,62138287,19526157,505,90.5,"refuge",19.526157,19526.157,"10-20Mb"
"1453","OM276-1",8,193291620,198388016,5096397,100,40.5,"refuge",5.096397,5096.397,"4-6Mb"
"1454","OM276-1",3,73514222,87537359,14023138,315,82.8,"refuge",14.023138,14023.138,"10-20Mb"
"1455","OM276-1",4,410896,2384278,1973383,109,72,"refuge",1.973383,1973.383,"1-2Mb"
"1456","OM276-1",4,32832856,45713300,12880445,362,81.3,"refuge",12.880445,12880.445,"10-20Mb"
"1457","OM276-1",13,77476212,79722435,2246224,170,70.2,"refuge",2.246224,2246.224,"2-4Mb"
"1458","OM276-1",16,21988291,36066869,14078579,514,82.1,"refuge",14.078579,14078.579,"10-20Mb"
"1459","OM276-1",8,94172664,129579525,35406862,786,88.9,"refuge",35.406862,35406.862,"30Mb-40Mb"
"1460","OM279-1",14,91411432,95491652,4080221,325,86,"refuge",4.080221,4080.221,"4-6Mb"
"1461","OM279-1",10,58494894,79662910,21168017,931,89.4,"refuge",21.168017,21168.017,"20Mb-30Mb"
"1462","OM279-1",11,47511429,76373519,28862091,454,71.8,"refuge",28.862091,28862.091,"20Mb-30Mb"
"1463","OM279-1",14,19516121,47793606,28277486,642,88.7,"refuge",28.277486,28277.486,"20Mb-30Mb"
"1464","OM279-1",15,22507326,49195737,26688412,495,80.4,"refuge",26.688412,26688.412,"20Mb-30Mb"
"1465","OM279-1",7,135970205,139035188,3064984,223,80.2,"refuge",3.064984,3064.984,"2-4Mb"
"1466","OM279-1",14,8398070,15452996,7054927,383,86.1,"refuge",7.054927,7054.927,"6-8Mb"
"1467","OM279-1",12,75512254,77483963,1971710,117,62.3,"refuge",1.97171,1971.71,"1-2Mb"
"1468","OM279-1",2,14241222,29489710,15248489,313,68.4,"refuge",15.248489,15248.489,"10-20Mb"
"1469","OM279-1",11,12983764,16571429,3587666,187,70,"refuge",3.587666,3587.666,"2-4Mb"
"1470","OM279-1",1,151446,2352552,2201107,96,55.3,"refuge",2.201107,2201.107,"2-4Mb"
"1471","OM279-1",7,80784061,107505680,26721620,419,73.3,"refuge",26.72162,26721.62,"20Mb-30Mb"
"1472","OM279-1",2,63280672,76707261,13426590,566,89.1,"refuge",13.42659,13426.59,"10-20Mb"
"1473","OM279-1",2,118338252,122428842,4090591,219,66.7,"refuge",4.090591,4090.591,"4-6Mb"
"1474","OM279-1",2,154911701,160566706,5655006,206,59.6,"refuge",5.655006,5655.006,"4-6Mb"
"1475","OM279-1",9,141464861,149793662,8328802,269,76,"refuge",8.328802,8328.802,"8-10MB"
"1476","OM279-1",4,172094576,186771757,14677182,466,84.5,"refuge",14.677182,14677.182,"10-20Mb"
"1477","OM279-1",3,47585473,55407146,7821674,182,61.4,"refuge",7.821674,7821.674,"6-8Mb"
"1478","OM279-1",15,61593326,64001681,2408356,151,77.5,"refuge",2.408356,2408.356,"2-4Mb"
"1479","OM279-1",7,28186329,79090791,50904463,1102,94.5,"refuge",50.904463,50904.463,"50Mb-60Mb"
"1480","OM279-1",11,7713725,11555424,3841700,155,50.7,"refuge",3.8417,3841.7,"2-4Mb"
"1481","OM279-1",9,50927,2916746,2865820,229,82.1,"refuge",2.86582,2865.82,"2-4Mb"
"1482","OM279-1",8,9115970,18174063,9058094,704,93.4,"refuge",9.058094,9058.094,"8-10MB"
"1483","OM279-1",9,95498113,104946294,9448182,190,69.2,"refuge",9.448182,9448.182,"8-10MB"
"1484","OM279-1",9,124198160,129808719,5610560,94,33.2,"refuge",5.61056,5610.56,"4-6Mb"
"1485","OM279-1",5,35657809,45739709,10081901,324,81.4,"refuge",10.081901,10081.901,"10-20Mb"
"1486","OM279-1",5,46802160,57887421,11085262,242,76.6,"refuge",11.085262,11085.262,"10-20Mb"
"1487","OM279-1",5,152367824,153871677,1503854,138,52,"refuge",1.503854,1503.854,"1-2Mb"
"1488","OM279-1",8,213423243,220034033,6610791,276,73.2,"refuge",6.610791,6610.791,"6-8Mb"
"1489","OM279-1",17,14316,2429419,2415104,237,82.7,"refuge",2.415104,2415.104,"2-4Mb"
"1490","OM279-1",17,9672930,11911881,2238952,143,61.5,"refuge",2.238952,2238.952,"2-4Mb"
"1491","OM279-1",4,14258617,24732197,10473581,412,78.5,"refuge",10.473581,10473.581,"10-20Mb"
"1492","OM279-1",4,32832856,46333326,13500471,360,76,"refuge",13.500471,13500.471,"10-20Mb"
"1493","OM279-1",6,6257043,12804800,6547758,295,79.7,"refuge",6.547758,6547.758,"6-8Mb"
"1494","OM279-1",8,147986307,153546834,5560528,109,41.8,"refuge",5.560528,5560.528,"4-6Mb"
"1495","OM279-1",17,20989111,23341326,2352216,152,39.6,"refuge",2.352216,2352.216,"2-4Mb"
"1496","OM279-1",13,82932776,89144369,6211594,187,76.2,"refuge",6.211594,6211.594,"6-8Mb"
"1497","OM279-1",3,56695818,65964140,9268323,233,64,"refuge",9.268323,9268.323,"8-10MB"
"1498","OM279-1",12,84724808,86034113,1309306,102,51.1,"refuge",1.309306,1309.306,"1-2Mb"
"1499","OM279-1",8,193291620,198388016,5096397,92,34.6,"refuge",5.096397,5096.397,"4-6Mb"
"1500","OM279-1",8,207161063,212978940,5817878,225,68.5,"refuge",5.817878,5817.878,"4-6Mb"
"1501","OM279-1",6,133441190,139629341,6188152,335,79.5,"refuge",6.188152,6188.152,"6-8Mb"
"1502","OM279-1",8,29417250,47954668,18537419,395,80.7,"refuge",18.537419,18537.419,"10-20Mb"
"1503","OM279-1",13,917700,1934810,1017111,65,40.1,"refuge",1.017111,1017.111,"1-2Mb"
"1504","OM279-1",13,74581912,77572603,2990692,124,66.6,"refuge",2.990692,2990.692,"2-4Mb"
"1505","OM279-1",6,17477893,34074071,16596179,341,78.7,"refuge",16.596179,16596.179,"10-20Mb"
"1506","OM279-1",6,64476339,68613532,4137194,147,60,"refuge",4.137194,4137.194,"4-6Mb"
"1507","OM279-1",1,193586478,199573302,5986825,325,76.1,"refuge",5.986825,5986.825,"4-6Mb"
"1508","OM279-1",1,235882555,237127061,1244507,112,39,"refuge",1.244507,1244.507,"1-2Mb"
"1509","OM279-1",16,21991759,32200849,10209091,287,64.9,"refuge",10.209091,10209.091,"10-20Mb"
"1510","OM279-1",16,9480980,21222324,11741345,409,79,"refuge",11.741345,11741.345,"10-20Mb"
"1511","OM279-1",12,28896127,33425655,4529529,119,42.8,"refuge",4.529529,4529.529,"4-6Mb"
"1512","OM279-1",8,55754125,144726409,88972285,1821,93.5,"refuge",88.972285,88972.285,"80Mb-90Mb"
"1513","OM283-2",10,25913107,35066382,9153276,326,84.7,"refuge",9.153276,9153.276,"8-10MB"
"1514","OM283-2",2,17053,1621338,1604286,113,53.2,"refuge",1.604286,1604.286,"1-2Mb"
"1515","OM283-2",10,39450788,47973077,8522290,289,83.3,"refuge",8.52229,8522.29,"8-10MB"
"1516","OM283-2",2,76736861,82810290,6073430,214,70.6,"refuge",6.07343,6073.43,"6-8Mb"
"1517","OM283-2",14,88812406,95491652,6679247,549,92.9,"refuge",6.679247,6679.247,"6-8Mb"
"1518","OM283-2",8,4186478,7813555,3627078,257,82.3,"refuge",3.627078,3627.078,"2-4Mb"
"1519","OM283-2",1,29955063,37439258,7484196,192,64.5,"refuge",7.484196,7484.196,"6-8Mb"
"1520","OM283-2",10,81315520,135711059,54395540,1249,95.8,"refuge",54.39554,54395.54,"50Mb-60Mb"
"1521","OM283-2",2,104349629,113313844,8964216,162,59.5,"refuge",8.964216,8964.216,"8-10MB"
"1522","OM283-2",1,7223467,27583861,20360395,967,91,"refuge",20.360395,20360.395,"20Mb-30Mb"
"1523","OM283-2",8,189171590,197151890,7980301,181,61.7,"refuge",7.980301,7980.301,"6-8Mb"
"1524","OM283-2",1,49417682,74188383,24770702,566,85,"refuge",24.770702,24770.702,"20Mb-30Mb"
"1525","OM283-2",2,157942279,161276765,3334487,119,43.8,"refuge",3.334487,3334.487,"2-4Mb"
"1526","OM283-2",2,148294882,154321652,6026771,189,38.9,"refuge",6.026771,6026.771,"6-8Mb"
"1527","OM283-2",11,112071373,116944018,4872646,480,93.4,"refuge",4.872646,4872.646,"4-6Mb"
"1528","OM283-2",9,143824616,147418798,3594183,124,47.9,"refuge",3.594183,3594.183,"2-4Mb"
"1529","OM283-2",6,73856554,111325859,37469306,1184,94.9,"refuge",37.469306,37469.306,"30Mb-40Mb"
"1530","OM283-2",17,7380309,13897181,6516873,425,89.2,"refuge",6.516873,6516.873,"6-8Mb"
"1531","OM283-2",2,119000719,122408775,3408057,189,55.9,"refuge",3.408057,3408.057,"2-4Mb"
"1532","OM283-2",8,144950562,153606421,8655860,194,75.6,"refuge",8.65586,8655.86,"8-10MB"
"1533","OM283-2",8,211496277,217007361,5511085,166,34.3,"refuge",5.511085,5511.085,"4-6Mb"
"1534","OM283-2",8,29417250,45614079,16196830,337,66.1,"refuge",16.19683,16196.83,"10-20Mb"
"1535","OM283-2",14,4108616,5376414,1267799,144,58,"refuge",1.267799,1267.799,"1-2Mb"
"1536","OM283-2",4,193766938,199030216,5263279,153,62.2,"refuge",5.263279,5263.279,"4-6Mb"
"1537","OM283-2",12,85171915,90739226,5567312,439,95,"refuge",5.567312,5567.312,"4-6Mb"
"1538","OM283-2",4,73674431,168434729,94760299,2809,97.1,"refuge",94.760299,94760.299,"90Mb-100Mb"
"1539","OM283-2",11,24740933,90166928,65425996,1345,93.2,"refuge",65.425996,65425.996,"60Mb-70Mb"
"1540","OM283-2",1,157085,4547115,4390031,275,90.9,"refuge",4.390031,4390.031,"4-6Mb"
"1541","OM283-2",6,640722,14834391,14193670,1011,95.4,"refuge",14.19367,14193.67,"10-20Mb"
"1542","OM283-2",9,130090928,136447482,6356555,180,68.6,"refuge",6.356555,6356.555,"6-8Mb"
"1543","OM283-2",1,158486036,177059694,18573659,437,79.5,"refuge",18.573659,18573.659,"10-20Mb"
"1544","OM283-2",8,76410822,90338004,13927183,285,75.7,"refuge",13.927183,13927.183,"10-20Mb"
"1545","OM283-2",1,137339686,141291141,3951456,154,72.3,"refuge",3.951456,3951.456,"2-4Mb"
"1546","OM283-2",4,47426558,54729604,7303047,231,75.3,"refuge",7.303047,7303.047,"6-8Mb"
"1547","OM283-2",11,21239547,24143861,2904315,121,44,"refuge",2.904315,2904.315,"2-4Mb"
"1548","OM283-2",4,178646566,185230154,6583589,187,71,"refuge",6.583589,6583.589,"6-8Mb"
"1549","OM283-2",1,237241219,238811357,1570139,152,65.9,"refuge",1.570139,1570.139,"1-2Mb"
"1550","OM283-2",7,81641653,128487872,46846220,946,85.4,"refuge",46.84622,46846.22,"40Mb-50Mb"
"1551","OM283-2",13,92794491,94969161,2174671,158,64.6,"refuge",2.174671,2174.671,"2-4Mb"
"1552","OM283-2",16,19194,2262483,2243290,109,48.5,"refuge",2.24329,2243.29,"2-4Mb"
"1553","OM283-2",9,3288400,12032535,8744136,730,91.6,"refuge",8.744136,8744.136,"8-10MB"
"1554","OM283-2",9,65065766,116905638,51839873,1127,94.6,"refuge",51.839873,51839.873,"50Mb-60Mb"
"1555","OM283-2",1,99970767,118840438,18869672,595,89.3,"refuge",18.869672,18869.672,"10-20Mb"
"1556","OM283-2",4,2593376,6609094,4015719,151,47.8,"refuge",4.015719,4015.719,"4-6Mb"
"1557","OM283-2",1,79196309,93404457,14208149,429,81.5,"refuge",14.208149,14208.149,"10-20Mb"
"1558","OM283-2",5,5220765,7398620,2177856,128,69.4,"refuge",2.177856,2177.856,"2-4Mb"
"1559","OM283-2",12,8488644,42719301,34230658,1515,94.1,"refuge",34.230658,34230.658,"30Mb-40Mb"
"1560","OM283-2",12,55704257,84241530,28537274,1049,92,"refuge",28.537274,28537.274,"20Mb-30Mb"
"1561","OM283-2",1,177544581,193291131,15746551,730,93,"refuge",15.746551,15746.551,"10-20Mb"
"1562","OM283-2",12,6240795,7769862,1529068,140,66.2,"refuge",1.529068,1529.068,"1-2Mb"
"1563","OM283-2",16,59392874,61833715,2440842,212,80.1,"refuge",2.440842,2440.842,"2-4Mb"
"1564","OM283-2",7,26319789,49213783,22893995,518,81.9,"refuge",22.893995,22893.995,"20Mb-30Mb"
"1565","OM283-2",7,133252562,138621312,5368751,287,67.5,"refuge",5.368751,5368.751,"4-6Mb"
"1566","OM283-2",16,7136962,32239306,25102345,893,90.9,"refuge",25.102345,25102.345,"20Mb-30Mb"
"1567","OM283-2",3,60093,2438033,2377941,138,66.3,"refuge",2.377941,2377.941,"2-4Mb"
"1568","OM283-2",13,80483590,87811563,7327974,240,57.1,"refuge",7.327974,7327.974,"6-8Mb"
"1569","OM283-2",5,16484303,24434866,7950564,306,80.3,"refuge",7.950564,7950.564,"6-8Mb"
"1570","OM283-2",4,8507508,23325272,14817765,593,90.9,"refuge",14.817765,14817.765,"10-20Mb"
"1571","OM283-2",7,12524410,22115643,9591234,496,91.9,"refuge",9.591234,9591.234,"8-10MB"
"1572","OM283-2",15,1894163,38150355,36256193,1126,92.1,"refuge",36.256193,36256.193,"30Mb-40Mb"
"1573","OM283-2",13,977244,6302443,5325200,493,92.9,"refuge",5.3252,5325.2,"4-6Mb"
"1574","OM283-2",3,31797019,72532898,40735880,1161,93.5,"refuge",40.73588,40735.88,"40Mb-50Mb"
"1575","OM283-2",13,33609449,60837597,27228149,829,92.6,"refuge",27.228149,27228.149,"20Mb-30Mb"
"1576","OM283-2",13,10597082,12156484,1559403,130,63,"refuge",1.559403,1559.403,"1-2Mb"
"1577","OM283-2",15,39559219,49195737,9636519,172,49.4,"refuge",9.636519,9636.519,"8-10MB"
"1578","OM283-2",15,57067375,59719264,2651890,168,55.3,"refuge",2.65189,2651.89,"2-4Mb"
"1579","OM283-2",7,3408116,5171415,1763300,87,59.6,"refuge",1.7633,1763.3,"1-2Mb"
"1580","OM283-2",3,135289782,138923578,3633797,219,78.6,"refuge",3.633797,3633.797,"2-4Mb"
"1581","OM283-2",5,151604871,154863788,3258918,308,87.4,"refuge",3.258918,3258.918,"2-4Mb"
"1582","OM290-2",9,50927,1690537,1639611,105,69.7,"refuge",1.639611,1639.611,"1-2Mb"
"1583","OM290-2",6,640722,2787606,2146885,307,89.6,"refuge",2.146885,2146.885,"2-4Mb"
"1584","OM290-2",11,3865725,13169994,9304270,380,81.2,"refuge",9.30427,9304.27,"8-10MB"
"1585","OM290-2",16,5289283,14248603,8959321,327,78.7,"refuge",8.959321,8959.321,"8-10MB"
"1586","OM290-2",17,28175547,34584406,6408860,423,88.3,"refuge",6.40886,6408.86,"6-8Mb"
"1587","OM290-2",1,176978825,178046403,1067579,137,69.6,"refuge",1.067579,1067.579,"1-2Mb"
"1588","OM290-2",11,23280295,26403180,3122886,180,74.6,"refuge",3.122886,3122.886,"2-4Mb"
"1589","OM290-2",16,49754,3120585,3070832,147,65.7,"refuge",3.070832,3070.832,"2-4Mb"
"1590","OM290-2",1,105887181,123720968,17833788,437,83.8,"refuge",17.833788,17833.788,"10-20Mb"
"1591","OM290-2",14,26965578,46483140,19517563,415,81.6,"refuge",19.517563,19517.563,"10-20Mb"
"1592","OM290-2",9,63889892,70560256,6670365,196,66.4,"refuge",6.670365,6670.365,"6-8Mb"
"1593","OM290-2",9,7087537,9653552,2566016,167,58.1,"refuge",2.566016,2566.016,"2-4Mb"
"1594","OM290-2",12,8324244,19632233,11307990,656,91.6,"refuge",11.30799,11307.99,"10-20Mb"
"1595","OM290-2",1,49417682,62138287,12720606,305,75.5,"refuge",12.720606,12720.606,"10-20Mb"
"1596","OM290-2",9,4064351,4844349,779999,92,36.3,"refuge",0.779999,779.999,"<1Mb"
"1597","OM290-2",12,88265294,90333316,2068023,225,76.8,"refuge",2.068023,2068.023,"2-4Mb"
"1598","OM290-2",16,55386265,58042436,2656172,244,72.2,"refuge",2.656172,2656.172,"2-4Mb"
"1599","OM290-2",9,79156590,139029587,59872998,1248,93.4,"refuge",59.872998,59872.998,"50Mb-60Mb"
"1600","OM290-2",7,81641653,107505680,25864028,407,69.8,"refuge",25.864028,25864.028,"20Mb-30Mb"
"1601","OM290-2",16,21988291,29300857,7312567,186,40.1,"refuge",7.312567,7312.567,"6-8Mb"
"1602","OM290-2",2,154978863,160566706,5587844,220,67.3,"refuge",5.587844,5587.844,"4-6Mb"
"1603","OM290-2",4,179680812,185681117,6000306,187,69.7,"refuge",6.000306,6000.306,"6-8Mb"
"1604","OM290-2",17,5042680,7460493,2417814,126,51.7,"refuge",2.417814,2417.814,"2-4Mb"
"1605","OM290-2",14,91376674,95491652,4114979,342,86.8,"refuge",4.114979,4114.979,"4-6Mb"
"1606","OM290-2",14,686144,3995468,3309325,207,78.6,"refuge",3.309325,3309.325,"2-4Mb"
"1607","OM290-2",1,20483745,25247783,4764039,212,66.9,"refuge",4.764039,4764.039,"4-6Mb"
"1608","OM290-2",7,905644,5171415,4265772,278,85.7,"refuge",4.265772,4265.772,"4-6Mb"
"1609","OM290-2",7,40848768,74333352,33484585,798,83.5,"refuge",33.484585,33484.585,"30Mb-40Mb"
"1610","OM290-2",7,125734723,131053143,5318421,188,61.8,"refuge",5.318421,5318.421,"4-6Mb"
"1611","OM290-2",1,230677371,233115536,2438166,113,62.8,"refuge",2.438166,2438.166,"2-4Mb"
"1612","OM290-2",9,19119490,58195960,39076471,1055,94.6,"refuge",39.076471,39076.471,"30Mb-40Mb"
"1613","OM290-2",10,22125302,40136112,18010811,613,89.4,"refuge",18.010811,18010.811,"10-20Mb"
"1614","OM290-2",10,92817013,100180884,7363872,128,53.4,"refuge",7.363872,7363.872,"6-8Mb"
"1615","OM290-2",2,16251503,29606855,13355353,214,54.9,"refuge",13.355353,13355.353,"10-20Mb"
"1616","OM290-2",8,139720434,147832415,8111982,150,74.3,"refuge",8.111982,8111.982,"8-10MB"
"1617","OM290-2",8,53475507,71642344,18166838,394,67,"refuge",18.166838,18166.838,"10-20Mb"
"1618","OM290-2",17,9641268,23341326,13700059,538,81.3,"refuge",13.700059,13700.059,"10-20Mb"
"1619","OM290-2",12,507746,4461976,3954231,171,75.2,"refuge",3.954231,3954.231,"2-4Mb"
"1620","OM290-2",15,56683871,58729918,2046048,131,60.2,"refuge",2.046048,2046.048,"2-4Mb"
"1621","OM290-2",15,37489932,50363161,12873230,250,75.3,"refuge",12.87323,12873.23,"10-20Mb"
"1622","OM290-2",11,50963804,82907731,31943928,616,61.6,"refuge",31.943928,31943.928,"30Mb-40Mb"
"1623","OM290-2",13,15302735,52996300,37693566,1037,90.1,"refuge",37.693566,37693.566,"30Mb-40Mb"
"1624","OM290-2",10,51270850,60788784,9517935,259,64.6,"refuge",9.517935,9517.935,"8-10MB"
"1625","OM290-2",8,22781845,28279180,5497336,176,52,"refuge",5.497336,5497.336,"4-6Mb"
"1626","OM290-2",4,146543313,154338789,7795477,173,56.5,"refuge",7.795477,7795.477,"6-8Mb"
"1627","OM290-2",10,76746740,90501368,13754629,621,85.9,"refuge",13.754629,13754.629,"10-20Mb"
"1628","OM290-2",1,151446,2352552,2201107,99,45,"refuge",2.201107,2201.107,"2-4Mb"
"1629","OM290-2",15,125105,4879573,4754469,382,89.7,"refuge",4.754469,4754.469,"4-6Mb"
"1630","OM290-2",5,150178830,152350920,2172091,214,64.5,"refuge",2.172091,2172.091,"2-4Mb"
"1631","OM290-2",8,74065725,87257580,13191856,286,82.4,"refuge",13.191856,13191.856,"10-20Mb"
"1632","OM290-2",4,16985035,32532070,15547036,550,88,"refuge",15.547036,15547.036,"10-20Mb"
"1633","OM290-2",6,143450366,149650734,6200369,332,71.1,"refuge",6.200369,6200.369,"6-8Mb"
"1634","OM290-2",6,49259742,59963888,10704147,235,78.6,"refuge",10.704147,10704.147,"10-20Mb"
"1635","OM290-2",6,17416558,33672079,16255522,344,78.7,"refuge",16.255522,16255.522,"10-20Mb"
"1636","OM290-2",5,21773651,70347212,48573562,1246,93.3,"refuge",48.573562,48573.562,"40Mb-50Mb"
"1637","OM290-2",3,136788602,138922242,2133641,122,45.8,"refuge",2.133641,2133.641,"2-4Mb"
"1638","OM290-2",3,83123600,87537359,4413760,92,34.5,"refuge",4.41376,4413.76,"4-6Mb"
"1639","OM290-2",3,19926626,55447156,35520531,1244,93.5,"refuge",35.520531,35520.531,"30Mb-40Mb"
"1640","OM290-2",6,134583881,140259315,5675435,321,83.8,"refuge",5.675435,5675.435,"4-6Mb"
"1641","OM290-2",3,117182748,124630554,7447807,240,78.8,"refuge",7.447807,7447.807,"6-8Mb"
"1642","OM290-2",3,3515070,8437964,4922895,324,78.2,"refuge",4.922895,4922.895,"4-6Mb"
"1643","OM292-2",14,91351607,93406893,2055287,193,61.5,"refuge",2.055287,2055.287,"2-4Mb"
"1644","OM292-2",14,76715210,80372540,3657331,90,42.7,"refuge",3.657331,3657.331,"2-4Mb"
"1645","OM292-2",1,151446,4766205,4614760,267,84.3,"refuge",4.61476,4614.76,"4-6Mb"
"1646","OM292-2",10,133029838,145101102,12071265,240,77.5,"refuge",12.071265,12071.265,"10-20Mb"
"1647","OM292-2",4,138396588,154338789,15942202,409,82.3,"refuge",15.942202,15942.202,"10-20Mb"
"1648","OM292-2",4,179199779,186771757,7571979,241,70,"refuge",7.571979,7571.979,"6-8Mb"
"1649","OM292-2",12,81948926,84859998,2911073,161,50.1,"refuge",2.911073,2911.073,"2-4Mb"
"1650","OM292-2",7,6840216,8305549,1465334,79,55.9,"refuge",1.465334,1465.334,"1-2Mb"
"1651","OM292-2",4,90866167,106372820,15506654,405,85.4,"refuge",15.506654,15506.654,"10-20Mb"
"1652","OM292-2",11,38360068,47279041,8918974,189,73.1,"refuge",8.918974,8918.974,"8-10MB"
"1653","OM292-2",14,26965578,53707587,26742010,535,90,"refuge",26.74201,26742.01,"20Mb-30Mb"
"1654","OM292-2",10,92817013,130203445,37386433,739,91,"refuge",37.386433,37386.433,"30Mb-40Mb"
"1655","OM292-2",4,67917314,75404299,7486986,216,71.8,"refuge",7.486986,7486.986,"6-8Mb"
"1656","OM292-2",2,154819874,160566706,5746833,214,61.7,"refuge",5.746833,5746.833,"4-6Mb"
"1657","OM292-2",16,21430190,53985713,32555524,1163,92.8,"refuge",32.555524,32555.524,"30Mb-40Mb"
"1658","OM292-2",14,686144,4020133,3333990,199,77.3,"refuge",3.33399,3333.99,"2-4Mb"
"1659","OM292-2",13,15302735,52888623,37585889,998,93.1,"refuge",37.585889,37585.889,"30Mb-40Mb"
"1660","OM292-2",1,73955083,82149012,8193930,340,72.6,"refuge",8.19393,8193.93,"8-10MB"
"1661","OM292-2",12,15814681,19632233,3817553,356,88.1,"refuge",3.817553,3817.553,"2-4Mb"
"1662","OM292-2",12,44573299,54109250,9535952,243,71,"refuge",9.535952,9535.952,"8-10MB"
"1663","OM292-2",16,55895994,58042436,2146443,220,74.4,"refuge",2.146443,2146.443,"2-4Mb"
"1664","OM292-2",2,120250202,142112867,21862666,504,73.2,"refuge",21.862666,21862.666,"20Mb-30Mb"
"1665","OM292-2",7,40848768,47588534,6739767,196,33.4,"refuge",6.739767,6739.767,"6-8Mb"
"1666","OM292-2",7,81641653,113863650,32221998,487,68.5,"refuge",32.221998,32221.998,"30Mb-40Mb"
"1667","OM292-2",10,45602175,51065848,5463674,123,60.1,"refuge",5.463674,5463.674,"4-6Mb"
"1668","OM292-2",10,22074777,35499040,13424264,412,86,"refuge",13.424264,13424.264,"10-20Mb"
"1669","OM292-2",9,50927,1690537,1639611,105,65.4,"refuge",1.639611,1639.611,"1-2Mb"
"1670","OM292-2",9,9792639,58186525,48393887,1522,95.9,"refuge",48.393887,48393.887,"40Mb-50Mb"
"1671","OM292-2",8,148017094,157417385,9400292,189,62.7,"refuge",9.400292,9400.292,"8-10MB"
"1672","OM292-2",3,132926974,138923578,5996605,353,87,"refuge",5.996605,5996.605,"4-6Mb"
"1673","OM292-2",17,19616498,23341326,3724829,180,68.9,"refuge",3.724829,3724.829,"2-4Mb"
"1674","OM292-2",8,74065725,87257580,13191856,276,81.8,"refuge",13.191856,13191.856,"10-20Mb"
"1675","OM292-2",6,33356444,37459150,4102707,216,75.1,"refuge",4.102707,4102.707,"4-6Mb"
"1676","OM292-2",9,63920941,70560256,6639316,190,69.5,"refuge",6.639316,6639.316,"6-8Mb"
"1677","OM292-2",11,50963804,74246191,23282388,382,72.1,"refuge",23.282388,23282.388,"20Mb-30Mb"
"1678","OM292-2",5,35435376,45739709,10304334,340,77.9,"refuge",10.304334,10304.334,"10-20Mb"
"1679","OM292-2",4,2025264,7712661,5687398,219,61.5,"refuge",5.687398,5687.398,"4-6Mb"
"1680","OM292-2",12,507746,2147823,1640078,75,56.7,"refuge",1.640078,1640.078,"1-2Mb"
"1681","OM292-2",9,79513170,140947192,61434023,1253,91.8,"refuge",61.434023,61434.023,"60Mb-70Mb"
"1682","OM292-2",2,51329090,63088581,11759492,230,79.1,"refuge",11.759492,11759.492,"10-20Mb"
"1683","OM292-2",16,60373749,61833715,1459967,101,37.5,"refuge",1.459967,1459.967,"1-2Mb"
"1684","OM292-2",1,215038044,227203999,12165956,398,78.2,"refuge",12.165956,12165.956,"10-20Mb"
"1685","OM292-2",15,59112899,61884346,2771448,241,73.7,"refuge",2.771448,2771.448,"2-4Mb"
"1686","OM292-2",5,85756167,115870317,30114151,698,88.8,"refuge",30.114151,30114.151,"30Mb-40Mb"
"1687","OM292-2",4,16985035,32521886,15536852,521,87.8,"refuge",15.536852,15536.852,"10-20Mb"
"1688","OM292-2",8,54790766,71642344,16851579,330,61.4,"refuge",16.851579,16851.579,"10-20Mb"
"1689","OM292-2",5,58185086,84188835,26003750,432,84.8,"refuge",26.00375,26003.75,"20Mb-30Mb"
"1690","OM292-2",1,158486036,176936646,18450611,389,76.1,"refuge",18.450611,18450.611,"10-20Mb"
"1691","OM292-2",8,12080658,13037896,957239,110,32.3,"refuge",0.957239,957.239,"<1Mb"
"1692","OM292-2",2,14241222,35799032,21557811,497,81.9,"refuge",21.557811,21557.811,"20Mb-30Mb"
"1693","OM292-2",8,29417250,45421837,16004588,312,65.9,"refuge",16.004588,16004.588,"10-20Mb"
"1694","OM292-2",3,102212961,116743510,14530550,343,72.7,"refuge",14.53055,14530.55,"10-20Mb"
"1695","OM292-2",5,135763120,150128900,14365781,820,94.2,"refuge",14.365781,14365.781,"10-20Mb"
"1696","OM292-2",1,91822572,98789886,6967315,235,58.4,"refuge",6.967315,6967.315,"6-8Mb"
"1697","OM292-2",3,73514222,96174773,22660552,434,84.2,"refuge",22.660552,22660.552,"20Mb-30Mb"
"1698","OM292-2",1,237544678,239503592,1958915,177,62.2,"refuge",1.958915,1958.915,"1-2Mb"
"1699","OM292-2",3,19926626,55407146,35480521,1216,94,"refuge",35.480521,35480.521,"30Mb-40Mb"
"1700","OM301-1A",4,16985035,24519990,7534956,245,78.2,"refuge",7.534956,7534.956,"6-8Mb"
"1701","OM301-1A",8,28981897,46076594,17094698,367,67.2,"refuge",17.094698,17094.698,"10-20Mb"
"1702","OM301-1A",8,22781845,28279180,5497336,168,42.5,"refuge",5.497336,5497.336,"4-6Mb"
"1703","OM301-1A",3,136788602,138922242,2133641,120,48.9,"refuge",2.133641,2133.641,"2-4Mb"
"1704","OM301-1A",17,19616498,23341326,3724829,185,54.5,"refuge",3.724829,3724.829,"2-4Mb"
"1705","OM301-1A",3,44831313,58561465,13730153,400,87.8,"refuge",13.730153,13730.153,"10-20Mb"
"1706","OM301-1A",4,31536034,33220683,1684650,153,65,"refuge",1.68465,1684.65,"1-2Mb"
"1707","OM301-1A",7,24269688,32154575,7884888,180,60.4,"refuge",7.884888,7884.888,"6-8Mb"
"1708","OM301-1A",9,155052227,158511372,3459146,192,68.3,"refuge",3.459146,3459.146,"2-4Mb"
"1709","OM301-1A",13,917700,5058615,4140916,357,85.2,"refuge",4.140916,4140.916,"4-6Mb"
"1710","OM301-1A",4,7797909,11454645,3656737,147,56.9,"refuge",3.656737,3656.737,"2-4Mb"
"1711","OM301-1A",10,76746740,90501368,13754629,633,92,"refuge",13.754629,13754.629,"10-20Mb"
"1712","OM301-1A",2,605103,4037992,3432890,310,72.7,"refuge",3.43289,3432.89,"2-4Mb"
"1713","OM301-1A",10,65159886,75802840,10642955,474,87.6,"refuge",10.642955,10642.955,"10-20Mb"
"1714","OM301-1A",13,12481344,13780046,1298703,111,64.9,"refuge",1.298703,1298.703,"1-2Mb"
"1715","OM301-1A",6,42351249,76122576,33771328,868,90.4,"refuge",33.771328,33771.328,"30Mb-40Mb"
"1716","OM301-1A",4,35679813,44153465,8473653,157,51.5,"refuge",8.473653,8473.653,"8-10MB"
"1717","OM301-1A",7,8616848,12185121,3568274,134,61.2,"refuge",3.568274,3568.274,"2-4Mb"
"1718","OM301-1A",11,8213099,13169994,4956896,206,71.5,"refuge",4.956896,4956.896,"4-6Mb"
"1719","OM301-1A",10,27566174,32635466,5069293,134,31.3,"refuge",5.069293,5069.293,"4-6Mb"
"1720","OM301-1A",3,9691781,20223345,10531565,556,88.8,"refuge",10.531565,10531.565,"10-20Mb"
"1721","OM301-1A",15,125105,2484770,2359666,245,78.9,"refuge",2.359666,2359.666,"2-4Mb"
"1722","OM301-1A",1,151446,9048230,8896785,567,72.7,"refuge",8.896785,8896.785,"8-10MB"
"1723","OM301-1A",11,49181778,76290889,27109112,463,77.5,"refuge",27.109112,27109.112,"20Mb-30Mb"
"1724","OM301-1A",13,18859042,58370795,39511754,1053,92.8,"refuge",39.511754,39511.754,"30Mb-40Mb"
"1725","OM301-1A",10,96194446,111332600,15138155,329,76.3,"refuge",15.138155,15138.155,"10-20Mb"
"1726","OM301-1A",8,48087189,71997287,23910099,566,81.1,"refuge",23.910099,23910.099,"20Mb-30Mb"
"1727","OM301-1A",10,116343623,141377046,25033424,493,85.5,"refuge",25.033424,25033.424,"20Mb-30Mb"
"1728","OM301-1A",7,76225448,104766691,28541244,505,73.2,"refuge",28.541244,28541.244,"20Mb-30Mb"
"1729","OM301-1A",9,146878395,152415890,5537496,205,46.7,"refuge",5.537496,5537.496,"4-6Mb"
"1730","OM301-1A",14,92137412,95491652,3354241,297,81.6,"refuge",3.354241,3354.241,"2-4Mb"
"1731","OM301-1A",14,11910531,19939499,8028969,410,84.7,"refuge",8.028969,8028.969,"8-10MB"
"1732","OM301-1A",17,5035760,8038814,3003055,152,51.1,"refuge",3.003055,3003.055,"2-4Mb"
"1733","OM301-1A",14,88036306,91354780,3318475,237,74.4,"refuge",3.318475,3318.475,"2-4Mb"
"1734","OM301-1A",1,158486036,171444205,12958170,239,57.4,"refuge",12.95817,12958.17,"10-20Mb"
"1735","OM301-1A",1,74455956,122293921,47837966,1508,92.7,"refuge",47.837966,47837.966,"40Mb-50Mb"
"1736","OM301-1A",4,75203880,88813528,13609649,375,82.1,"refuge",13.609649,13609.649,"10-20Mb"
"1737","OM301-1A",9,89493982,131278298,41784317,828,86.5,"refuge",41.784317,41784.317,"40Mb-50Mb"
"1738","OM301-1A",7,58084331,67753151,9668821,212,75.1,"refuge",9.668821,9668.821,"8-10MB"
"1739","OM301-1A",14,48252211,59166968,10914758,210,74.5,"refuge",10.914758,10914.758,"10-20Mb"
"1740","OM301-1A",2,80679257,84252831,3573575,122,65.8,"refuge",3.573575,3573.575,"2-4Mb"
"1741","OM301-1A",10,150353827,153523341,3169515,162,49,"refuge",3.169515,3169.515,"2-4Mb"
"1742","OM301-1A",2,153110227,158005397,4895171,202,59,"refuge",4.895171,4895.171,"4-6Mb"
"1743","OM301-1A",14,26358569,46483140,20124572,456,86,"refuge",20.124572,20124.572,"20Mb-30Mb"
"1744","OM301-1A",14,4108616,5376414,1267799,145,55.8,"refuge",1.267799,1267.799,"1-2Mb"
"1745","OM318-2",1,236099889,238811357,2711469,252,77,"refuge",2.711469,2711.469,"2-4Mb"
"1746","OM318-2",12,39161309,45732814,6571506,361,87.2,"refuge",6.571506,6571.506,"6-8Mb"
"1747","OM318-2",12,55704257,76980657,21276401,658,89.4,"refuge",21.276401,21276.401,"20Mb-30Mb"
"1748","OM318-2",3,37409755,47253753,9843999,335,81.4,"refuge",9.843999,9843.999,"8-10MB"
"1749","OM318-2",3,104831859,118850084,14018226,301,71.4,"refuge",14.018226,14018.226,"10-20Mb"
"1750","OM318-2",1,177071423,190872629,13801207,665,89.4,"refuge",13.801207,13801.207,"10-20Mb"
"1751","OM318-2",12,1618890,5252200,3633311,175,50.6,"refuge",3.633311,3633.311,"2-4Mb"
"1752","OM318-2",9,50927,5104297,5053371,522,93.7,"refuge",5.053371,5053.371,"4-6Mb"
"1753","OM318-2",9,12054485,14522743,2468259,153,71.3,"refuge",2.468259,2468.259,"2-4Mb"
"1754","OM318-2",3,76421459,86835561,10414103,235,82.8,"refuge",10.414103,10414.103,"10-20Mb"
"1755","OM318-2",11,51171386,76290889,25119504,434,67,"refuge",25.119504,25119.504,"20Mb-30Mb"
"1756","OM318-2",6,14713300,48789038,34075739,1033,90.2,"refuge",34.075739,34075.739,"30Mb-40Mb"
"1757","OM318-2",1,74347139,153285883,78938745,2422,95.6,"refuge",78.938745,78938.745,"70Mb-80Mb"
"1758","OM318-2",5,16484303,45739709,29255407,937,91.1,"refuge",29.255407,29255.407,"20Mb-30Mb"
"1759","OM318-2",1,158486036,176936646,18450611,403,80.6,"refuge",18.450611,18450.611,"10-20Mb"
"1760","OM318-2",5,123866176,135404550,11538375,440,85.8,"refuge",11.538375,11538.375,"10-20Mb"
"1761","OM318-2",12,87436872,90739226,3302355,300,85,"refuge",3.302355,3302.355,"2-4Mb"
"1762","OM318-2",17,20999109,35278537,14279429,930,93.1,"refuge",14.279429,14279.429,"10-20Mb"
"1763","OM318-2",13,1402997,4544710,3141714,272,83.6,"refuge",3.141714,3141.714,"2-4Mb"
"1764","OM318-2",4,199390702,203116979,3726278,187,63.8,"refuge",3.726278,3726.278,"2-4Mb"
"1765","OM318-2",10,28023242,34916424,6893183,211,67,"refuge",6.893183,6893.183,"6-8Mb"
"1766","OM318-2",10,135881290,152580680,16699391,614,90.7,"refuge",16.699391,16699.391,"10-20Mb"
"1767","OM318-2",5,153209482,154431738,1222257,82,39.7,"refuge",1.222257,1222.257,"1-2Mb"
"1768","OM318-2",5,46807287,99374897,52567611,1051,94.3,"refuge",52.567611,52567.611,"50Mb-60Mb"
"1769","OM318-2",1,151446,6680055,6528610,429,63.7,"refuge",6.52861,6528.61,"6-8Mb"
"1770","OM318-2",6,121717896,135110378,13392483,454,85.2,"refuge",13.392483,13392.483,"10-20Mb"
"1771","OM318-2",14,8618705,11401793,2783089,169,72.5,"refuge",2.783089,2783.089,"2-4Mb"
"1772","OM318-2",6,144249146,145317624,1068479,106,64.5,"refuge",1.068479,1068.479,"1-2Mb"
"1773","OM318-2",6,5670060,9845370,4175311,201,62.2,"refuge",4.175311,4175.311,"4-6Mb"
"1774","OM318-2",7,3408116,5980517,2572402,113,60.6,"refuge",2.572402,2572.402,"2-4Mb"
"1775","OM318-2",5,135775807,142731997,6956191,429,90,"refuge",6.956191,6956.191,"6-8Mb"
"1776","OM318-2",7,76225448,84926603,8701156,200,57.4,"refuge",8.701156,8701.156,"8-10MB"
"1777","OM318-2",11,84918287,104238732,19320446,623,89.8,"refuge",19.320446,19320.446,"10-20Mb"
"1778","OM318-2",11,115425276,116944018,1518743,87,54,"refuge",1.518743,1518.743,"1-2Mb"
"1779","OM318-2",16,19194,9502201,9483008,474,76,"refuge",9.483008,9483.008,"8-10MB"
"1780","OM318-2",16,56882982,60357755,3474774,424,86.3,"refuge",3.474774,3474.774,"2-4Mb"
"1781","OM318-2",15,49372350,51322672,1950323,78,34.6,"refuge",1.950323,1950.323,"1-2Mb"
"1782","OM318-2",7,22313120,45269063,22955944,466,73.6,"refuge",22.955944,22955.944,"20Mb-30Mb"
"1783","OM318-2",7,104911235,127539913,22628679,552,90.1,"refuge",22.628679,22628.679,"20Mb-30Mb"
"1784","OM318-2",8,165221837,191856779,26634943,388,69.5,"refuge",26.634943,26634.943,"20Mb-30Mb"
"1785","OM318-2",11,24740933,26403180,1662248,88,40.8,"refuge",1.662248,1662.248,"1-2Mb"
"1786","OM318-2",2,157942279,161276765,3334487,116,41.3,"refuge",3.334487,3334.487,"2-4Mb"
"1787","OM318-2",10,1982250,5662501,3680252,309,85.2,"refuge",3.680252,3680.252,"2-4Mb"
"1788","OM318-2",16,21988291,42095102,20106812,676,86.5,"refuge",20.106812,20106.812,"20Mb-30Mb"
"1789","OM318-2",8,219460336,220476854,1016519,91,33,"refuge",1.016519,1016.519,"1-2Mb"
"1790","OM318-2",4,185274211,199030216,13756006,353,86.6,"refuge",13.756006,13756.006,"10-20Mb"
"1791","OM318-2",6,109265459,120021835,10756377,405,86.5,"refuge",10.756377,10756.377,"10-20Mb"
"1792","OM318-2",2,10138315,11664441,1526127,66,48.3,"refuge",1.526127,1526.127,"1-2Mb"
"1793","OM318-2",15,5159953,35828923,30668971,830,89.8,"refuge",30.668971,30668.971,"30Mb-40Mb"
"1794","OM318-2",8,32368125,44658378,12290254,222,43.5,"refuge",12.290254,12290.254,"10-20Mb"
"1795","OM318-2",9,141116607,154373826,13257220,481,86,"refuge",13.25722,13257.22,"10-20Mb"
"1796","OM318-2",14,686144,4093380,3407237,228,80.6,"refuge",3.407237,3407.237,"2-4Mb"
"1797","OM318-2",8,14431549,21061655,6630107,381,83.1,"refuge",6.630107,6630.107,"6-8Mb"
"1798","OM318-2",8,69111,2569907,2500797,197,77.8,"refuge",2.500797,2500.797,"2-4Mb"
"1799","OM318-2",2,101569811,113313844,11744034,213,74.9,"refuge",11.744034,11744.034,"10-20Mb"
"1800","OM318-2",9,50969355,54962127,3992773,97,55.6,"refuge",3.992773,3992.773,"2-4Mb"
"1801","OM318-2",8,53448836,71997287,18548452,391,68.5,"refuge",18.548452,18548.452,"10-20Mb"
"1802","OM331-1A",1,52036997,74188383,22151387,419,71.5,"refuge",22.151387,22151.387,"20Mb-30Mb"
"1803","OM331-1A",5,152425518,154860062,2434545,158,81.1,"refuge",2.434545,2434.545,"2-4Mb"
"1804","OM331-1A",6,121813693,129502074,7688382,195,71.4,"refuge",7.688382,7688.382,"6-8Mb"
"1805","OM331-1A",3,14967047,19575453,4608407,142,38.6,"refuge",4.608407,4608.407,"4-6Mb"
"1806","OM331-1A",5,83890560,112812131,28921572,599,90,"refuge",28.921572,28921.572,"20Mb-30Mb"
"1807","OM331-1A",15,8341209,22968233,14627025,399,86.7,"refuge",14.627025,14627.025,"10-20Mb"
"1808","OM331-1A",15,157852,2604483,2446632,213,84.5,"refuge",2.446632,2446.632,"2-4Mb"
"1809","OM331-1A",15,30868649,59354859,28486211,765,85.7,"refuge",28.486211,28486.211,"20Mb-30Mb"
"1810","OM331-1A",17,14467236,39356001,24888766,1157,91.5,"refuge",24.888766,24888.766,"20Mb-30Mb"
"1811","OM331-1A",16,53110906,54083611,972706,108,50,"refuge",0.972706,972.706,"<1Mb"
"1812","OM331-1A",6,3774268,15817670,12043403,536,82.5,"refuge",12.043403,12043.403,"10-20Mb"
"1813","OM331-1A",13,12581634,15132112,2550479,150,55.1,"refuge",2.550479,2550.479,"2-4Mb"
"1814","OM331-1A",11,111946429,114190077,2243649,228,74.6,"refuge",2.243649,2243.649,"2-4Mb"
"1815","OM331-1A",1,110705901,118840438,8134538,167,65.5,"refuge",8.134538,8134.538,"8-10MB"
"1816","OM331-1A",1,136638459,149451719,12813261,346,73.4,"refuge",12.813261,12813.261,"10-20Mb"
"1817","OM331-1A",11,20431848,26531551,6099704,270,75.2,"refuge",6.099704,6099.704,"6-8Mb"
"1818","OM331-1A",6,132571202,134536665,1965464,68,37.8,"refuge",1.965464,1965.464,"1-2Mb"
"1819","OM331-1A",4,33980133,54451110,20470978,468,86.5,"refuge",20.470978,20470.978,"20Mb-30Mb"
"1820","OM331-1A",10,115726804,149075871,33349068,714,90.1,"refuge",33.349068,33349.068,"30Mb-40Mb"
"1821","OM331-1A",14,27054094,46122471,19068378,365,86.6,"refuge",19.068378,19068.378,"10-20Mb"
"1822","OM331-1A",4,202788723,204441580,1652858,127,74.9,"refuge",1.652858,1652.858,"1-2Mb"
"1823","OM331-1A",10,151247973,154650517,3402545,125,79.8,"refuge",3.402545,3402.545,"2-4Mb"
"1824","OM331-1A",8,154381509,192433306,38051798,547,80.7,"refuge",38.051798,38051.798,"30Mb-40Mb"
"1825","OM331-1A",7,116739665,121919104,5179440,107,30.4,"refuge",5.17944,5179.44,"4-6Mb"
"1826","OM331-1A",1,203438827,217132453,13693627,386,82.3,"refuge",13.693627,13693.627,"10-20Mb"
"1827","OM331-1A",4,410896,6609094,6198199,215,62.5,"refuge",6.198199,6198.199,"6-8Mb"
"1828","OM331-1A",9,17292240,40577650,23285411,537,87.7,"refuge",23.285411,23285.411,"20Mb-30Mb"
"1829","OM331-1A",12,82115900,84892095,2776196,149,62,"refuge",2.776196,2776.196,"2-4Mb"
"1830","OM331-1A",1,233780540,235686088,1905549,154,48.2,"refuge",1.905549,1905.549,"1-2Mb"
"1831","OM331-1A",8,99568653,147566053,47997401,779,82.7,"refuge",47.997401,47997.401,"40Mb-50Mb"
"1832","OM331-1A",2,58582394,65051201,6468808,205,84.1,"refuge",6.468808,6468.808,"6-8Mb"
"1833","OM331-1A",14,4815869,13597694,8781826,480,90.1,"refuge",8.781826,8781.826,"8-10MB"
"1834","OM331-1A",2,146532288,165011149,18478862,650,85.1,"refuge",18.478862,18478.862,"10-20Mb"
"1835","OM331-1A",3,58228761,95041774,36813014,682,92.5,"refuge",36.813014,36813.014,"30Mb-40Mb"
"1836","OM331-1A",3,113575813,119907396,6331584,174,73.4,"refuge",6.331584,6331.584,"6-8Mb"
"1837","OM331-1A",8,69111,1523603,1454493,77,55.4,"refuge",1.454493,1454.493,"1-2Mb"
"1838","OM331-1A",13,17828471,40430788,22602318,557,66,"refuge",22.602318,22602.318,"20Mb-30Mb"
"1839","OM331-1A",8,17789340,23143681,5354342,259,70.5,"refuge",5.354342,5354.342,"4-6Mb"
"1840","OM331-1A",2,37720495,43558659,5838165,147,47.1,"refuge",5.838165,5838.165,"4-6Mb"
"1841","OM331-1A",13,92794491,96421954,3627464,227,73.9,"refuge",3.627464,3627.464,"2-4Mb"
"1842","OM331-1A",13,79789892,82910859,3120968,134,30,"refuge",3.120968,3120.968,"2-4Mb"
"1843","OM331-1A",10,14773891,61286963,46513073,1178,92,"refuge",46.513073,46513.073,"40Mb-50Mb"
"1844","Y22F-1",17,9437720,15937767,6500048,334,85.3,"ranch",6.500048,6500.048,"6-8Mb"
"1845","Y22F-1",15,7423873,37044694,29620822,691,93,"ranch",29.620822,29620.822,"20Mb-30Mb"
"1846","Y22F-1",3,135948736,140503835,4555100,226,80.7,"ranch",4.5551,4555.1,"4-6Mb"
"1847","Y22F-1",17,14316,3326158,3311843,266,88.9,"ranch",3.311843,3311.843,"2-4Mb"
"1848","Y22F-1",5,11229897,14189117,2959221,154,49.1,"ranch",2.959221,2959.221,"2-4Mb"
"1849","Y22F-1",13,28945778,68480715,39534938,966,91.1,"ranch",39.534938,39534.938,"30Mb-40Mb"
"1850","Y22F-1",11,1904809,4250848,2346040,202,78.7,"ranch",2.34604,2346.04,"2-4Mb"
"1851","Y22F-1",4,172781861,187496436,14714576,419,85,"ranch",14.714576,14714.576,"10-20Mb"
"1852","Y22F-1",4,194915597,202376618,7461022,206,56.5,"ranch",7.461022,7461.022,"6-8Mb"
"1853","Y22F-1",8,34361248,45090279,10729032,172,41.6,"ranch",10.729032,10729.032,"10-20Mb"
"1854","Y22F-1",8,17711166,28652281,10941116,409,80.5,"ranch",10.941116,10941.116,"10-20Mb"
"1855","Y22F-1",8,102735432,115095776,12360345,166,60.6,"ranch",12.360345,12360.345,"10-20Mb"
"1856","Y22F-1",11,26914308,39160790,12246483,179,54.7,"ranch",12.246483,12246.483,"10-20Mb"
"1857","Y22F-1",12,88524933,90739226,2214294,213,76,"ranch",2.214294,2214.294,"2-4Mb"
"1858","Y22F-1",13,917700,4515396,3597697,256,79.1,"ranch",3.597697,3597.697,"2-4Mb"
"1859","Y22F-1",9,32581529,41701219,9119691,196,60.7,"ranch",9.119691,9119.691,"8-10MB"
"1860","Y22F-1",10,93424,2270467,2177044,110,51.5,"ranch",2.177044,2177.044,"2-4Mb"
"1861","Y22F-1",10,144365443,149980133,5614691,288,83.4,"ranch",5.614691,5614.691,"4-6Mb"
"1862","Y22F-1",4,410896,3274378,2863483,149,89.7,"ranch",2.863483,2863.483,"2-4Mb"
"1863","Y22F-1",4,15876257,33070781,17194525,616,92.3,"ranch",17.194525,17194.525,"10-20Mb"
"1864","Y22F-1",11,80927929,93707378,12779450,302,82.7,"ranch",12.77945,12779.45,"10-20Mb"
"1865","Y22F-1",16,34044940,53420708,19375769,674,90.9,"ranch",19.375769,19375.769,"10-20Mb"
"1866","Y22F-1",2,13404483,25263457,11858975,270,78,"ranch",11.858975,11858.975,"10-20Mb"
"1867","Y22F-1",14,8194084,11488881,3294798,175,58.3,"ranch",3.294798,3294.798,"2-4Mb"
"1868","Y22F-1",8,217218417,220154563,2936147,168,61.3,"ranch",2.936147,2936.147,"2-4Mb"
"1869","Y22F-1",17,22334790,33926826,11592037,611,95.3,"ranch",11.592037,11592.037,"10-20Mb"
"1870","Y22F-1",12,2903713,6390143,3486431,173,60.4,"ranch",3.486431,3486.431,"2-4Mb"
"1871","Y22F-1",12,24351020,41916898,17565879,640,86.4,"ranch",17.565879,17565.879,"10-20Mb"
"1872","Y22F-1",14,34931914,62795877,27863964,530,86.7,"ranch",27.863964,27863.964,"20Mb-30Mb"
"1873","Y22F-1",11,106276427,107274818,998392,64,43.6,"ranch",0.998392,998.392,"<1Mb"
"1874","Y22F-1",9,155052227,156422317,1370091,78,33.9,"ranch",1.370091,1370.091,"1-2Mb"
"1875","Y22F-1",1,156549466,188470544,31921079,914,94.3,"ranch",31.921079,31921.079,"30Mb-40Mb"
"1876","Y22F-1",10,95267351,124357338,29089988,576,90.6,"ranch",29.089988,29089.988,"20Mb-30Mb"
"1877","Y22F-1",14,4039208,7012580,2973373,263,78.3,"ranch",2.973373,2973.373,"2-4Mb"
"1878","Y22F-1",8,118174024,147566053,29392030,531,82.7,"ranch",29.39203,29392.03,"20Mb-30Mb"
"1879","Y22F-1",5,98242900,138428941,40186042,1307,95.9,"ranch",40.186042,40186.042,"40Mb-50Mb"
"1880","Y22F-1",2,7133170,12268385,5135216,162,47.3,"ranch",5.135216,5135.216,"4-6Mb"
"1881","Y22F-1",14,15346994,19136698,3789705,172,74.2,"ranch",3.789705,3789.705,"2-4Mb"
"1882","Y27M-1",13,12174544,15132112,2957569,206,52.9,"ranch",2.957569,2957.569,"2-4Mb"
"1883","Y27M-1",3,13043636,19459051,6415416,289,70,"ranch",6.415416,6415.416,"6-8Mb"
"1884","Y27M-1",12,84419113,88188528,3769416,248,60.5,"ranch",3.769416,3769.416,"2-4Mb"
"1885","Y27M-1",13,94418977,96521188,2102212,154,74.5,"ranch",2.102212,2102.212,"2-4Mb"
"1886","Y27M-1",1,52319437,79485470,27166034,687,61.1,"ranch",27.166034,27166.034,"20Mb-30Mb"
"1887","Y27M-1",10,8608086,10689394,2081309,171,65.1,"ranch",2.081309,2081.309,"2-4Mb"
"1888","Y27M-1",5,132115223,138833641,6718419,335,79.1,"ranch",6.718419,6718.419,"6-8Mb"
"1889","Y27M-1",15,2903493,10582970,7679478,400,81,"ranch",7.679478,7679.478,"6-8Mb"
"1890","Y27M-1",5,44713668,124126830,79413163,2012,89.7,"ranch",79.413163,79413.163,"70Mb-80Mb"
"1891","Y27M-1",2,9434847,16219902,6785056,372,78.2,"ranch",6.785056,6785.056,"6-8Mb"
"1892","Y27M-1",13,17828471,26335119,8506649,273,45.6,"ranch",8.506649,8506.649,"8-10MB"
"1893","Y27M-1",13,26885774,40455472,13569699,349,55.9,"ranch",13.569699,13569.699,"10-20Mb"
"1894","Y27M-1",17,33757177,35864504,2107328,288,80.6,"ranch",2.107328,2107.328,"2-4Mb"
"1895","Y27M-1",3,58820956,71108158,12287203,288,65.1,"ranch",12.287203,12287.203,"10-20Mb"
"1896","Y27M-1",16,9160749,14896160,5735412,171,47.3,"ranch",5.735412,5735.412,"4-6Mb"
"1897","Y27M-1",7,51251243,63690430,12439188,274,80.3,"ranch",12.439188,12439.188,"10-20Mb"
"1898","Y27M-1",3,120075221,126879855,6804635,206,51.7,"ranch",6.804635,6804.635,"6-8Mb"
"1899","Y27M-1",8,115311942,191769588,76457647,1487,78.2,"ranch",76.457647,76457.647,"70Mb-80Mb"
"1900","Y27M-1",4,410896,12980213,12569318,519,91,"ranch",12.569318,12569.318,"10-20Mb"
"1901","Y27M-1",9,17227631,40509622,23281992,681,88.8,"ranch",23.281992,23281.992,"20Mb-30Mb"
"1902","Y27M-1",5,8139552,14476624,6337073,318,80,"ranch",6.337073,6337.073,"6-8Mb"
"1903","Y27M-1",8,17711166,23143681,5432516,305,63.6,"ranch",5.432516,5432.516,"4-6Mb"
"1904","Y27M-1",15,32366969,40212989,7846021,242,37.2,"ranch",7.846021,7846.021,"6-8Mb"
"1905","Y27M-1",16,19194,2030097,2010904,105,77.9,"ranch",2.010904,2010.904,"2-4Mb"
"1906","Y27M-1",4,33980133,54451110,20470978,548,86.1,"ranch",20.470978,20470.978,"20Mb-30Mb"
"1907","Y27M-1",17,13362959,23586945,10223987,352,72.7,"ranch",10.223987,10223.987,"10-20Mb"
"1908","Y27M-1",4,198350010,202376618,4026609,165,51,"ranch",4.026609,4026.609,"4-6Mb"
"1909","Y27M-1",15,11632136,22984595,11352460,341,63.1,"ranch",11.35246,11352.46,"10-20Mb"
"1910","Y27M-1",14,686144,3553944,2867801,154,79,"ranch",2.867801,2867.801,"2-4Mb"
"1911","Y27M-1",6,7197378,17428280,10230903,530,88.5,"ranch",10.230903,10230.903,"10-20Mb"
"1912","Y27M-1",6,121899102,129042464,7143363,223,62.3,"ranch",7.143363,7143.363,"6-8Mb"
"1913","Y27M-1",14,93044628,95491652,2447025,216,88.4,"ranch",2.447025,2447.025,"2-4Mb"
"1914","Y27M-1",10,131095372,149075871,17980500,530,86.1,"ranch",17.9805,17980.5,"10-20Mb"
"1915","Y27M-1",10,149270765,154650517,5379753,265,86.5,"ranch",5.379753,5379.753,"4-6Mb"
"1916","Y27M-1",10,17752326,58403834,40651509,1234,91.2,"ranch",40.651509,40651.509,"40Mb-50Mb"
"1917","Y28M-1",12,30199541,54972396,24772856,1005,91.3,"ranch",24.772856,24772.856,"20Mb-30Mb"
"1918","Y28M-1",5,64256545,84508066,20251522,381,82.4,"ranch",20.251522,20251.522,"20Mb-30Mb"
"1919","Y28M-1",1,25057080,61712110,36655031,1006,91.7,"ranch",36.655031,36655.031,"30Mb-40Mb"
"1920","Y28M-1",16,7345332,34188691,26843360,1013,92,"ranch",26.84336,26843.36,"20Mb-30Mb"
"1921","Y28M-1",1,232618221,235001917,2383697,183,66.5,"ranch",2.383697,2383.697,"2-4Mb"
"1922","Y28M-1",7,140506900,142357735,1850836,117,48.1,"ranch",1.850836,1850.836,"1-2Mb"
"1923","Y28M-1",8,207192992,212978940,5785949,241,77.5,"ranch",5.785949,5785.949,"4-6Mb"
"1924","Y28M-1",5,91692041,109370519,17678479,474,84.7,"ranch",17.678479,17678.479,"10-20Mb"
"1925","Y28M-1",10,125481673,142020179,16538507,322,80,"ranch",16.538507,16538.507,"10-20Mb"
"1926","Y28M-1",12,17796060,19171874,1375815,161,67.4,"ranch",1.375815,1375.815,"1-2Mb"
"1927","Y28M-1",13,17828471,40455472,22627002,625,71.4,"ranch",22.627002,22627.002,"20Mb-30Mb"
"1928","Y28M-1",7,63827538,90467016,26639479,638,91.7,"ranch",26.639479,26639.479,"20Mb-30Mb"
"1929","Y28M-1",12,72011168,75234843,3223676,133,43.5,"ranch",3.223676,3223.676,"2-4Mb"
"1930","Y28M-1",13,12424856,16460439,4035584,231,59.1,"ranch",4.035584,4035.584,"4-6Mb"
"1931","Y28M-1",10,150028945,154650517,4621573,208,75.9,"ranch",4.621573,4621.573,"4-6Mb"
"1932","Y28M-1",4,187034854,200534816,13499963,337,79.3,"ranch",13.499963,13499.963,"10-20Mb"
"1933","Y28M-1",7,137241191,140308304,3067114,257,86.4,"ranch",3.067114,3067.114,"2-4Mb"
"1934","Y28M-1",15,3328855,11227272,7898418,394,84.9,"ranch",7.898418,7898.418,"6-8Mb"
"1935","Y28M-1",3,113575813,117132863,3557051,78,34.7,"ranch",3.557051,3557.051,"2-4Mb"
"1936","Y28M-1",9,117615928,139676995,22061068,512,82,"ranch",22.061068,22061.068,"20Mb-30Mb"
"1937","Y28M-1",9,32581529,40509622,7928094,185,58,"ranch",7.928094,7928.094,"6-8Mb"
"1938","Y28M-1",3,27755282,95108516,67353235,1900,96.4,"ranch",67.353235,67353.235,"60Mb-70Mb"
"1939","Y28M-1",10,86074093,108399778,22325686,562,89.2,"ranch",22.325686,22325.686,"20Mb-30Mb"
"1940","Y28M-1",6,73573758,76513491,2939734,89,31.7,"ranch",2.939734,2939.734,"2-4Mb"
"1941","Y28M-1",9,155378634,158367792,2989159,179,60.6,"ranch",2.989159,2989.159,"2-4Mb"
"1942","Y28M-1",2,17053,837903,820851,53,42.9,"ranch",0.820851,820.851,"<1Mb"
"1943","Y28M-1",4,134302118,165024793,30722676,923,92.5,"ranch",30.722676,30722.676,"30Mb-40Mb"
"1944","Y28M-1",9,5263390,10242134,4978745,345,84.8,"ranch",4.978745,4978.745,"4-6Mb"
"1945","Y28M-1",8,179385384,191813628,12428245,183,44.7,"ranch",12.428245,12428.245,"10-20Mb"
"1946","Y28M-1",4,120541959,130241582,9699624,344,86.6,"ranch",9.699624,9699.624,"8-10MB"
"1947","Y28M-1",17,14316,1174283,1159968,100,49.1,"ranch",1.159968,1159.968,"1-2Mb"
"1948","Y28M-1",11,39160790,44698478,5537689,134,38.2,"ranch",5.537689,5537.689,"4-6Mb"
"1949","Y28M-1",11,113396534,116944018,3547485,319,90.5,"ranch",3.547485,3547.485,"2-4Mb"
"1950","Y28M-1",4,45201458,73543453,28341996,890,93.1,"ranch",28.341996,28341.996,"20Mb-30Mb"
"1951","Y28M-1",4,4824332,12980213,8155882,307,76.4,"ranch",8.155882,8155.882,"8-10MB"
"1952","Y28M-1",11,46856433,71567760,24711328,430,83.1,"ranch",24.711328,24711.328,"20Mb-30Mb"
"1953","Y28M-1",10,30401326,49199629,18798304,663,89.6,"ranch",18.798304,18798.304,"10-20Mb"
"1954","Y28M-1",2,156253239,157851912,1598674,79,35.4,"ranch",1.598674,1598.674,"1-2Mb"
"1955","Y28M-1",8,120273312,151427819,31154508,597,86.7,"ranch",31.154508,31154.508,"30Mb-40Mb"
"1956","Y28M-1",4,410896,3093702,2682807,160,77.9,"ranch",2.682807,2682.807,"2-4Mb"
"1957","Y28M-1",2,5653266,11655388,6002123,237,79.3,"ranch",6.002123,6002.123,"6-8Mb"
"1958","Y28M-1",2,36497636,43558659,7061024,181,45.8,"ranch",7.061024,7061.024,"6-8Mb"
"1959","Y28M-1",2,102518509,127359351,24840843,799,90.8,"ranch",24.840843,24840.843,"20Mb-30Mb"
"1960","Y28M-1",14,45063420,75788327,30724908,730,90.7,"ranch",30.724908,30724.908,"30Mb-40Mb"
"1961","Y29F-1",8,217236072,222360509,5124438,302,85.3,"ranch",5.124438,5124.438,"4-6Mb"
"1962","Y29F-1",10,144365443,154646075,10280633,506,95.2,"ranch",10.280633,10280.633,"10-20Mb"
"1963","Y29F-1",8,158221220,191249405,33028186,496,66.4,"ranch",33.028186,33028.186,"30Mb-40Mb"
"1964","Y29F-1",5,45074847,52704682,7629836,202,54.5,"ranch",7.629836,7629.836,"6-8Mb"
"1965","Y29F-1",12,49607927,73090850,23482924,630,92.7,"ranch",23.482924,23482.924,"20Mb-30Mb"
"1966","Y29F-1",3,19575453,26812859,7237407,312,82.1,"ranch",7.237407,7237.407,"6-8Mb"
"1967","Y29F-1",3,37602825,42043426,4440602,147,62.6,"ranch",4.440602,4440.602,"4-6Mb"
"1968","Y29F-1",8,119911832,132990917,13079086,250,69.7,"ranch",13.079086,13079.086,"10-20Mb"
"1969","Y29F-1",12,507746,3033299,2525554,111,62.4,"ranch",2.525554,2525.554,"2-4Mb"
"1970","Y29F-1",7,3508849,9854404,6345556,282,80.4,"ranch",6.345556,6345.556,"6-8Mb"
"1971","Y29F-1",7,12524410,15534868,3010459,139,65.6,"ranch",3.010459,3010.459,"2-4Mb"
"1972","Y29F-1",10,93424,1999828,1906405,98,77,"ranch",1.906405,1906.405,"1-2Mb"
"1973","Y29F-1",13,917700,6246465,5328766,447,87.6,"ranch",5.328766,5328.766,"4-6Mb"
"1974","Y29F-1",10,10777582,25913107,15135526,291,60.9,"ranch",15.135526,15135.526,"10-20Mb"
"1975","Y29F-1",10,26248838,33755146,7506309,204,55.8,"ranch",7.506309,7506.309,"6-8Mb"
"1976","Y29F-1",10,96194446,104129276,7934831,134,62.4,"ranch",7.934831,7934.831,"6-8Mb"
"1977","Y29F-1",8,3020293,6002617,2982325,230,80.4,"ranch",2.982325,2982.325,"2-4Mb"
"1978","Y29F-1",4,202788723,207193806,4405084,280,84.3,"ranch",4.405084,4405.084,"4-6Mb"
"1979","Y29F-1",13,27109532,40455472,13345941,297,53,"ranch",13.345941,13345.941,"10-20Mb"
"1980","Y29F-1",13,54026025,59144443,5118419,167,71,"ranch",5.118419,5118.419,"4-6Mb"
"1981","Y29F-1",4,186595381,193222369,6626989,148,72.9,"ranch",6.626989,6626.989,"6-8Mb"
"1982","Y29F-1",6,128100790,140592507,12491718,520,86.2,"ranch",12.491718,12491.718,"10-20Mb"
"1983","Y29F-1",2,168315946,170746123,2430178,174,80.2,"ranch",2.430178,2430.178,"2-4Mb"
"1984","Y29F-1",8,8111372,10308863,2197492,139,61.2,"ranch",2.197492,2197.492,"2-4Mb"
"1985","Y29F-1",6,6865599,9845370,2979772,127,36.8,"ranch",2.979772,2979.772,"2-4Mb"
"1986","Y29F-1",8,51950430,69721040,17770611,351,67.9,"ranch",17.770611,17770.611,"10-20Mb"
"1987","Y29F-1",10,82889789,87319475,4429687,114,37,"ranch",4.429687,4429.687,"4-6Mb"
"1988","Y29F-1",1,22506017,75533791,53027775,1292,88.9,"ranch",53.027775,53027.775,"50Mb-60Mb"
"1989","Y29F-1",8,11637664,13195409,1557746,159,61.7,"ranch",1.557746,1557.746,"1-2Mb"
"1990","Y29F-1",9,19025901,80751255,61725355,1578,93.4,"ranch",61.725355,61725.355,"60Mb-70Mb"
"1991","Y29F-1",17,9292124,22717946,13425823,477,88.4,"ranch",13.425823,13425.823,"10-20Mb"
"1992","Y29F-1",15,18011207,21592167,3580961,116,37.8,"ranch",3.580961,3580.961,"2-4Mb"
"1993","Y29F-1",1,237521159,241417019,3895861,381,90.3,"ranch",3.895861,3895.861,"2-4Mb"
"1994","Y29F-1",2,5389900,80972128,75582229,2115,95.2,"ranch",75.582229,75582.229,"70Mb-80Mb"
"1995","Y29F-1",11,4166521,17671864,13505344,549,86.5,"ranch",13.505344,13505.344,"10-20Mb"
"1996","Y29F-1",11,114202402,116888089,2685688,217,88.1,"ranch",2.685688,2685.688,"2-4Mb"
"1997","Y29F-1",14,69966828,75788327,5821500,137,42.8,"ranch",5.8215,5821.5,"4-6Mb"
"1998","Y29F-1",3,118233538,129371347,11137810,417,78.2,"ranch",11.13781,11137.81,"10-20Mb"
"1999","Y29F-1",4,410896,1771516,1360621,61,41.1,"ranch",1.360621,1360.621,"1-2Mb"
"2000","Y29F-1",4,128798560,132316552,3517993,85,52.6,"ranch",3.517993,3517.993,"2-4Mb"
"2001","Y29F-1",4,154089863,165673930,11584068,334,79.6,"ranch",11.584068,11584.068,"10-20Mb"
"2002","Y29F-1",17,36714766,41490861,4776096,235,71.3,"ranch",4.776096,4776.096,"4-6Mb"
"2003","Y29F-1",9,134129063,137730707,3601645,115,60.5,"ranch",3.601645,3601.645,"2-4Mb"
"2004","Y29F-1",7,135597440,136490395,892956,67,37.7,"ranch",0.892956,892.956,"<1Mb"
"2005","Y29F-1",16,56732852,58616983,1884132,230,71.1,"ranch",1.884132,1884.132,"1-2Mb"
"2006","Y29F-1",8,73796968,79387278,5590311,113,36.7,"ranch",5.590311,5590.311,"4-6Mb"
"2007","Y29F-1",16,34044940,42701287,8656348,267,79.8,"ranch",8.656348,8656.348,"8-10MB"
"2008","Y29F-1",2,127161093,146800335,19639243,300,57.5,"ranch",19.639243,19639.243,"10-20Mb"
"2009","Y29F-1",2,161361361,163655506,2294146,160,72.7,"ranch",2.294146,2294.146,"2-4Mb"
"2010","Y29F-1",16,1219429,3911036,2691608,147,40.6,"ranch",2.691608,2691.608,"2-4Mb"
"2011","Y29F-1",9,112533703,117501271,4967569,104,44.3,"ranch",4.967569,4967.569,"4-6Mb"
"2012","Y29F-1",9,150961994,156422317,5460324,281,77,"ranch",5.460324,5460.324,"4-6Mb"
"2013","Y29F-1",14,15775709,21718647,5942939,237,76.1,"ranch",5.942939,5942.939,"4-6Mb"
"2014","Y29F-1",14,686144,3904212,3218069,178,76.6,"ranch",3.218069,3218.069,"2-4Mb"
"2015","Y30F-1",8,217953102,222360509,4407408,288,86.4,"ranch",4.407408,4407.408,"4-6Mb"
"2016","Y30F-1",13,2906582,6246465,3339884,346,77.3,"ranch",3.339884,3339.884,"2-4Mb"
"2017","Y30F-1",1,20317968,78970782,58652815,1631,94.7,"ranch",58.652815,58652.815,"50Mb-60Mb"
"2018","Y30F-1",8,194157037,201944015,7786979,161,30,"ranch",7.786979,7786.979,"6-8Mb"
"2019","Y30F-1",7,26319789,42277007,15957219,313,76.8,"ranch",15.957219,15957.219,"10-20Mb"
"2020","Y30F-1",16,1648792,3980121,2331330,148,39.9,"ranch",2.33133,2331.33,"2-4Mb"
"2021","Y30F-1",12,14249386,40022531,25773146,1123,93.3,"ranch",25.773146,25773.146,"20Mb-30Mb"
"2022","Y30F-1",8,157657212,191331526,33674315,579,78.4,"ranch",33.674315,33674.315,"30Mb-40Mb"
"2023","Y30F-1",11,39554264,49856619,10302356,213,39.1,"ranch",10.302356,10302.356,"10-20Mb"
"2024","Y30F-1",2,8032225,29261233,21229009,616,84.1,"ranch",21.229009,21229.009,"20Mb-30Mb"
"2025","Y30F-1",6,50291671,56498777,6207107,135,52.8,"ranch",6.207107,6207.107,"6-8Mb"
"2026","Y30F-1",17,10976923,14343520,3366598,260,80.2,"ranch",3.366598,3366.598,"2-4Mb"
"2027","Y30F-1",8,102155688,120091082,17935395,354,76.7,"ranch",17.935395,17935.395,"10-20Mb"
"2028","Y30F-1",10,112093629,143894666,31801038,668,91.2,"ranch",31.801038,31801.038,"30Mb-40Mb"
"2029","Y30F-1",10,10777582,24189752,13412171,288,75.2,"ranch",13.412171,13412.171,"10-20Mb"
"2030","Y30F-1",3,44171040,62834940,18663901,555,86,"ranch",18.663901,18663.901,"10-20Mb"
"2031","Y30F-1",5,147534299,152773250,5238952,457,88.4,"ranch",5.238952,5238.952,"4-6Mb"
"2032","Y30F-1",7,16747429,22379912,5632484,299,83.1,"ranch",5.632484,5632.484,"4-6Mb"
"2033","Y30F-1",7,12524410,14751207,2226798,130,62.4,"ranch",2.226798,2226.798,"2-4Mb"
"2034","Y30F-1",17,14316,1832515,1818200,195,83.8,"ranch",1.8182,1818.2,"1-2Mb"
"2035","Y30F-1",7,51251243,58209054,6957812,144,67.3,"ranch",6.957812,6957.812,"6-8Mb"
"2036","Y30F-1",11,682287,4250848,3568562,337,93.7,"ranch",3.568562,3568.562,"2-4Mb"
"2037","Y30F-1",14,8191523,11554866,3363344,206,59.6,"ranch",3.363344,3363.344,"2-4Mb"
"2038","Y30F-1",14,16077504,18513141,2435638,96,36,"ranch",2.435638,2435.638,"2-4Mb"
"2039","Y30F-1",6,94913815,140836789,45922975,1739,95.5,"ranch",45.922975,45922.975,"40Mb-50Mb"
"2040","Y30F-1",17,36648225,41492987,4844763,269,69,"ranch",4.844763,4844.763,"4-6Mb"
"2041","Y30F-1",5,5115579,6219836,1104258,90,47.5,"ranch",1.104258,1104.258,"1-2Mb"
"2042","Y30F-1",3,28887944,35355347,6467404,257,76.1,"ranch",6.467404,6467.404,"6-8Mb"
"2043","Y30F-1",8,23057485,28652281,5594797,186,58.9,"ranch",5.594797,5594.797,"4-6Mb"
"2044","Y30F-1",1,133088697,139851201,6762505,199,54,"ranch",6.762505,6762.505,"6-8Mb"
"2045","Y30F-1",8,7089030,10308863,3219834,227,81.3,"ranch",3.219834,3219.834,"2-4Mb"
"2046","Y30F-1",8,12040902,13195409,1154508,142,59,"ranch",1.154508,1154.508,"1-2Mb"
"2047","Y30F-1",5,7380731,38876916,31496186,1223,95.1,"ranch",31.496186,31496.186,"30Mb-40Mb"
"2048","Y30F-1",8,58605796,79387278,20781483,522,82.4,"ranch",20.781483,20781.483,"20Mb-30Mb"
"2049","Y30F-1",6,6851501,12434372,5582872,267,81.8,"ranch",5.582872,5582.872,"4-6Mb"
"2050","Y30F-1",11,86122303,91159472,5037170,169,56.6,"ranch",5.03717,5037.17,"4-6Mb"
"2051","Y30F-1",3,138909885,140503835,1593951,93,46.5,"ranch",1.593951,1593.951,"1-2Mb"
"2052","Y30F-1",2,81283648,86790433,5506786,171,71.8,"ranch",5.506786,5506.786,"4-6Mb"
"2053","Y30F-1",2,127161093,151248001,24086909,462,72.7,"ranch",24.086909,24086.909,"20Mb-30Mb"
"2054","Y30F-1",3,135058736,137447143,2388408,151,59.1,"ranch",2.388408,2388.408,"2-4Mb"
"2055","Y30F-1",14,78370775,89449045,11078271,374,82,"ranch",11.078271,11078.271,"10-20Mb"
"2056","Y30F-1",8,14849990,18072709,3222720,207,69.4,"ranch",3.22272,3222.72,"2-4Mb"
"2057","Y30F-1",9,10280240,11977811,1697572,134,48.2,"ranch",1.697572,1697.572,"1-2Mb"
"2058","Y30F-1",15,50651889,55065464,4413576,175,54.9,"ranch",4.413576,4413.576,"4-6Mb"
"2059","Y30F-1",4,203383968,207193806,3809839,248,82.5,"ranch",3.809839,3809.839,"2-4Mb"
"2060","Y30F-1",6,144237577,148121808,3884232,276,76.3,"ranch",3.884232,3884.232,"2-4Mb"
"2061","Y30F-1",15,6785939,21687451,14901513,474,85,"ranch",14.901513,14901.513,"10-20Mb"
"2062","Y30F-1",14,35057280,50456734,15399455,363,82.2,"ranch",15.399455,15399.455,"10-20Mb"
"2063","Y30F-1",4,4824332,31214016,26389685,1031,94.4,"ranch",26.389685,26389.685,"20Mb-30Mb"
"2064","Y30F-1",13,26550667,53715058,27164392,707,86.3,"ranch",27.164392,27164.392,"20Mb-30Mb"
"2065","Y30F-1",13,89852347,92752755,2900409,172,60.5,"ranch",2.900409,2900.409,"2-4Mb"
"2066","Y31F-1",5,50267916,72792970,22525055,434,80.1,"ranch",22.525055,22525.055,"20Mb-30Mb"
"2067","Y31F-1",7,26908154,42277007,15368854,280,73.3,"ranch",15.368854,15368.854,"10-20Mb"
"2068","Y31F-1",5,20103773,25253268,5149496,153,47,"ranch",5.149496,5149.496,"4-6Mb"
"2069","Y31F-1",16,14973195,31973444,17000250,596,89.5,"ranch",17.00025,17000.25,"10-20Mb"
"2070","Y31F-1",7,16747429,20831141,4083713,166,63.6,"ranch",4.083713,4083.713,"4-6Mb"
"2071","Y31F-1",16,19194,1648792,1629599,78,63.8,"ranch",1.629599,1629.599,"1-2Mb"
"2072","Y31F-1",16,7407288,10079070,2671783,134,56.7,"ranch",2.671783,2671.783,"2-4Mb"
"2073","Y31F-1",8,95500112,119856127,24356016,501,86.5,"ranch",24.356016,24356.016,"20Mb-30Mb"
"2074","Y31F-1",5,8139552,16509212,8369661,447,89.3,"ranch",8.369661,8369.661,"8-10MB"
"2075","Y31F-1",1,75863876,79485470,3621595,149,50.1,"ranch",3.621595,3621.595,"2-4Mb"
"2076","Y31F-1",4,200995549,204565752,3570204,249,77.9,"ranch",3.570204,3570.204,"2-4Mb"
"2077","Y31F-1",15,2555200,4474854,1919655,125,46.5,"ranch",1.919655,1919.655,"1-2Mb"
"2078","Y31F-1",15,11381562,21663193,10281632,266,62.5,"ranch",10.281632,10281.632,"10-20Mb"
"2079","Y31F-1",7,51251243,66364845,15113603,306,81.2,"ranch",15.113603,15113.603,"10-20Mb"
"2080","Y31F-1",1,227811578,233329646,5518069,313,81.4,"ranch",5.518069,5518.069,"4-6Mb"
"2081","Y31F-1",8,45145139,77117097,31971959,806,89.8,"ranch",31.971959,31971.959,"30Mb-40Mb"
"2082","Y31F-1",6,640722,4169354,3528633,456,95.4,"ranch",3.528633,3528.633,"2-4Mb"
"2083","Y31F-1",8,157657212,191242702,33585491,547,71.8,"ranch",33.585491,33585.491,"30Mb-40Mb"
"2084","Y31F-1",8,69111,6621284,6552174,553,95.5,"ranch",6.552174,6552.174,"6-8Mb"
"2085","Y31F-1",6,122278916,127932957,5654042,166,63.8,"ranch",5.654042,5654.042,"4-6Mb"
"2086","Y31F-1",8,220414670,222360509,1945840,114,74.4,"ranch",1.94584,1945.84,"1-2Mb"
"2087","Y31F-1",1,46014366,73475516,27461151,622,84.5,"ranch",27.461151,27461.151,"20Mb-30Mb"
"2088","Y31F-1",5,132085092,137713282,5628191,236,78.8,"ranch",5.628191,5628.191,"4-6Mb"
"2089","Y31F-1",5,143731461,147339517,3608057,200,77,"ranch",3.608057,3608.057,"2-4Mb"
"2090","Y31F-1",3,138909885,140503835,1593951,87,43,"ranch",1.593951,1593.951,"1-2Mb"
"2091","Y31F-1",13,87975544,94361571,6386028,336,89.5,"ranch",6.386028,6386.028,"6-8Mb"
"2092","Y31F-1",15,52832833,59873566,7040734,351,76.2,"ranch",7.040734,7040.734,"6-8Mb"
"2093","Y31F-1",2,9434847,16294646,6859800,355,77.9,"ranch",6.8598,6859.8,"6-8Mb"
"2094","Y31F-1",14,8171739,11554866,3383128,196,63.2,"ranch",3.383128,3383.128,"2-4Mb"
"2095","Y31F-1",8,7089030,10158736,3069707,211,78,"ranch",3.069707,3069.707,"2-4Mb"
"2096","Y31F-1",6,34371680,80218310,45846631,1307,94.4,"ranch",45.846631,45846.631,"40Mb-50Mb"
"2097","Y31F-1",6,94913815,109459142,14545328,449,85.5,"ranch",14.545328,14545.328,"10-20Mb"
"2098","Y31F-1",4,166500718,171218437,4717720,181,71.7,"ranch",4.71772,4717.72,"4-6Mb"
"2099","Y31F-1",8,216187698,219542204,3354507,192,54.2,"ranch",3.354507,3354.507,"2-4Mb"
"2100","Y31F-1",1,151446,4970924,4819479,287,79.8,"ranch",4.819479,4819.479,"4-6Mb"
"2101","Y31F-1",3,75980077,84658553,8678477,194,62.4,"ranch",8.678477,8678.477,"8-10MB"
"2102","Y31F-1",3,101415964,126848451,25432488,713,91,"ranch",25.432488,25432.488,"20Mb-30Mb"
"2103","Y31F-1",13,17828471,53715058,35886588,919,80.8,"ranch",35.886588,35886.588,"30Mb-40Mb"
"2104","Y31F-1",11,39554264,49856619,10302356,205,36.5,"ranch",10.302356,10302.356,"10-20Mb"
"2105","Y31F-1",12,1702014,42663283,40961270,1875,91.3,"ranch",40.96127,40961.27,"40Mb-50Mb"
"2106","Y31F-1",16,58599580,61475647,2876068,265,64.4,"ranch",2.876068,2876.068,"2-4Mb"
"2107","Y31F-1",11,113067138,114180119,1112982,106,38.6,"ranch",1.112982,1112.982,"1-2Mb"
"2108","Y31F-1",4,130439270,143458144,13018875,385,84.5,"ranch",13.018875,13018.875,"10-20Mb"
"2109","Y31F-1",9,5550812,8934704,3383893,218,72.1,"ranch",3.383893,3383.893,"2-4Mb"
"2110","Y31F-1",7,139778983,142357735,2578753,174,74,"ranch",2.578753,2578.753,"2-4Mb"
"2111","Y31F-1",13,12174544,16154220,3979677,225,62.1,"ranch",3.979677,3979.677,"2-4Mb"
"2112","Y31F-1",3,13043636,19459051,6415416,274,75.4,"ranch",6.415416,6415.416,"6-8Mb"
"2113","Y31F-1",2,127172413,151870687,24698275,447,70.3,"ranch",24.698275,24698.275,"20Mb-30Mb"
"2114","Y31F-1",9,10280240,11977811,1697572,123,39.9,"ranch",1.697572,1697.572,"1-2Mb"
"2115","Y31F-1",11,73658210,94969312,21311103,518,82.4,"ranch",21.311103,21311.103,"20Mb-30Mb"
"2116","Y31F-1",14,26961622,50456734,23495113,506,88.7,"ranch",23.495113,23495.113,"20Mb-30Mb"
"2117","Y31F-1",2,164877701,170746123,5868423,478,92.3,"ranch",5.868423,5868.423,"4-6Mb"
"2118","Y31F-1",5,119254531,122338418,3083888,113,35.3,"ranch",3.083888,3083.888,"2-4Mb"
"2119","Y31F-1",17,14316,1174283,1159968,97,51.1,"ranch",1.159968,1159.968,"1-2Mb"
"2120","Y32F-1",8,147789669,161031612,13241944,278,68.5,"ranch",13.241944,13241.944,"10-20Mb"
"2121","Y32F-1",8,118174024,141756402,23582379,475,76.2,"ranch",23.582379,23582.379,"20Mb-30Mb"
"2122","Y32F-1",1,151446,2684889,2533444,121,63.7,"ranch",2.533444,2533.444,"2-4Mb"
"2123","Y32F-1",1,4150164,6658629,2508466,207,61.2,"ranch",2.508466,2508.466,"2-4Mb"
"2124","Y32F-1",8,47768665,51950430,4181766,137,60.3,"ranch",4.181766,4181.766,"4-6Mb"
"2125","Y32F-1",10,6861968,8438548,1576581,130,42.9,"ranch",1.576581,1576.581,"1-2Mb"
"2126","Y32F-1",10,125481673,154650517,29168845,929,95.7,"ranch",29.168845,29168.845,"20Mb-30Mb"
"2127","Y32F-1",5,149016560,151677158,2660599,237,62.8,"ranch",2.660599,2660.599,"2-4Mb"
"2128","Y32F-1",1,75863876,80010780,4146905,179,61.7,"ranch",4.146905,4146.905,"4-6Mb"
"2129","Y32F-1",4,64040604,74289564,10248961,318,85.8,"ranch",10.248961,10248.961,"10-20Mb"
"2130","Y32F-1",4,128026313,134061151,6034839,166,61.6,"ranch",6.034839,6034.839,"6-8Mb"
"2131","Y32F-1",1,46905517,55843732,8938216,252,70.7,"ranch",8.938216,8938.216,"8-10MB"
"2132","Y32F-1",12,72490228,75234843,2744616,117,49.3,"ranch",2.744616,2744.616,"2-4Mb"
"2133","Y32F-1",5,72900039,84621187,11721149,222,67.3,"ranch",11.721149,11721.149,"10-20Mb"
"2134","Y32F-1",5,138203767,140458927,2255161,135,62.4,"ranch",2.255161,2255.161,"2-4Mb"
"2135","Y32F-1",5,1230013,4243461,3013449,132,73.8,"ranch",3.013449,3013.449,"2-4Mb"
"2136","Y32F-1",4,8507508,13605723,5098216,161,48,"ranch",5.098216,5098.216,"4-6Mb"
"2137","Y32F-1",2,85727793,89651939,3924147,138,39,"ranch",3.924147,3924.147,"2-4Mb"
"2138","Y32F-1",7,131508859,132387351,878493,88,57.3,"ranch",0.878493,878.493,"<1Mb"
"2139","Y32F-1",7,137511670,142357735,4846066,360,93.3,"ranch",4.846066,4846.066,"4-6Mb"
"2140","Y32F-1",5,22101061,36777333,14676273,389,88.6,"ranch",14.676273,14676.273,"10-20Mb"
"2141","Y32F-1",8,69111,2003723,1934613,137,59.9,"ranch",1.934613,1934.613,"1-2Mb"
"2142","Y32F-1",8,5714662,8317066,2602405,185,77.4,"ranch",2.602405,2602.405,"2-4Mb"
"2143","Y32F-1",8,22424107,42656605,20232499,515,82.7,"ranch",20.232499,20232.499,"20Mb-30Mb"
"2144","Y32F-1",2,16438327,24996827,8558501,134,55.2,"ranch",8.558501,8558.501,"8-10MB"
"2145","Y32F-1",3,45156725,54185685,9028961,180,59.2,"ranch",9.028961,9028.961,"8-10MB"
"2146","Y32F-1",3,77166193,100646340,23480148,526,88.7,"ranch",23.480148,23480.148,"20Mb-30Mb"
"2147","Y32F-1",3,105808792,123842020,18033229,460,85.9,"ranch",18.033229,18033.229,"10-20Mb"
"2148","Y32F-1",3,60093,2342198,2282106,136,76.4,"ranch",2.282106,2282.106,"2-4Mb"
"2149","Y32F-1",16,11605282,22828982,11223701,446,84.1,"ranch",11.223701,11223.701,"10-20Mb"
"2150","Y32F-1",12,24351020,28844443,4493424,146,33.2,"ranch",4.493424,4493.424,"4-6Mb"
"2151","Y32F-1",11,15830227,20849294,5019068,342,80.4,"ranch",5.019068,5019.068,"4-6Mb"
"2152","Y32F-1",11,39554264,56160079,16605816,317,68.2,"ranch",16.605816,16605.816,"10-20Mb"
"2153","Y32F-1",11,102342988,104423308,2080321,89,37,"ranch",2.080321,2080.321,"2-4Mb"
"2154","Y32F-1",11,106218527,107345102,1126576,81,56.3,"ranch",1.126576,1126.576,"1-2Mb"
"2155","Y32F-1",4,410896,1784349,1373454,62,38.4,"ranch",1.373454,1373.454,"1-2Mb"
"2156","Y32F-1",9,4580537,9178449,4597913,320,78.8,"ranch",4.597913,4597.913,"4-6Mb"
"2157","Y32F-1",9,13692098,17738455,4046358,167,70.1,"ranch",4.046358,4046.358,"4-6Mb"
"2158","Y32F-1",9,40462988,45455926,4992939,160,59.2,"ranch",4.992939,4992.939,"4-6Mb"
"2159","Y32F-1",9,86040395,95218164,9177770,163,56,"ranch",9.17777,9177.77,"8-10MB"
"2160","Y32F-1",4,202052568,204626950,2574383,199,59.6,"ranch",2.574383,2574.383,"2-4Mb"
"2161","Y32F-1",1,210338444,213084314,2745871,107,68.2,"ranch",2.745871,2745.871,"2-4Mb"
"2162","Y32F-1",14,686144,10004907,9318764,662,92.3,"ranch",9.318764,9318.764,"8-10MB"
"2163","Y32F-1",14,27054094,40574460,13520367,295,74.6,"ranch",13.520367,13520.367,"10-20Mb"
"2164","Y32F-1",14,71088949,76427303,5338355,138,33.7,"ranch",5.338355,5338.355,"4-6Mb"
"2165","Y32F-1",14,92303190,93406893,1103704,147,78.5,"ranch",1.103704,1103.704,"1-2Mb"
"2166","Y32F-1",6,3432990,7197378,3764389,227,73.9,"ranch",3.764389,3764.389,"2-4Mb"
"2167","Y32F-1",6,73573758,76448642,2874885,82,38.6,"ranch",2.874885,2874.885,"2-4Mb"
"2168","Y32F-1",6,87131636,100749881,13618246,501,90.3,"ranch",13.618246,13618.246,"10-20Mb"
"2169","Y32F-1",6,111764976,119588605,7823630,326,87.3,"ranch",7.82363,7823.63,"6-8Mb"
"2170","Y32F-1",6,139123187,141242845,2119659,161,50,"ranch",2.119659,2119.659,"2-4Mb"
"2171","Y32F-1",13,5880532,7042417,1161886,95,57.9,"ranch",1.161886,1161.886,"1-2Mb"
"2172","Y32F-1",13,9964916,12311211,2346296,158,66.8,"ranch",2.346296,2346.296,"2-4Mb"
"2173","Y32F-1",15,13444458,21107989,7663532,192,59.5,"ranch",7.663532,7663.532,"6-8Mb"
"2174","Y32F-1",15,61894804,64001681,2106878,136,44.8,"ranch",2.106878,2106.878,"2-4Mb"
"2175","Y32F-1",16,1190860,6856923,5666064,312,78.3,"ranch",5.666064,5666.064,"4-6Mb"
"2176","Y32F-1",17,14316,1842363,1828048,196,82.8,"ranch",1.828048,1828.048,"1-2Mb"
"2177","Y32F-1",17,9509458,21338169,11828712,426,80.7,"ranch",11.828712,11828.712,"10-20Mb"
