"sample","chromosome","start","end","length_bp","n_markers","quality"
"E10F-1",1,7119,3782387,3775269,204,75.9
"E10F-1",1,52036997,74761341,22724345,504,73
"E10F-1",1,75863876,79531121,3667246,160,53.5
"E10F-1",1,115322794,123714598,8391805,194,65
"E10F-1",1,136700433,149451719,12751287,424,83.3
"E10F-1",1,206979976,235092332,28112357,1227,93.1
"E10F-1",1,239795075,241417019,1621945,196,81.6
"E13M-1",1,24627470,33913310,9285841,300,70.3
"E13M-1",1,46742019,51998336,5256318,159,59.1
"E13M-1",1,62716341,102462226,39745886,1150,91.3
"E13M-1",1,227285430,240061122,12775693,1056,94.7
"E14F-1",1,10034713,13030273,2995561,163,59.9
"E14F-1",1,68848294,119497672,50649379,1614,92.4
"E14F-1",1,178302707,181583187,3280481,187,75
"E14F-1",1,203733019,212781394,9048376,305,81.9
"E18F-1",1,14604145,17058834,2454690,110,55.6
"E18F-1",1,34668233,51884383,17216151,495,88.9
"E18F-1",1,95858586,102464998,6606413,209,62.8
"E18F-1",1,129117217,133023858,3906642,113,33.4
"E18F-1",1,148992384,152374554,3382171,94,36.5
"E19M-2A",1,7343012,17624402,10281391,509,79.7
"E19M-2A",1,75863876,103474667,27610792,895,93.1
"E24M-1",1,7119,2519190,2512072,124,32.2
"E24M-1",1,3551076,7003968,3452893,327,71.8
"E24M-1",1,22363695,26637850,4274156,202,41.8
"E24M-1",1,173344939,176930786,3585848,140,57.3
"E24M-1",1,240077991,241417019,1339029,158,83.4
"E25F-1",1,7119,3520617,3513499,181,82.4
"E25F-1",1,18820348,59883708,41063361,1201,93.3
"E25F-1",1,179956911,182087373,2130463,100,30.9
"E25F-1",1,200288045,205454917,5166873,150,50.5
"E25F-1",1,223071897,227204930,4133034,158,56.9
"E28F-1",1,1831715,4055302,2223588,175,59.3
"E28F-1",1,218560316,234566133,16005818,780,86.2
"E29M-1",1,34668233,48350903,13682671,384,84.9
"E29M-1",1,123566315,133537535,9971221,346,84.1
"E29M-1",1,219121394,234823738,15702345,820,90.4
"E30M-1",1,7911769,9913264,2001496,133,31.2
"E30M-1",1,120909280,139851201,18941922,585,86.5
"E30M-1",1,191554569,196791593,5237025,324,86
"E31M-2",1,7119,5493682,5486564,357,84.8
"E31M-2",1,18409883,26637850,8227968,388,82.9
"E31M-2",1,96702566,101079028,4376463,142,34.9
"E31M-2",1,226824685,233797483,6972799,448,87.2
"E32M-1",1,102624525,120730378,18105854,555,87.7
"E32M-1",1,232618221,234823738,2205518,170,64.8
"E32M-1",1,237641436,239056493,1415058,123,61.3
"E33M-1",1,35355089,48338682,12983594,308,81
"E34M-2A",1,22506017,26637850,4131834,196,53.1
"E34M-2A",1,124365297,156487589,32122293,992,93.6
"E34M-2A",1,223183234,231645889,8462656,448,83.5
"E34M-2A",1,233581932,241417019,7835088,813,89.3
"E35M-2A",1,79560621,102464998,22904378,728,88.7
"E35M-2A",1,114589846,123952384,9362539,231,74
"E35M-2A",1,197361275,199440975,2079701,105,33.6
"E36F-2A",1,23907421,48350903,24443483,712,89.1
"E36F-2A",1,176554056,178527891,1973836,205,76.2
"E36F-2A",1,226129711,235469448,9339738,595,92.2
"E37F-1",1,1831715,32032573,30200859,1583,95.3
"E37F-1",1,34718518,48350903,13632386,388,85.7
"E37F-1",1,128735559,134389421,5653863,172,62.7
"E37F-1",1,139245236,141178273,1933038,85,42.1
"E37F-1",1,196259498,241417019,45157522,2319,98.3
"LAO01M-2A",1,4919832,6680055,1760224,162,67.1
"LAO01M-2A",1,22363695,66083220,43719526,1266,92
"LAO01M-2A",1,74347139,77420261,3073123,134,33.8
"LAO01M-2A",1,97072300,122293921,25221622,804,93.3
"LAO01M-2A",1,137071899,180327190,43255292,1353,95.3
"LAO01M-2A",1,232165252,233501026,1335775,96,43.8
"LAO03M-1",1,52626286,65573726,12947441,273,68.5
"LAO03M-1",1,73937441,79827462,5890022,223,64.7
"LAO03M-1",1,105770400,207913243,102142844,3294,96.4
"LAO03M-1",1,227678955,238852454,11173500,849,91.7
"LAO03M-1",1,239332742,241417019,2084278,239,84.2
"LAO06M-2A",1,22363695,65683918,43320224,1245,90.6
"LAO06M-2A",1,105887181,114141005,8253825,206,55.1
"LAO06M-2A",1,158486036,176930786,18444751,432,80.6
"LAO06M-2A",1,191837247,229410662,37573416,1618,96.1
"LAO06M-2A",1,232165252,233501026,1335775,98,47.3
"LAO06M-2A",1,235469448,238811357,3341910,342,83.5
"LO01F-1",1,81097855,96531304,15433450,430,78.6
"LO01F-1",1,210553175,213768294,3215120,134,58
"LO03M-1",1,5541386,10346230,4804845,370,82.3
"LO03M-1",1,26701767,66483918,39782152,1069,90.5
"LO04M-1",1,65724656,79833266,14108611,409,83.5
"LO04M-1",1,105887181,114094824,8207644,207,58.9
"LO04M-1",1,158486036,171481146,12995111,250,64.5
"LO04M-1",1,178804470,233232564,54428095,2359,97.3
"LO04M-1",1,236504011,237348298,844288,102,45.6
"OF289-2",1,4919832,20357122,15437291,897,93.4
"OF289-2",1,29955063,65683918,35728856,872,88.4
"OF289-2",1,106069263,120078762,14009500,328,69.8
"OF289-2",1,129419432,171460718,42041287,1062,90
"OF289-2",1,232165252,233501026,1335775,93,43.2
"OF289-2",1,239332742,241417019,2084278,243,84
"OF304-1A",1,22373796,37439258,15065463,498,84.3
"OF304-1A",1,49417682,73844300,24426619,563,86.2
"OF304-1A",1,105887181,136324202,30437022,842,90.2
"OF304-1A",1,158486036,176930786,18444751,428,80.8
"OF304-1A",1,232165252,233501026,1335775,94,41.2
"OM258-2",1,99970767,171748959,71778193,1727,93.2
"OM258-2",1,178804470,188773874,9969405,346,81.3
"OM270-2",1,7119,4766205,4759087,306,78.7
"OM270-2",1,74347139,79833266,5486128,218,63.4
"OM270-2",1,105887181,114141005,8253825,202,52.9
"OM270-2",1,158486036,171748959,13262924,237,62.6
"OM274-3B",1,18701886,25247783,6545898,306,80.2
"OM274-3B",1,50126360,57423107,7296748,196,61.2
"OM274-3B",1,99579961,122293921,22713961,688,89.6
"OM274-3B",1,158486036,171481146,12995111,244,61.6
"OM276-1",1,8079525,18637911,10558387,571,93.4
"OM276-1",1,22506017,26811463,4305447,198,58.8
"OM276-1",1,42612131,62138287,19526157,519,90.8
"OM279-1",1,7119,2352552,2345434,103,55
"OM279-1",1,193586478,199573302,5986825,329,76.1
"OM279-1",1,235887461,237172333,1284873,118,34.6
"OM283-2",1,7119,4478421,4471303,289,91.5
"OM283-2",1,7223467,27583861,20360395,1005,91.4
"OM283-2",1,29955063,37439258,7484196,194,61.3
"OM283-2",1,49417682,74188383,24770702,573,85.4
"OM283-2",1,79196309,93404457,14208149,430,80.7
"OM283-2",1,99970767,119975685,20004919,635,87
"OM283-2",1,137339686,141291141,3951456,153,71.8
"OM283-2",1,158486036,177059694,18573659,439,80.1
"OM283-2",1,177462786,193291131,15828346,760,92.3
"OM283-2",1,237241219,238811357,1570139,159,67.8
"OM290-2",1,7119,2352552,2345434,106,44.5
"OM290-2",1,20483745,25247783,4764039,218,65.9
"OM290-2",1,49417682,62138287,12720606,313,75
"OM290-2",1,105887181,123720968,17833788,444,83.4
"OM290-2",1,176978825,178046403,1067579,141,70.3
"OM290-2",1,230677371,233115536,2438166,112,62.7
"OM292-2",1,7119,4847340,4840222,290,82.8
"OM292-2",1,73955083,82149012,8193930,348,72.9
"OM292-2",1,91822572,98789886,6967315,238,58.4
"OM292-2",1,158486036,176930786,18444751,395,82.1
"OM292-2",1,215038044,227203999,12165956,408,78.1
"OM292-2",1,237544678,239503592,1958915,181,62.5
"OM301-1A",1,7119,4753900,4746782,299,75.9
"OM301-1A",1,5028290,9048230,4019941,282,68.5
"OM301-1A",1,74455956,122293921,47837966,1531,92.8
"OM301-1A",1,158486036,171481146,12995111,239,58
"OM318-2",1,7119,4819287,4812169,302,72.4
"OM318-2",1,5028290,6680055,1651766,140,36.9
"OM318-2",1,74347139,153285883,78938745,2461,95.6
"OM318-2",1,158486036,176930786,18444751,411,81.8
"OM318-2",1,177071423,190861503,13790081,689,90.1
"OM318-2",1,236099889,238811357,2711469,260,77.8
"OM331-1A",1,52036997,74188383,22151387,421,71.4
"OM331-1A",1,110705901,118840438,8134538,168,66.1
"OM331-1A",1,136638459,149451719,12813261,350,73.6
"OM331-1A",1,203438827,217132453,13693627,392,82.5
"OM331-1A",1,233780540,235686088,1905549,158,48.1
"Y22F-1",1,156549466,188470544,31921079,937,94.7
"Y27M-1",1,52626286,79531121,26904836,696,62.8
"Y28M-1",1,25025102,61712110,36687009,1036,91.2
"Y28M-1",1,232618221,235007879,2389659,188,66.9
"Y29F-1",1,22506017,75533791,53027775,1317,89.1
"Y29F-1",1,237521159,241417019,3895861,396,90
"Y30F-1",1,20317968,78970782,58652815,1676,94.7
"Y30F-1",1,133088697,139851201,6762505,204,54.1
"Y31F-1",1,7119,4478421,4471303,266,82.2
"Y31F-1",1,46014366,73475516,27461151,636,84.6
"Y31F-1",1,75863876,79232335,3368460,137,45.6
"Y31F-1",1,227811578,233329646,5518069,318,82.1
"Y32F-1",1,46442,2519190,2472749,119,56.7
"Y32F-1",1,4150164,6658629,2508466,220,62.5
"Y32F-1",1,46872183,55843732,8971550,255,70
"Y32F-1",1,75863876,80010780,4146905,186,63.1
"Y32F-1",1,210338444,213084314,2745871,104,67
"E10F-1",2,58551996,65081065,6529070,244,84.4
"E13M-1",2,17053,2337280,2320228,170,79.7
"E13M-1",2,3778107,6906783,3128677,203,72
"E13M-1",2,50685739,55949922,5264184,114,43
"E13M-1",2,59004118,72904135,13900018,545,89.5
"E13M-1",2,103184595,116713692,13529098,322,87.2
"E13M-1",2,166633062,167996129,1363068,142,63
"E14F-1",2,3159398,8573172,5413775,313,74.9
"E14F-1",2,99622839,134680464,35057626,1012,94.2
"E14F-1",2,147511657,166603300,19091644,883,93.6
"E18F-1",2,17053,2602677,2585625,209,59.4
"E18F-1",2,8827336,15079719,6252384,305,60.2
"E18F-1",2,123611884,137960205,14348322,287,55.8
"E19M-2A",2,65825554,78282486,12456933,467,88.7
"E24M-1",2,101569811,108154692,6584882,132,69.8
"E24M-1",2,169097854,170680606,1582753,128,83.7
"E25F-1",2,17053,1052751,1035699,69,30.3
"E25F-1",2,1525715,2995291,1469577,132,63.5
"E25F-1",2,41399854,58962861,17563008,424,79.3
"E25F-1",2,166657461,167672704,1015244,94,40.8
"E27M-1",2,96604008,116713692,20109685,396,89.6
"E28F-1",2,17053,2089992,2072940,146,64.5
"E28F-1",2,127161093,152893059,25731967,458,73.1
"E28F-1",2,155422560,167620744,12198185,687,91.7
"E29M-1",2,127161093,152980235,25819143,518,76.9
"E29M-1",2,166633062,168032823,1399762,152,60.4
"E30M-1",2,35542184,47755670,12213487,358,82.1
"E30M-1",2,64865598,67594609,2729012,187,69.7
"E30M-1",2,73341441,107796736,34455296,954,92.8
"E30M-1",2,151793655,157851912,6058258,253,68.3
"E30M-1",2,168549446,170680606,2131161,162,80.7
"E31M-2",2,28863548,38780496,9916949,306,74.8
"E31M-2",2,101569811,108154692,6584882,134,71.2
"E32M-1",2,1525715,3853204,2327490,219,70.5
"E32M-1",2,7902770,12268385,4365616,168,38.9
"E32M-1",2,64865598,67594609,2729012,179,68.9
"E32M-1",2,73190084,107796736,34606653,930,93.3
"E32M-1",2,168584070,170680606,2096537,162,77.1
"E33M-1",2,120403067,136166395,15763329,335,55.3
"E34M-2A",2,9434847,29019411,19584565,589,87
"E34M-2A",2,35542184,43558659,8016476,241,68.9
"E34M-2A",2,60959959,63770771,2810813,71,32.4
"E34M-2A",2,108470032,115347925,6877894,144,61
"E35M-2A",2,104712936,112616710,7903775,158,58.3
"E35M-2A",2,122504780,144915336,22410557,509,89.5
"E36F-2A",2,3686335,4771530,1085196,97,52.5
"E36F-2A",2,123611884,137960205,14348322,289,61.2
"E37F-1",2,17053,2089992,2072940,151,72.2
"E37F-1",2,15361766,155049323,139687558,3973,96.7
"E37F-1",2,166633062,167620744,987683,101,39.3
"LAO01M-2A",2,17053,1255780,1238728,86,30
"LAO01M-2A",2,7133170,115950412,108817243,3250,96.5
"LAO01M-2A",2,153048664,158005397,4956734,216,62.2
"LAO01M-2A",2,168752754,170680606,1927853,145,83.8
"LAO03M-1",2,3263291,123614942,120351652,3780,98.1
"LAO03M-1",2,125806416,148497960,22691545,404,72.3
"LAO03M-1",2,164711473,167883506,3172034,288,79.4
"LAO06M-2A",2,3076463,16294646,13218184,718,87.3
"LAO06M-2A",2,104187725,113313844,9126120,170,67.5
"LAO06M-2A",2,157942279,167672704,9730426,618,91.1
"LAO06M-2A",2,168715574,170680606,1965033,150,83.5
"LO01F-1",2,12908595,28794220,15885626,411,75.3
"LO01F-1",2,127161093,148990904,21829812,394,68.3
"LO03M-1",2,6575851,10850984,4275134,146,46.6
"LO03M-1",2,16251503,36914014,20662512,456,83.4
"LO03M-1",2,119123782,122748307,3624526,224,79.2
"LO03M-1",2,127161093,151281688,24120596,446,70.9
"LO03M-1",2,162445204,167044312,4599109,372,88.2
"LO04M-1",2,6448794,36530569,30081776,919,92
"LO04M-1",2,101569811,113313844,11744034,227,78.2
"LO04M-1",2,153083529,158005397,4921869,215,57.8
"LO04M-1",2,167571739,170680606,3108868,265,86
"OF289-2",2,101569811,113313844,11744034,216,77.3
"OF289-2",2,123969218,148990904,25021687,464,77.6
"OF289-2",2,164711473,167672704,2961232,267,80.6
"OF304-1A",2,64181873,73537967,9356095,432,85.7
"OF304-1A",2,116830064,122194829,5364766,251,68.6
"OF304-1A",2,149171350,154328611,5157262,162,32.4
"OF304-1A",2,157942279,163544205,5601927,284,79.1
"OF304-1A",2,164711473,167883506,3172034,296,79.6
"OM258-2",2,24258,3811780,3787523,275,82.8
"OM258-2",2,76736861,82814493,6077633,184,70.9
"OM258-2",2,165329358,170680606,5351249,399,92.8
"OM270-2",2,7133170,53381421,46248252,1299,94.3
"OM270-2",2,153048664,158005397,4956734,212,58.8
"OM274-3B",2,24258,6906783,6882526,525,91.3
"OM274-3B",2,15687951,29606855,13918905,256,60.4
"OM274-3B",2,101569811,113313844,11744034,217,73.4
"OM274-3B",2,115768120,120027687,4259568,196,79.9
"OM276-1",2,691650,3076463,2384814,208,69.5
"OM276-1",2,7133170,11664441,4531272,161,53.9
"OM276-1",2,116830064,119968193,3138130,136,52.8
"OM276-1",2,149058115,154126287,5068173,164,36.1
"OM276-1",2,160660311,163609245,2948935,195,75.4
"OM279-1",2,14241222,34470340,20229119,455,53.2
"OM279-1",2,63280672,76707261,13426590,582,89.4
"OM279-1",2,118338252,122428842,4090591,232,69.1
"OM279-1",2,154911701,160566706,5655006,214,61
"OM283-2",2,17053,1621338,1604286,115,57.1
"OM283-2",2,76736861,82810290,6073430,218,73.4
"OM283-2",2,104187725,113313844,9126120,169,60.7
"OM283-2",2,119000719,122285493,3284775,189,63.7
"OM283-2",2,148294882,154321652,6026771,190,39.8
"OM283-2",2,157942279,161276765,3334487,122,43.5
"OM290-2",2,16251503,29606855,13355353,218,54.8
"OM290-2",2,154978863,160566706,5587844,226,68.4
"OM292-2",2,14241222,35799032,21557811,511,81.8
"OM292-2",2,51329090,63088581,11759492,239,80
"OM292-2",2,120048592,142112867,22064276,526,72.9
"OM292-2",2,154819874,160566706,5746833,222,63.1
"OM301-1A",2,605103,4037992,3432890,323,74.6
"OM301-1A",2,80679257,84257351,3578095,124,65.7
"OM301-1A",2,153048664,158005397,4956734,208,47.5
"OM318-2",2,10138315,11664441,1526127,67,49
"OM318-2",2,101569811,113313844,11744034,219,75.6
"OM318-2",2,157942279,161276765,3334487,119,41
"OM331-1A",2,37672018,43558659,5886642,157,49.6
"OM331-1A",2,58582394,65081065,6498672,221,83.3
"OM331-1A",2,146532288,165011149,18478862,665,85.3
"Y22F-1",2,6644274,12268385,5624112,171,43.4
"Y22F-1",2,13404483,25263457,11858975,276,78
"Y22F-1",2,148294882,149370832,1075951,30,33
"Y27M-1",2,9334374,16219902,6885529,389,78.2
"Y28M-1",2,17053,829849,812797,55,50.4
"Y28M-1",2,5653266,11655388,6002123,239,78.6
"Y28M-1",2,36497636,43558659,7061024,194,49.7
"Y28M-1",2,102518509,127359351,24840843,821,91.1
"Y28M-1",2,156253239,157851912,1598674,82,46
"Y29F-1",2,5389900,80972128,75582229,2185,95.4
"Y29F-1",2,127161093,146800335,19639243,300,56.6
"Y29F-1",2,161361361,163655506,2294146,161,70.6
"Y29F-1",2,168315946,170680606,2364661,175,80.6
"Y30F-1",2,8032225,29261233,21229009,635,84.2
"Y30F-1",2,81283648,86790433,5506786,174,72.5
"Y30F-1",2,127161093,151281688,24120596,465,73.3
"Y31F-1",2,9309386,16294646,6985261,371,77.8
"Y31F-1",2,127172413,151870687,24698275,448,71
"Y31F-1",2,164877701,170664843,5787143,489,92.4
"Y32F-1",2,16438327,24996827,8558501,138,55
"Y32F-1",2,85727793,89651939,3924147,141,50.1
"E10F-1",3,13043636,24319031,11275396,553,89.8
"E10F-1",3,80344336,95108516,14764181,300,77.4
"E10F-1",3,117742622,122582660,4840039,170,69
"E13M-1",3,45018821,54185685,9166865,177,63.3
"E13M-1",3,88892553,104469144,15576592,442,81.5
"E13M-1",3,130541356,132387016,1845661,129,42.1
"E14F-1",3,10121920,12401927,2280008,167,69.6
"E14F-1",3,20373046,125746645,105373600,3209,97.5
"E14F-1",3,135382173,138923578,3541406,217,69
"E18F-1",3,85689961,91493769,5803809,107,63.1
"E18F-1",3,117660132,127873489,10213358,346,76.6
"E19M-2A",3,13136900,19457633,6320734,279,78.7
"E19M-2A",3,35152387,42043426,6891040,238,83.1
"E19M-2A",3,106784466,114117836,7333371,149,78.6
"E24M-1",3,60093,4160218,4100126,323,86.9
"E24M-1",3,6649318,13246104,6596787,480,87.5
"E24M-1",3,75129781,84938834,9809054,232,74.5
"E24M-1",3,92280872,102295473,10014602,297,79.1
"E24M-1",3,105366461,124605024,19238564,500,91.1
"E25F-1",3,14815805,19457633,4641829,167,54.6
"E27M-1",3,5903096,12401927,6498832,411,88.9
"E28F-1",3,1285372,2514085,1228714,98,44.5
"E28F-1",3,22520500,29054869,6534370,257,74.7
"E29M-1",3,21955132,29054869,7099738,308,74.6
"E29M-1",3,135948736,140503835,4555100,265,85.2
"E30M-1",3,60093,2075954,2015862,129,65
"E30M-1",3,8928979,12094052,3165074,253,80.4
"E30M-1",3,14967047,19822690,4855644,193,68.4
"E30M-1",3,132944524,136719897,3775374,257,79.1
"E31M-2",3,60093,6191475,6131383,486,91.2
"E31M-2",3,6649318,12401927,5752610,416,86.3
"E31M-2",3,26966230,35355347,8389118,392,84.2
"E31M-2",3,44171040,58672424,14501385,445,86.2
"E31M-2",3,105366461,122374174,17007714,445,92
"E31M-2",3,130651707,134396271,3744565,313,82.2
"E31M-2",3,138078414,140503835,2425422,146,73.5
"E32M-1",3,2524340,4602804,2078465,173,60.8
"E32M-1",3,128157779,129151916,994138,128,69.4
"E32M-1",3,137472167,140503835,3031669,172,86.7
"E33M-1",3,54904699,58306101,3401403,135,44.7
"E33M-1",3,95345288,103622813,8277526,234,66
"E34M-2A",3,60093,4602804,4542712,343,84.6
"E34M-2A",3,20403194,26644535,6241342,272,80.1
"E34M-2A",3,43425990,56918643,13492654,428,88.6
"E34M-2A",3,87703412,102364269,14660858,370,88.5
"E34M-2A",3,122062418,126879855,4817438,156,67.6
"E34M-2A",3,132954252,135513064,2558813,187,74.9
"E35M-2A",3,1346915,4928948,3582034,307,83.7
"E35M-2A",3,5971426,8818635,2847210,177,63
"E35M-2A",3,124795310,128167632,3372323,137,46.4
"E36F-2A",3,14815805,19822690,5006886,192,61.8
"E36F-2A",3,95345288,103622813,8277526,287,71.8
"E37F-1",3,14379322,21542489,7163168,378,80.1
"E37F-1",3,44648208,135259437,90611230,2793,97.2
"LAO01M-2A",3,60093,7592747,7532655,566,91.4
"LAO01M-2A",3,9703212,12038787,2335576,186,72.1
"LAO01M-2A",3,67668566,116743510,49074945,1190,87.8
"LAO01M-2A",3,127829553,137762291,9932739,770,92.3
"LAO03M-1",3,60093,6872588,6812496,522,91.8
"LAO03M-1",3,9691781,20434412,10742632,601,89.7
"LAO03M-1",3,28356211,70252023,41895813,1309,93.9
"LAO03M-1",3,104831859,125108235,20276377,510,88.2
"LAO03M-1",3,131092869,132621340,1528472,127,54.8
"LAO06M-2A",3,60093,7020196,6960104,542,93.7
"LAO06M-2A",3,37409755,42804732,5394978,212,70.8
"LAO06M-2A",3,104831859,110952412,6120554,141,48.5
"LAO06M-2A",3,127408638,132363103,4954466,392,84.7
"LAO06M-2A",3,134870607,136894042,2023436,127,72.9
"LO01F-1",3,10304583,12764487,2459905,167,78.4
"LO01F-1",3,85689961,96174773,10484813,225,69.6
"LO01F-1",3,117660132,123842020,6181889,198,56.1
"LO01F-1",3,137078608,140503835,3425228,201,78.9
"LO03M-1",3,2129984,3721912,1591929,158,68.5
"LO03M-1",3,13718551,20385753,6667203,309,76
"LO03M-1",3,69910175,85550696,15640522,353,73.9
"LO03M-1",3,117090998,131283558,14192561,632,87.9
"LO04M-1",3,60093,1469260,1409168,83,69.1
"LO04M-1",3,13718551,19457633,5739083,246,65
"LO04M-1",3,20459020,31096920,10637901,515,88
"LO04M-1",3,61841068,72207586,10366519,232,63.4
"LO04M-1",3,78830751,110952412,32121662,804,85.6
"LO04M-1",3,136825052,140503835,3678784,211,84
"OF289-2",3,13718551,19457633,5739083,230,65
"OF289-2",3,28356211,31096920,2740710,156,69.7
"OF289-2",3,61841068,72532898,10691831,240,66.6
"OF289-2",3,78830751,110952412,32121662,794,84.7
"OF304-1A",3,104831859,116743510,11911652,254,67.3
"OM258-2",3,133153339,138923578,5770240,299,73.3
"OM270-2",3,3907372,6872588,2965217,222,66.4
"OM270-2",3,9691781,20462055,10770275,597,89.2
"OM270-2",3,28356211,61619346,33263136,1130,94.8
"OM270-2",3,104831859,116743510,11911652,238,66.3
"OM270-2",3,131092869,132621340,1528472,121,44.2
"OM274-3B",3,95460,2466036,2370577,145,77.7
"OM274-3B",3,37409755,43192450,5782696,233,72
"OM274-3B",3,61107774,64781877,3674104,97,43.5
"OM274-3B",3,104831859,116743510,11911652,254,68.6
"OM274-3B",3,128197499,131796132,3598634,297,81
"OM274-3B",3,136825052,138922242,2097191,127,51.4
"OM276-1",3,73507601,87537359,14029759,321,83.3
"OM276-1",3,102757413,124266320,21508908,592,89.9
"OM279-1",3,47585473,55407146,7821674,189,61.8
"OM279-1",3,56678078,66543203,9865126,241,63.6
"OM283-2",3,60093,2438033,2377941,147,69.9
"OM283-2",3,31797019,72532898,40735880,1187,93.9
"OM283-2",3,135289782,138923578,3633797,224,78
"OM290-2",3,3515070,8437964,4922895,332,78.6
"OM290-2",3,20082623,55447156,35364534,1271,93.7
"OM290-2",3,83126251,87537359,4411109,94,39
"OM290-2",3,117182748,124630554,7447807,245,80
"OM290-2",3,136825052,138922242,2097191,122,42.5
"OM292-2",3,20082623,55407146,35324524,1245,94.3
"OM292-2",3,73507601,96174773,22667173,446,84.7
"OM292-2",3,102212961,116743510,14530550,354,74
"OM292-2",3,132926974,138923578,5996605,361,86.6
"OM301-1A",3,9691781,20223345,10531565,569,88.7
"OM301-1A",3,44831313,58514251,13682939,405,88.2
"OM301-1A",3,136825052,138922242,2097191,119,44.5
"OM318-2",3,1219617,2482760,1263144,97,31.4
"OM318-2",3,37409755,47253753,9843999,346,81.2
"OM318-2",3,76421459,86835561,10414103,239,83.2
"OM318-2",3,104831859,118870084,14038226,308,72.5
"OM331-1A",3,15320849,19575453,4254605,138,37.5
"OM331-1A",3,58228761,95008028,36779268,692,92.5
"OM331-1A",3,113575813,119907396,6331584,179,74.6
"Y22F-1",3,135948736,140503835,4555100,227,81.4
"Y27M-1",3,13043636,19457633,6413998,295,71
"Y27M-1",3,58631406,71108158,12476753,295,64.6
"Y27M-1",3,120075221,126879855,6804635,209,53.1
"Y28M-1",3,27755282,95108516,67353235,1934,96.5
"Y28M-1",3,113575813,117132863,3557051,81,35.1
"Y29F-1",3,19575453,26812859,7237407,314,82.3
"Y29F-1",3,37602825,42043426,4440602,154,66.7
"Y29F-1",3,118233538,129371347,11137810,428,79.4
"Y30F-1",3,11089806,12401927,1312122,83,31.6
"Y30F-1",3,28888494,35355347,6466854,263,77.3
"Y30F-1",3,44171040,62834940,18663901,563,85.4
"Y30F-1",3,135058736,137442145,2383410,151,57.4
"Y30F-1",3,138909885,140503835,1593951,92,45.4
"Y31F-1",3,13043636,19457633,6413998,278,75.4
"Y31F-1",3,75980077,84658553,8678477,198,68
"Y31F-1",3,101415964,126848451,25432488,731,91.2
"Y31F-1",3,138909885,140503835,1593951,86,41.6
"Y32F-1",3,60093,2342198,2282106,145,78.9
"Y32F-1",3,45018821,54185685,9166865,187,59.2
"Y32F-1",3,77166193,100646340,23480148,536,89.3
"Y32F-1",3,105808792,123842020,18033229,469,86.3
"E10F-1",4,385317,6799426,6414110,291,78.5
"E10F-1",4,13070572,18606110,5535539,317,84.6
"E10F-1",4,93052754,141715787,48663034,1530,94.6
"E10F-1",4,155917545,162511334,6593790,187,69.6
"E13M-1",4,1560894,9906826,8345933,394,88
"E13M-1",4,33690777,50865336,17174560,454,85.5
"E13M-1",4,89662051,104044345,14382295,445,87.6
"E13M-1",4,166330346,185096329,18765984,673,88.7
"E13M-1",4,187170214,194767915,7597702,171,49.3
"E13M-1",4,203383968,206516696,3132729,215,65.2
"E14F-1",4,475082,2077499,1602418,87,61.7
"E14F-1",4,6870996,21807128,14936133,656,88.4
"E14F-1",4,31438057,55529501,24091445,825,93.9
"E14F-1",4,58845941,120662870,61816930,1899,95.6
"E14F-1",4,124155309,126993155,2837847,106,37.5
"E14F-1",4,142289094,187562427,45273334,1521,93.2
"E14F-1",4,193380854,196675565,3294712,103,56.5
"E18F-1",4,189571845,202250805,12678961,367,86.1
"E19M-2A",4,129609222,134803067,5193846,136,46
"E19M-2A",4,170902617,187128262,16225646,583,80.6
"E24M-1",4,21798663,25804022,4005360,124,56
"E24M-1",4,32107895,33191713,1083819,118,49.7
"E24M-1",4,61097049,67586852,6489804,199,70.2
"E24M-1",4,123186729,134803067,11616339,378,84.3
"E24M-1",4,166397456,172644303,6246848,256,76
"E24M-1",4,183315142,187229005,3913864,164,70.4
"E24M-1",4,199941025,203024906,3083882,169,66
"E25F-1",4,6870996,14059126,7188131,255,71.5
"E25F-1",4,127450599,133980242,6529644,180,64.8
"E25F-1",4,139037240,147355459,8318220,282,78.2
"E25F-1",4,166330346,172644303,6313958,234,71.6
"E25F-1",4,181766713,185096329,3329617,114,32
"E25F-1",4,185965694,195279992,9314299,237,51
"E25F-1",4,203383968,207193806,3809839,243,83.8
"E27M-1",4,2043899,3274378,1230480,83,32.4
"E27M-1",4,130711769,140535963,9824195,280,78.9
"E27M-1",4,188016412,199817140,11800729,245,47.9
"E28F-1",4,385317,3359082,2973766,155,78.3
"E28F-1",4,8381397,12840872,4459476,134,42
"E29M-1",4,385317,3532560,3147244,176,79.4
"E29M-1",4,8277178,13605723,5328546,176,56
"E29M-1",4,33980133,54451110,20470978,554,88.9
"E29M-1",4,202655948,207193806,4537859,327,87
"E30M-1",4,3467555,14259064,10791510,420,83.6
"E31M-2",4,2012088,3274378,1262291,91,44.2
"E31M-2",4,21807128,31732294,9925167,361,87.2
"E31M-2",4,65365306,81451466,16086161,457,85.1
"E31M-2",4,97665448,121987336,24321889,745,93.5
"E31M-2",4,138500094,156750305,18250212,515,91.2
"E31M-2",4,185147061,194090758,8943698,246,62.3
"E31M-2",4,199390702,203296300,3905599,191,63.6
"E32M-1",4,6870996,18606110,11735115,533,89.4
"E32M-1",4,128376947,132316552,3939606,105,61.1
"E32M-1",4,195375461,202105963,6730503,225,57.4
"E32M-1",4,203113587,204441580,1327994,116,70.1
"E33M-1",4,197361332,202667325,5305994,194,68
"E34M-2A",4,108574442,122267480,13693039,446,85.3
"E34M-2A",4,139211926,147355459,8143534,301,80.4
"E34M-2A",4,166340416,172644303,6303888,256,74.9
"E34M-2A",4,181766713,185096329,3329617,120,44.1
"E34M-2A",4,202037772,207193806,5156035,366,86.8
"E35M-2A",4,7148422,9725122,2576701,121,45.2
"E35M-2A",4,108275214,127941026,19665813,657,89.1
"E35M-2A",4,173244422,178541604,5297183,202,77.6
"E35M-2A",4,189571845,198450372,8878528,212,47
"E36F-2A",4,6450481,9091122,2640642,132,78.7
"E36F-2A",4,30701180,32315943,1614764,113,58.6
"E36F-2A",4,79039178,120560095,41520918,1233,96.4
"E36F-2A",4,164207829,189188231,24980403,873,93.9
"E36F-2A",4,197361332,202667325,5305994,194,69.5
"E37F-1",4,13314356,50298206,36983851,1404,95.3
"LAO01M-2A",4,34039784,55873830,21834047,623,91.6
"LAO01M-2A",4,121124428,207193806,86069379,3015,98.3
"LAO03M-1",4,17263684,79187641,61923958,2021,97
"LAO03M-1",4,100977757,167160531,66182775,2007,96
"LAO03M-1",4,178646566,185230154,6583589,197,65.3
"LAO03M-1",4,188909940,207193806,18283867,692,90.6
"LAO06M-2A",4,385317,7741593,7356277,340,83.8
"LAO06M-2A",4,17860435,58254840,40394406,1392,94.5
"LAO06M-2A",4,122395046,167410048,45015003,1415,92.2
"LAO06M-2A",4,179777554,188722331,8944778,344,77.6
"LAO06M-2A",4,204240955,207193806,2952852,193,87
"LO01F-1",4,7549694,10773994,3224301,143,49.9
"LO03M-1",4,1971423,6799426,4828004,217,57.3
"LO03M-1",4,13028525,15876257,2847733,169,63.2
"LO03M-1",4,56701490,73543453,16841964,523,85.1
"LO03M-1",4,128376947,133980242,5603296,160,64.2
"LO03M-1",4,194348870,202376618,8027749,282,64.4
"LO04M-1",4,385317,7741593,7356277,328,76.2
"LO04M-1",4,102373664,121033169,18659506,553,85.3
"LO04M-1",4,170658457,174780547,4122091,139,55.9
"LO04M-1",4,179777554,185230154,5452601,189,61
"OF289-2",4,179777554,188722331,8944778,325,74.7
"OF289-2",4,199152622,202632275,3479654,159,46.7
"OF304-1A",4,17860435,23231518,5371084,184,71.5
"OF304-1A",4,75203880,88655493,13451614,386,80.1
"OF304-1A",4,164470068,170054254,5584187,216,66.1
"OF304-1A",4,179777554,188722331,8944778,339,80.3
"OM258-2",4,2593753,6799426,4205674,147,36.9
"OM258-2",4,8060398,12236206,4175809,119,45.1
"OM258-2",4,14565822,16968518,2402697,124,48.2
"OM258-2",4,32983375,44307533,11324159,294,79.9
"OM258-2",4,179199779,185230154,6030376,172,56.9
"OM258-2",4,191145319,199281720,8136402,192,81.9
"OM270-2",4,385317,3943429,3558113,177,78.5
"OM270-2",4,7797909,11256061,3458153,142,63.9
"OM270-2",4,34039784,55873830,21834047,594,91.6
"OM270-2",4,121124428,167160531,46036104,1387,94.3
"OM270-2",4,178646566,185096329,6449764,192,65.3
"OM270-2",4,202131920,206342777,4210858,314,74.6
"OM274-3B",4,385317,14259064,13873748,591,91.6
"OM274-3B",4,33219209,44307533,11088325,326,76.3
"OM274-3B",4,148676168,163662079,14985912,381,82.3
"OM274-3B",4,196117201,199030216,2913016,82,30.3
"OM274-3B",4,202233167,206342777,4109611,299,76.6
"OM276-1",4,385317,2384278,1998962,109,72.2
"OM276-1",4,14874203,24751877,9877675,377,84.2
"OM276-1",4,32832856,45713300,12880445,370,81.4
"OM276-1",4,124155309,135213231,11057923,346,83.4
"OM276-1",4,206027801,207193806,1166006,81,46.2
"OM279-1",4,14379783,24751877,10372095,405,83.5
"OM279-1",4,32832856,46333326,13500471,368,76.3
"OM279-1",4,172094576,186771757,14677182,487,85.1
"OM283-2",4,2546612,6798465,4251854,167,48
"OM283-2",4,8507508,23323517,14816010,592,90.7
"OM283-2",4,47434428,54729604,7295177,239,75.7
"OM283-2",4,73674431,168434729,94760299,2891,97.1
"OM283-2",4,178646566,185230154,6583589,198,73.7
"OM283-2",4,193871210,199030216,5159007,153,63.6
"OM290-2",4,16985035,32532070,15547036,563,87.5
"OM290-2",4,146582734,154338789,7756056,173,53.8
"OM290-2",4,179680812,185681117,6000306,195,69.5
"OM292-2",4,2043899,7712661,5668763,228,64.2
"OM292-2",4,16985035,32524369,15539335,536,87.2
"OM292-2",4,67917314,75091191,7173878,210,75.9
"OM292-2",4,90866167,106372820,15506654,416,85.8
"OM292-2",4,138396588,154338789,15942202,416,82.2
"OM292-2",4,179199779,186771757,7571979,255,71.5
"OM301-1A",4,7797909,11454645,3656737,147,57.4
"OM301-1A",4,17112277,24519990,7407714,240,78.4
"OM301-1A",4,31536034,33220683,1684650,159,66.1
"OM301-1A",4,35679813,44307533,8627721,161,51.7
"OM301-1A",4,75203880,88813528,13609649,386,83.1
"OM318-2",4,185274211,199030216,13756006,364,87
"OM318-2",4,199390702,203116979,3726278,184,63.1
"OM331-1A",4,475082,6799426,6324345,228,61
"OM331-1A",4,33980133,54451110,20470978,475,86.6
"OM331-1A",4,202788723,204441580,1652858,131,74
"Y22F-1",4,385317,3274378,2889062,150,89.8
"Y22F-1",4,15876257,33070781,17194525,627,92.2
"Y22F-1",4,172781861,187496436,14714576,440,84.9
"Y22F-1",4,194915597,202376618,7461022,208,57.6
"Y27M-1",4,385317,12980213,12594897,532,91.2
"Y27M-1",4,33980133,54451110,20470978,561,86.2
"Y27M-1",4,198350010,202376618,4026609,166,47.9
"Y28M-1",4,475082,3093702,2618621,159,77.8
"Y28M-1",4,4824332,12980213,8155882,319,77
"Y28M-1",4,45201458,73543453,28341996,914,93.3
"Y28M-1",4,120541959,130241582,9699624,354,86.9
"Y28M-1",4,133980242,165026056,31045815,955,92.3
"Y28M-1",4,187034854,200534816,13499963,344,79.3
"Y29F-1",4,385317,1771516,1386200,59,40.9
"Y29F-1",4,128798560,132316552,3517993,86,51.4
"Y29F-1",4,154089863,165673930,11584068,343,81.2
"Y29F-1",4,186595381,193222369,6626989,152,73.3
"Y29F-1",4,202788723,207193806,4405084,289,85
"Y30F-1",4,4824332,31214016,26389685,1051,94.6
"Y30F-1",4,203383968,207193806,3809839,258,80.1
"Y31F-1",4,130439270,143458144,13018875,405,85.5
"Y31F-1",4,166500718,171218437,4717720,183,71.1
"Y31F-1",4,200995549,204574934,3579386,254,77.5
"Y32F-1",4,385317,1784349,1399033,62,40.6
"Y32F-1",4,8507508,13605723,5098216,161,49.4
"Y32F-1",4,64040604,74289564,10248961,324,86.1
"Y32F-1",4,128026313,133980242,5953930,171,63
"Y32F-1",4,202052568,204626950,2574383,207,61
"E10F-1",5,15524521,17039582,1515062,168,73.7
"E10F-1",5,36658408,41242740,4584333,161,63.1
"E10F-1",5,44759069,124126830,79367762,1980,96
"E10F-1",5,136749393,138373936,1624544,130,61.8
"E10F-1",5,151754573,153179063,1424491,186,64.9
"E13M-1",5,4154792,7702990,3548199,237,72.1
"E13M-1",5,108590294,114448231,5857938,159,57.5
"E13M-1",5,142920906,147123506,4202601,247,64.3
"E14F-1",5,1230013,4243461,3013449,131,46.4
"E14F-1",5,5220765,13396309,8175545,413,81.2
"E14F-1",5,20553267,99806523,79253257,1961,96.7
"E14F-1",5,106866621,110680103,3813483,121,30.9
"E14F-1",5,119432684,124266567,4833884,232,80.3
"E14F-1",5,133669967,138131643,4461677,258,87
"E18F-1",5,45080379,52704682,7624304,222,60.8
"E18F-1",5,123302672,132379599,9076928,430,86.6
"E19M-2A",5,1230013,12126170,10896158,535,85.7
"E19M-2A",5,47222883,83327270,36104388,712,94.7
"E24M-1",5,1230013,4921796,3691784,187,65.8
"E24M-1",5,107245480,113525005,6279526,173,30.7
"E24M-1",5,128389883,138131643,9741761,439,85.8
"E24M-1",5,151849367,154548470,2699104,273,76.4
"E25F-1",5,18372142,42189036,23816895,707,85.5
"E25F-1",5,86467499,105211557,18744059,408,79.9
"E25F-1",5,135073181,136586731,1513551,94,49.9
"E25F-1",5,152165200,153644540,1479341,163,72.9
"E27M-1",5,91966920,107790286,15823367,357,76.3
"E28F-1",5,36658408,44514597,7856190,292,80.8
"E28F-1",5,84770587,103489784,18719198,386,78.2
"E28F-1",5,138999149,151668715,12669567,764,89.7
"E29M-1",5,84669161,103583273,18914113,423,78.2
"E29M-1",5,122897800,127415056,4517257,239,76.2
"E29M-1",5,153209482,154885742,1676261,110,76.6
"E30M-1",5,16114345,23090530,6976186,328,78.4
"E30M-1",5,76716843,84453118,7736276,143,57.1
"E30M-1",5,111232920,116214789,4981870,168,66
"E30M-1",5,152126794,153420282,1293489,156,61.7
"E31M-2",5,2286755,4921796,2635042,140,55.6
"E31M-2",5,38812997,41041324,2228328,81,45.9
"E31M-2",5,77961220,84508066,6546847,125,69.5
"E31M-2",5,105278784,113525005,8246222,245,61.1
"E31M-2",5,123736705,126441675,2704971,136,73.2
"E32M-1",5,1478601,3567307,2088707,95,55.2
"E32M-1",5,91516333,103508337,11992005,252,67.2
"E33M-1",5,1295445,3567307,2271863,91,80.9
"E33M-1",5,84750158,103895630,19145473,349,60.5
"E33M-1",5,127960247,132379599,4419353,135,56.5
"E33M-1",5,149223321,151677158,2453838,178,58.4
"E34M-2A",5,10505356,16697418,6192063,406,90.2
"E34M-2A",5,122933088,124350025,1416938,99,58.2
"E34M-2A",5,128972866,132794834,3821969,131,32.6
"E34M-2A",5,135073181,137376366,2303186,164,76.1
"E35M-2A",5,47625256,70347212,22721957,487,82.7
"E35M-2A",5,86587736,104887827,18300092,422,79.1
"E36F-2A",5,15584154,17230212,1646059,159,60.5
"E36F-2A",5,54759579,84621187,29861609,581,89.7
"E36F-2A",5,127781897,137918639,10136743,437,87.7
"E36F-2A",5,149016560,151677158,2660599,222,62.2
"E37F-1",5,1230013,3567307,2337295,113,85.7
"E37F-1",5,7658471,44514597,36856127,1473,95.1
"E37F-1",5,84750158,103895630,19145473,433,75.2
"E37F-1",5,127781897,132379599,4597703,185,71.6
"E37F-1",5,134710268,138027926,3317659,233,76.9
"E37F-1",5,138999149,151677158,12678010,800,90.1
"LAO01M-2A",5,1230013,3081962,1851950,90,63.9
"LAO01M-2A",5,109181446,136354931,27173486,1064,93
"LAO03M-1",5,1230013,4169317,2939305,125,81.1
"LAO03M-1",5,6130740,9239845,3109106,111,45.2
"LAO03M-1",5,16296826,41928434,25631609,860,93.6
"LAO03M-1",5,46777410,50865775,4088366,121,31.4
"LAO03M-1",5,127289320,136903751,9614432,414,89.5
"LAO03M-1",5,147089364,154351167,7261804,602,90.1
"LAO06M-2A",5,42838965,46846073,4007109,131,39.2
"LAO06M-2A",5,92621025,104603098,11982074,268,73.2
"LAO06M-2A",5,119432684,127215032,7782349,362,80.8
"LAO06M-2A",5,136631478,139070855,2439378,183,71.8
"LO01F-1",5,20094882,40804831,20709950,626,91.3
"LO01F-1",5,54882561,68314656,13432096,286,75.2
"LO03M-1",5,86334635,104887827,18553193,416,79.6
"LO03M-1",5,120865321,123935858,3070538,132,51.1
"LO03M-1",5,136701182,154885742,18184561,1271,96.5
"LO04M-1",5,1230013,4808376,3578364,180,84.2
"LO04M-1",5,101568098,115870317,14302220,448,87.1
"LO04M-1",5,123208519,127215032,4006514,195,66.5
"LO04M-1",5,136631478,139596233,2964756,201,73.3
"OF289-2",5,6130740,9239845,3109106,120,49.9
"OF289-2",5,35435376,41928434,6493059,235,75.5
"OF289-2",5,92621025,115870317,23249293,610,90.8
"OF289-2",5,123225501,127215032,3989532,191,67
"OF304-1A",5,123208519,135404550,12196032,497,87.5
"OM258-2",5,1607270,4808376,3201107,133,50.4
"OM258-2",5,16484303,24959805,8475503,294,73.6
"OM258-2",5,147923405,152286005,4362601,319,77
"OM270-2",5,1263796,3081962,1818167,87,58.9
"OM274-3B",5,68446749,85952045,17505297,339,85.2
"OM274-3B",5,120400166,122222612,1822447,77,42.9
"OM274-3B",5,141221078,142731997,1510920,99,54.6
"OM279-1",5,35458700,45739709,10281010,333,80.9
"OM279-1",5,46802160,57887421,11085262,247,77.6
"OM279-1",5,152367824,153871677,1503854,143,56.4
"OM283-2",5,5220765,7398620,2177856,130,72.3
"OM283-2",5,16484303,24434866,7950564,319,81.1
"OM283-2",5,151604871,154863788,3258918,321,87.6
"OM290-2",5,21775594,70347212,48571619,1277,93.6
"OM290-2",5,150183863,152350920,2167058,220,65.5
"OM292-2",5,35435376,45739709,10304334,344,78.8
"OM292-2",5,58185086,84188835,26003750,440,86.1
"OM292-2",5,85756167,115870317,30114151,718,89.2
"OM292-2",5,135763120,150128900,14365781,845,94
"OM318-2",5,16484303,45739709,29255407,963,91.8
"OM318-2",5,46807287,99374897,52567611,1072,94.5
"OM318-2",5,123924064,135404550,11480487,444,86.6
"OM318-2",5,135775807,142731997,6956191,442,90.2
"OM318-2",5,153209482,154431738,1222257,85,44.8
"OM331-1A",5,83890560,112812131,28921572,614,90.1
"OM331-1A",5,152419926,154860062,2440137,164,83.3
"Y22F-1",5,11229897,14189117,2959221,162,54.4
"Y22F-1",5,98242900,138506305,40263406,1354,95.6
"Y27M-1",5,8139552,14476624,6337073,333,81.1
"Y27M-1",5,44713668,124126830,79413163,2066,89.3
"Y27M-1",5,132135987,138833641,6697655,345,80.6
"Y28M-1",5,64256545,84508066,20251522,385,82.7
"Y28M-1",5,91950748,109370519,17419772,475,85.7
"Y29F-1",5,45074847,52704682,7629836,204,55.2
"Y30F-1",5,5115579,6230379,1114801,91,49.6
"Y30F-1",5,7367929,38876916,31508988,1262,95.1
"Y30F-1",5,147534299,152814783,5280485,474,88.6
"Y31F-1",5,8139552,16509212,8369661,463,90.1
"Y31F-1",5,20103773,25243481,5139709,157,48.3
"Y31F-1",5,50267916,72792970,22525055,441,80.4
"Y31F-1",5,119254531,122338418,3083888,118,37.8
"Y31F-1",5,132135987,137713282,5577296,243,79.4
"Y31F-1",5,143731461,147339517,3608057,203,77.6
"Y32F-1",5,1230013,4243461,3013449,134,74.2
"Y32F-1",5,22101061,36777333,14676273,401,89.1
"Y32F-1",5,72900039,84621187,11721149,223,69.7
"Y32F-1",5,138203767,140458927,2255161,137,37.1
"Y32F-1",5,149016560,151677158,2660599,243,64.8
"E10F-1",6,640722,1280828,640107,62,51.3
"E10F-1",6,13044098,16379689,3335592,180,59.8
"E10F-1",6,47319181,67511311,20192131,540,93.1
"E10F-1",6,120341269,129042464,8701196,301,83.6
"E10F-1",6,135181043,137484900,2303858,119,31.7
"E10F-1",6,147565965,149650734,2084770,57,70.1
"E13M-1",6,30741153,35392989,4651837,123,46.6
"E13M-1",6,37296987,59373975,22076989,591,81.6
"E13M-1",6,140954592,144860451,3905860,328,79.4
"E14F-1",6,139024459,148238771,9214313,686,92.8
"E18F-1",6,2373805,3723588,1349784,218,81.1
"E19M-2A",6,39768968,45399869,5630902,179,60.7
"E19M-2A",6,112044440,134570011,22525572,797,95.3
"E19M-2A",6,141611223,144399668,2788446,186,73.3
"E24M-1",6,16030938,35392989,19362052,498,87.6
"E24M-1",6,37296987,53518804,16221818,473,85
"E24M-1",6,70349588,84237913,13888326,377,83
"E24M-1",6,106294439,121783563,15489125,622,91.2
"E27M-1",6,64668473,65776852,1108380,51,45.2
"E27M-1",6,141595656,144209050,2613395,172,73.3
"E28F-1",6,5785942,13369591,7583650,363,81.4
"E28F-1",6,15303516,17965521,2662006,138,51.8
"E29M-1",6,7197378,13420743,6223366,297,78.8
"E29M-1",6,15350485,17954016,2603532,147,50.1
"E29M-1",6,67693646,83781969,16088324,434,84.1
"E29M-1",6,144424703,146922136,2497434,169,76.5
"E31M-2",6,36872956,40151766,3278811,143,30
"E31M-2",6,112044440,121653033,9608594,395,90.3
"E31M-2",6,134570011,138856316,4286306,248,74.1
"E32M-1",6,46083691,54924176,8840486,220,81.8
"E32M-1",6,136726157,139342429,2616273,177,61.4
"E33M-1",6,640722,2605066,1964345,242,90.3
"E33M-1",6,7162878,14804982,7642105,284,77.9
"E33M-1",6,37037684,45736776,8699093,244,87.8
"E33M-1",6,116337922,121941994,5604073,218,80.4
"E33M-1",6,122490933,134368890,11877958,317,80.8
"E34M-2A",6,13750722,16299032,2548311,138,34.3
"E34M-2A",6,143679252,146922136,3242885,228,78.7
"E35M-2A",6,146122380,149650734,3528355,150,70.4
"E36F-2A",6,4019514,6865599,2846086,149,50.3
"E36F-2A",6,36159803,37762590,1602788,159,82.3
"E36F-2A",6,92322130,116553888,24231759,792,92.4
"E36F-2A",6,122490933,134368890,11877958,393,87.2
"E37F-1",6,7219755,13369591,6149837,299,78.3
"LAO01M-2A",6,134857238,144399668,9542431,654,89.7
"LAO03M-1",6,2890417,10641769,7751353,437,82
"LAO03M-1",6,69151208,87906221,18755014,522,86.3
"LAO03M-1",6,121717896,134208156,12490261,413,82.7
"LAO06M-2A",6,640722,2547592,1906871,296,86.7
"LAO06M-2A",6,2890417,10817786,7927370,466,82.1
"LAO06M-2A",6,16167738,32120910,15953173,395,83.7
"LAO06M-2A",6,43444166,76122576,32678411,863,89.6
"LAO06M-2A",6,118516763,134570011,16053249,606,90
"LAO06M-2A",6,139688616,148020642,8332027,619,88
"LO01F-1",6,112311103,126975831,14664729,572,91.2
"LO03M-1",6,84063864,99232830,15168967,563,90.2
"LO03M-1",6,137953214,140449612,2496399,203,84.8
"LO04M-1",6,640722,2547592,1906871,297,87.2
"LO04M-1",6,2890417,10817786,7927370,463,82.1
"LO04M-1",6,42409515,76122576,33713062,884,91.1
"LO04M-1",6,139688616,145317624,5629009,456,86.8
"LO04M-1",6,146317728,148020642,1702915,109,30.2
"OF289-2",6,2890417,5335326,2444910,195,64.9
"OF289-2",6,68947604,76122576,7174973,174,49.6
"OF289-2",6,121717896,133061169,11343274,385,80.3
"OF289-2",6,144462387,145317624,855238,90,52.3
"OF289-2",6,146317728,148020642,1702915,112,34.5
"OF304-1A",6,139688616,144399668,4711053,360,81.9
"OM258-2",6,4458207,64416933,59958727,1639,93.8
"OM258-2",6,109339691,120021835,10682145,354,87.3
"OM258-2",6,121717896,132990119,11272224,307,78.6
"OM258-2",6,139688616,144398313,4709698,290,74.6
"OM258-2",6,146317728,149650734,3333007,125,47
"OM270-2",6,42409515,76122576,33713062,860,90.9
"OM274-3B",6,640722,2227243,1586522,225,87.9
"OM274-3B",6,16030938,36664162,20633225,570,91.7
"OM274-3B",6,143374013,144249146,875134,66,32.1
"OM276-1",6,4273786,12804800,8531015,430,82.5
"OM276-1",6,38232003,64416933,26184931,685,86.4
"OM276-1",6,78847176,109173357,30326182,1022,94.7
"OM279-1",6,6300919,12804800,6503882,297,79.5
"OM279-1",6,17504829,34074071,16569243,352,78
"OM279-1",6,64476339,68709463,4233125,153,61.2
"OM279-1",6,133441190,139629341,6188152,343,80.7
"OM283-2",6,640722,14834391,14193670,1039,95.4
"OM283-2",6,73856554,111325859,37469306,1213,95.1
"OM290-2",6,640722,2787606,2146885,324,90.1
"OM290-2",6,17495957,34074071,16578115,363,79.7
"OM290-2",6,49010206,59963888,10953683,236,79.9
"OM290-2",6,134583881,140259315,5675435,330,83.9
"OM290-2",6,143396643,149650734,6254092,344,71.4
"OM292-2",6,33356444,37459150,4102707,220,74.9
"OM301-1A",6,42409515,76122576,33713062,890,90.3
"OM318-2",6,5670060,9845370,4175311,203,61.2
"OM318-2",6,14708906,49010206,34301301,1064,90.3
"OM318-2",6,109265459,120021835,10756377,417,87
"OM318-2",6,121717896,135110378,13392483,470,85.6
"OM318-2",6,144249146,145317624,1068479,105,63.3
"OM331-1A",6,3774268,15817670,12043403,545,82.6
"OM331-1A",6,121813693,129502074,7688382,201,67.8
"OM331-1A",6,132571202,134536665,1965464,70,39.3
"Y27M-1",6,7197378,17428280,10230903,537,85.6
"Y27M-1",6,121899102,129042464,7143363,230,68.2
"Y28M-1",6,73573758,76513491,2939734,91,33.8
"Y29F-1",6,6865599,9845370,2979772,130,36.9
"Y29F-1",6,128100790,140967015,12866226,559,83.3
"Y30F-1",6,6851501,12434372,5582872,269,81.9
"Y30F-1",6,50291671,56498777,6207107,138,51.8
"Y30F-1",6,94913815,140836789,45922975,1790,95.6
"Y30F-1",6,144237577,148121808,3884232,279,76.8
"Y31F-1",6,640722,4169354,3528633,475,95.6
"Y31F-1",6,34371680,80322709,45951030,1341,94.7
"Y31F-1",6,94913815,109459142,14545328,458,85.6
"Y31F-1",6,122278916,127932957,5654042,169,65.2
"Y32F-1",6,3432990,7197378,3764389,231,72.6
"Y32F-1",6,73573758,76448642,2874885,83,39
"Y32F-1",6,87131636,100749881,13618246,519,90.7
"Y32F-1",6,111764976,119588605,7823630,339,87.9
"Y32F-1",6,139123187,141242845,2119659,168,53.8
"E10F-1",7,16747429,20833012,4085584,191,73.1
"E10F-1",7,135354168,136490395,1136228,87,47.5
"E13M-1",7,19806247,26053918,6247672,272,82.5
"E13M-1",7,64690671,72438148,7747478,208,70.8
"E14F-1",7,27950,5488808,5460859,325,90.2
"E14F-1",7,68494387,94468616,25974230,652,90.3
"E14F-1",7,113172532,139035188,25862657,1122,95.5
"E18F-1",7,16747429,19488347,2740919,121,59
"E18F-1",7,93360330,114629508,21269179,381,68.1
"E19M-2A",7,1790644,2610539,819896,76,38.3
"E19M-2A",7,3085299,6462366,3377068,178,63.7
"E19M-2A",7,9604839,19334888,9730050,441,90.9
"E19M-2A",7,27282521,43952281,16669761,314,89
"E19M-2A",7,70597448,77924380,7326933,174,66.9
"E24M-1",7,6923662,9960457,3036796,129,56.4
"E24M-1",7,10746361,16773422,6027062,302,81.1
"E24M-1",7,50447057,57984198,7537142,165,62.3
"E24M-1",7,84416685,89521270,5104586,88,33.7
"E24M-1",7,122964509,131403957,8439449,346,87.1
"E24M-1",7,135970205,139173751,3203547,259,79.1
"E24M-1",7,140604572,142413194,1808623,107,71.7
"E25F-1",7,18379952,20057358,1677407,101,72.6
"E25F-1",7,26319789,41472588,15152800,269,73
"E25F-1",7,43909003,63690430,19781428,457,85.8
"E25F-1",7,135970205,139190532,3220328,244,77.4
"E25F-1",7,140604572,142413194,1808623,104,70.6
"E27M-1",7,67749465,88252238,20502774,452,93.7
"E28F-1",7,18639773,20833012,2193240,117,57.7
"E28F-1",7,23297091,43643963,20346873,399,71.8
"E28F-1",7,136510621,138122496,1611876,131,68.5
"E29M-1",7,27950,1372577,1344628,53,58
"E30M-1",7,27950,2294286,2266337,134,54.2
"E30M-1",7,8965077,12445061,3479985,135,66.6
"E30M-1",7,79288600,94468616,15180017,311,84.1
"E30M-1",7,137241191,140308304,3067114,266,82.7
"E31M-2",7,50743054,72462609,21719556,525,88.6
"E31M-2",7,122964509,131368234,8403726,348,87.6
"E31M-2",7,135970205,139173751,3203547,265,76
"E31M-2",7,140604572,142413194,1808623,112,68.8
"E32M-1",7,23297091,43685748,20388658,411,68.2
"E34M-2A",7,3561902,6556201,2994300,156,52.5
"E34M-2A",7,64217393,76018735,11801343,335,85
"E35M-2A",7,118771344,126108348,7337005,225,66.5
"E36F-2A",7,8174940,14100022,5925083,252,76.4
"E36F-2A",7,23183982,41651503,18467522,358,71.8
"E36F-2A",7,93360330,139631936,46271607,1364,91.5
"E37F-1",7,27950,1559663,1531714,73,64.7
"E37F-1",7,18639773,20833012,2193240,125,62.4
"E37F-1",7,23297091,43124001,19826911,414,75.5
"LAO01M-2A",7,27528708,44243705,16714998,320,55.5
"LAO01M-2A",7,79016643,104766691,25750049,468,78.4
"LAO03M-1",7,2738760,67458384,64719625,2051,96.3
"LAO03M-1",7,76225448,142413194,66187747,1978,97.2
"LAO06M-2A",7,2738760,18928577,16189818,798,91.4
"LAO06M-2A",7,26319789,45683601,19363813,403,66.1
"LAO06M-2A",7,60566881,78897049,18330169,493,84.8
"LAO06M-2A",7,81317103,104766691,23449589,377,61.5
"LAO06M-2A",7,114835138,129426700,14591563,432,86.3
"LAO06M-2A",7,137539000,139748401,2209402,160,58
"LO01F-1",7,27528708,44536988,17008281,326,64.1
"LO03M-1",7,89668999,115720635,26051637,484,79.2
"LO03M-1",7,140306271,142413194,2106924,140,43.9
"LO04M-1",7,27950,1503177,1475228,70,41.3
"LO04M-1",7,26319789,45683601,19363813,410,64.4
"LO04M-1",7,81250248,104766691,23516444,369,61
"LO04M-1",7,114835138,124623065,9787928,263,78.7
"LO04M-1",7,126947593,137287044,10339452,581,88.5
"OF289-2",7,27950,1503177,1475228,64,34
"OF289-2",7,26319789,45683601,19363813,388,64.1
"OF289-2",7,83368851,104214981,20846131,317,51.7
"OF304-1A",7,27528708,44101900,16573193,302,60.4
"OF304-1A",7,79016643,104461606,25444964,442,76.4
"OF304-1A",7,131963623,137151156,5187534,289,82.3
"OM258-2",7,81250248,107145997,25895750,345,60.5
"OM258-2",7,133309148,142413194,9104047,505,91.8
"OM270-2",7,2738760,8081599,5342840,329,77.6
"OM270-2",7,12402530,21650391,9247862,477,88.8
"OM270-2",7,27419613,44243705,16824093,315,53.7
"OM270-2",7,58084331,67538644,9454314,198,71.9
"OM270-2",7,76225448,104766691,28541244,499,76.4
"OM270-2",7,136687258,139748401,3061144,244,69.3
"OM274-3B",7,2738760,4838301,2099542,128,45.4
"OM274-3B",7,8174940,12095718,3920779,146,60.8
"OM274-3B",7,24269688,32154575,7884888,189,52.1
"OM274-3B",7,58084331,67753151,9668821,213,74.5
"OM274-3B",7,76430642,115677930,39247289,763,91.7
"OM276-1",7,27950,3023692,2995743,193,79
"OM276-1",7,22415721,77924380,55508660,1362,86.3
"OM276-1",7,81250248,107183063,25932816,429,70.3
"OM276-1",7,137503630,140622316,3118687,265,79.4
"OM279-1",7,28186329,79090791,50904463,1128,94.6
"OM279-1",7,80784061,107505680,26721620,426,73.2
"OM279-1",7,135970205,139035188,3064984,233,80.9
"OM283-2",7,3445306,5152150,1706845,87,63.2
"OM283-2",7,12524410,22115643,9591234,511,92.2
"OM283-2",7,26319789,49213783,22893995,530,82.8
"OM283-2",7,81616760,128487872,46871113,971,85.7
"OM283-2",7,133252562,138629925,5377364,302,68.6
"OM290-2",7,905644,5152150,4246507,285,86.3
"OM290-2",7,40848768,74333352,33484585,825,84.2
"OM290-2",7,81250248,107505680,26255433,422,69.4
"OM290-2",7,125734723,131053143,5318421,195,63.1
"OM292-2",7,6851317,8429939,1578623,81,53.1
"OM292-2",7,40848768,47588534,6739767,205,36.5
"OM292-2",7,81641653,113863650,32221998,501,70.5
"OM301-1A",7,8616848,12185121,3568274,136,59.5
"OM301-1A",7,24269688,32154575,7884888,185,60.7
"OM301-1A",7,58084331,67753151,9668821,218,75.5
"OM301-1A",7,76225448,104766691,28541244,514,73.7
"OM318-2",7,3445306,5980517,2535212,116,62.7
"OM318-2",7,22328260,44536988,22208729,474,76.7
"OM318-2",7,76225448,84926603,8701156,199,57.8
"OM318-2",7,104911235,127539913,22628679,563,90.1
"OM331-1A",7,116739665,121919104,5179440,110,31.9
"Y27M-1",7,51251243,63690430,12439188,281,82.4
"Y28M-1",7,63827538,90467016,26639479,657,91.4
"Y28M-1",7,137241191,140308304,3067114,263,87
"Y28M-1",7,140506900,142413194,1906295,124,53.8
"Y29F-1",7,3508849,9854404,6345556,290,81.5
"Y29F-1",7,12524410,15534868,3010459,147,68.2
"Y29F-1",7,135597440,136490395,892956,73,46.3
"Y30F-1",7,3445306,5486797,2041492,98,34.3
"Y30F-1",7,12524410,14751207,2226798,139,64.6
"Y30F-1",7,16747429,22379912,5632484,304,83.6
"Y30F-1",7,26319789,42277007,15957219,323,78.1
"Y30F-1",7,51251243,58209054,6957812,148,68.6
"Y31F-1",7,12524410,14019446,1495037,97,32.7
"Y31F-1",7,16747429,20831141,4083713,168,64.5
"Y31F-1",7,26908154,42277007,15368854,288,75.1
"Y31F-1",7,51251243,66590484,15339242,319,81.3
"Y31F-1",7,139778983,142413194,2634212,185,74
"Y32F-1",7,131508859,132458871,950013,92,60.7
"Y32F-1",7,137523393,142413194,4889802,369,92.5
"E10F-1",8,17711166,23143681,5432516,302,75.2
"E10F-1",8,59478114,67617180,8139067,177,46.4
"E10F-1",8,74065725,79387278,5321554,111,43.3
"E10F-1",8,94284549,117968369,23683821,475,81.5
"E10F-1",8,147789669,162732805,14943137,327,66.3
"E10F-1",8,176600864,187235397,10634534,176,48.3
"E10F-1",8,213269985,219558942,6288958,273,72
"E13M-1",8,131480568,142594442,11113875,177,61.7
"E13M-1",8,191102325,194917820,3815496,108,43.4
"E13M-1",8,207967500,210484580,2517081,111,36.1
"E13M-1",8,221172001,222360509,1188509,48,49.6
"E14F-1",8,69111,2702515,2633405,220,71.4
"E14F-1",8,13249078,16919999,3670922,283,81.3
"E14F-1",8,29053390,44037878,14984489,320,83.5
"E14F-1",8,207242035,211521177,4279143,194,58.6
"E18F-1",8,115311942,146740103,31428162,660,86.7
"E18F-1",8,164236494,191363111,27126618,434,72.3
"E19M-2A",8,7089030,8835667,1746638,110,67.3
"E19M-2A",8,13214662,14715825,1501164,128,63.9
"E19M-2A",8,216692966,222360509,5667544,347,94.7
"E24M-1",8,13339910,15396664,2056755,154,64.5
"E24M-1",8,28215871,30455524,2239654,102,50.1
"E24M-1",8,83439975,89418619,5978645,146,56.6
"E24M-1",8,98533992,116993936,18459945,362,65.9
"E24M-1",8,130045075,142594442,12549368,204,65.2
"E24M-1",8,155626848,190878127,35251280,617,91.8
"E24M-1",8,193291620,201850018,8558399,168,41.9
"E24M-1",8,208636830,217842968,9206139,318,71.9
"E24M-1",8,220154563,221203331,1048769,107,47.7
"E25F-1",8,17711166,19227057,1515892,119,40.9
"E25F-1",8,27690474,33652511,5962038,204,75.2
"E25F-1",8,68863239,74219443,5356205,188,58.9
"E25F-1",8,103778839,118880749,15101911,278,65.2
"E25F-1",8,212585572,216523966,3938395,105,38.1
"E27M-1",8,81062361,95566352,14503992,309,73.8
"E27M-1",8,99604459,119318417,19713959,344,69.5
"E27M-1",8,126203150,142594442,16391293,229,81.9
"E27M-1",8,191769588,201357853,9588266,183,70.2
"E28F-1",8,69111,1822310,1753200,115,34.3
"E28F-1",8,22507533,28652281,6144749,211,55
"E28F-1",8,93141564,102928190,9786627,246,58.2
"E28F-1",8,202798324,207107764,4309441,194,67.7
"E29M-1",8,69111,1822310,1753200,123,39.3
"E29M-1",8,17951103,25058461,7107359,338,82.3
"E29M-1",8,202798324,207107764,4309441,208,70.2
"E30M-1",8,69111,1822310,1753200,117,35.5
"E30M-1",8,2601182,3475729,874548,113,30.4
"E30M-1",8,5668187,6684545,1016359,95,44
"E30M-1",8,22745895,27470110,4724216,151,50.9
"E30M-1",8,155639698,170646022,15006325,285,59.2
"E30M-1",8,188770218,199617268,10847051,235,59.5
"E31M-2",8,1778002,3554180,1776179,209,75.1
"E31M-2",8,74065725,96423811,22358087,517,89.5
"E31M-2",8,103778839,119612360,15833522,323,75.5
"E31M-2",8,191092646,201850018,10757373,248,49.4
"E31M-2",8,211264479,217842968,6578490,238,56.9
"E31M-2",8,220154563,221591093,1436531,144,70.3
"E32M-1",8,5622714,6684545,1061832,101,40.8
"E32M-1",8,47768665,55940330,8171666,242,76.1
"E32M-1",8,71617019,93023892,21406874,513,85.4
"E32M-1",8,179829312,199617268,19787957,344,74.5
"E32M-1",8,203054542,207012941,3958400,186,67.3
"E33M-1",8,156041,3338839,3182799,193,80.4
"E33M-1",8,190069580,194823106,4753527,111,49.2
"E33M-1",8,218985724,221253244,2267521,146,71.3
"E34M-2A",8,18605579,22392689,3787111,189,69.9
"E34M-2A",8,33652511,44037878,10385368,189,36.1
"E34M-2A",8,103778839,119612360,15833522,316,74.3
"E34M-2A",8,212585572,222360509,9774938,506,92.7
"E35M-2A",8,94284549,100398270,6113722,173,51
"E35M-2A",8,177480768,191363111,13882344,219,47.8
"E37F-1",8,69111,1822310,1753200,126,42.9
"E37F-1",8,7339616,18723734,11384119,954,96.3
"E37F-1",8,22507533,28652281,6144749,231,64.5
"E37F-1",8,156008067,164514196,8506130,186,47.8
"E37F-1",8,176600864,187235397,10634534,174,48.6
"E37F-1",8,206392364,222266969,15874606,775,94.3
"LAO01M-2A",8,28981897,45614079,16632183,372,71.1
"LAO01M-2A",8,211697576,216643581,4946006,145,56.5
"LAO01M-2A",8,220556451,222360509,1804059,117,73.7
"LAO03M-1",8,28300127,45614079,17313953,404,76.1
"LAO03M-1",8,73717339,98939108,25221770,588,89.2
"LAO03M-1",8,134325587,144315282,9989696,153,46
"LAO03M-1",8,220556451,222360509,1804059,110,71.9
"LAO06M-2A",8,6236105,11071794,4835690,419,90.2
"LAO06M-2A",8,12298082,16080804,3782723,349,84.7
"LAO06M-2A",8,29250077,46076594,16826518,372,76
"LAO06M-2A",8,48087189,71997287,23910099,608,85.8
"LAO06M-2A",8,103778839,147721582,43942744,895,89.2
"LAO06M-2A",8,220556451,222360509,1804059,113,72.9
"LO01F-1",8,6572831,8262087,1689257,117,52.5
"LO01F-1",8,103687917,113843789,10155873,144,50.5
"LO01F-1",8,177480768,191363111,13882344,223,44.8
"LO03M-1",8,45356222,49707697,4351476,157,46
"LO03M-1",8,67449675,74549435,7099761,260,69.2
"LO03M-1",8,115311942,147636122,32324181,690,87.1
"LO03M-1",8,169393555,181711530,12317976,216,53.7
"LO03M-1",8,213423243,217887747,4464505,168,39.2
"LO04M-1",8,69111,2735768,2666658,224,85
"LO04M-1",8,11098698,94529684,83430987,2676,96
"LO04M-1",8,97355607,147721582,50365976,1043,92.2
"LO04M-1",8,198603761,207107764,8504004,358,74.8
"LO04M-1",8,215352358,222360509,7008152,431,89.6
"OF289-2",8,17404516,19099087,1694572,143,52.5
"OF289-2",8,29069140,45614079,16544940,357,70.2
"OF289-2",8,134331789,144315282,9983494,154,51.5
"OF289-2",8,198255009,207107764,8852756,355,69.7
"OF289-2",8,215352358,222360509,7008152,427,87
"OF304-1A",8,69111,2840036,2770926,246,85.6
"OF304-1A",8,28981897,45614079,16632183,364,70.1
"OF304-1A",8,105685638,131300189,25614552,556,81.6
"OF304-1A",8,220556451,222266969,1710519,108,71.7
"OM258-2",8,69111,1563687,1494577,90,36.2
"OM258-2",8,29417250,46065597,16648348,312,60
"OM258-2",8,53448836,71642344,18193509,360,65.2
"OM258-2",8,94135323,128932510,34797188,676,88.3
"OM258-2",8,145290581,153588716,8298136,157,70.6
"OM258-2",8,215352358,219196199,3843842,175,59
"OM270-2",8,3261130,5738696,2477567,226,80
"OM270-2",8,22867373,28279180,5411808,174,57.8
"OM270-2",8,29250077,46076594,16826518,362,75.2
"OM270-2",8,48087189,71997287,23910099,577,81.9
"OM270-2",8,134325587,144315282,9989696,144,55.7
"OM270-2",8,164589531,191856779,27267249,397,71.2
"OM270-2",8,220556451,222360509,1804059,112,72.3
"OM274-3B",8,53448836,71997287,18548452,437,77.7
"OM274-3B",8,164437164,201357853,36920690,632,79.2
"OM276-1",8,13181243,15396664,2215422,179,74.9
"OM276-1",8,29417250,41238814,11821565,245,53.3
"OM276-1",8,53448836,71642344,18193509,420,74.5
"OM276-1",8,94148107,129579525,35431419,799,88.9
"OM276-1",8,193291620,198388016,5096397,101,40.5
"OM276-1",8,207161063,211618727,4457665,211,63.9
"OM276-1",8,215352358,219196199,3843842,212,70
"OM279-1",8,9115970,18297688,9181719,728,93
"OM279-1",8,29417250,47954668,18537419,410,81
"OM279-1",8,55888283,144726409,88838127,1864,93.6
"OM279-1",8,147986307,153588716,5602410,117,48.2
"OM279-1",8,193291620,198388016,5096397,94,35.8
"OM279-1",8,207161063,212978940,5817878,229,68.7
"OM279-1",8,213423243,219997421,6574179,283,74.2
"OM283-2",8,4186478,7813555,3627078,265,82.6
"OM283-2",8,29417250,45614079,16196830,351,68
"OM283-2",8,76410822,90338004,13927183,299,76.7
"OM283-2",8,144950562,153588716,8638155,200,76.6
"OM283-2",8,189128159,197151890,8023732,184,61.6
"OM283-2",8,211496277,217007361,5511085,172,39.6
"OM290-2",8,22781845,28279180,5497336,183,57.5
"OM290-2",8,53461641,71145735,17684095,389,68.4
"OM290-2",8,74065725,87257580,13191856,295,82.4
"OM290-2",8,139720434,147832415,8111982,149,73.3
"OM292-2",8,12120835,13037896,917062,114,44.5
"OM292-2",8,29417250,45225723,15808474,321,67.4
"OM292-2",8,54790766,71642344,16851579,343,63.8
"OM292-2",8,74065725,87257580,13191856,285,82.4
"OM292-2",8,148017094,157417385,9400292,199,65.1
"OM301-1A",8,22781845,28279180,5497336,172,45.7
"OM301-1A",8,28981897,45728397,16746501,367,70.6
"OM301-1A",8,48087189,71997287,23910099,584,84
"OM318-2",8,69111,2558737,2489627,197,77.8
"OM318-2",8,14431549,21061655,6630107,394,84.5
"OM318-2",8,32353835,44658378,12304544,227,44.1
"OM318-2",8,53448836,71997287,18548452,406,69.4
"OM318-2",8,165221837,191856779,26634943,399,71
"OM318-2",8,219460336,220476854,1016519,93,32.5
"OM331-1A",8,69111,1523603,1454493,77,49.6
"OM331-1A",8,17789340,23143681,5354342,265,70.6
"OM331-1A",8,99568653,147566053,47997401,797,83.3
"OM331-1A",8,154660874,192433306,37772433,557,81.8
"Y22F-1",8,17711166,28652281,10941116,419,81.4
"Y22F-1",8,34361248,45225723,10864476,184,44.3
"Y22F-1",8,102735432,115095776,12360345,170,62.5
"Y22F-1",8,118174024,147566053,29392030,543,83.3
"Y22F-1",8,217218417,220154563,2936147,171,61.1
"Y27M-1",8,17711166,23143681,5432516,314,64.5
"Y27M-1",8,115311942,191769588,76457647,1530,80.2
"Y28M-1",8,120273312,151427819,31154508,615,86.5
"Y28M-1",8,179385384,191813628,12428245,187,46.4
"Y28M-1",8,207192992,212978940,5785949,248,74
"Y29F-1",8,3020293,6002617,2982325,238,81.4
"Y29F-1",8,8111372,10308863,2197492,147,63.8
"Y29F-1",8,11637664,13195409,1557746,164,63.7
"Y29F-1",8,51950430,69721040,17770611,363,69.8
"Y29F-1",8,73796968,79387278,5590311,118,37.9
"Y29F-1",8,119911832,132990917,13079086,262,70
"Y29F-1",8,158221220,191249405,33028186,509,60.2
"Y29F-1",8,217236072,222360509,5124438,317,85.8
"Y30F-1",8,7089030,10308863,3219834,239,82.2
"Y30F-1",8,12040902,13195409,1154508,145,60.4
"Y30F-1",8,14928562,18072709,3144148,209,71.8
"Y30F-1",8,23057485,28652281,5594797,193,60.6
"Y30F-1",8,58605796,79387278,20781483,551,83.5
"Y30F-1",8,102155688,120091082,17935395,361,77.3
"Y30F-1",8,157657212,191331526,33674315,591,76.1
"Y30F-1",8,194157037,201944015,7786979,163,30.2
"Y30F-1",8,218076302,222360509,4284208,296,88.3
"Y31F-1",8,69111,6647626,6578516,560,94.7
"Y31F-1",8,7089030,10158736,3069707,223,78.7
"Y31F-1",8,45331055,77117097,31786043,826,90.7
"Y31F-1",8,95500112,119856127,24356016,500,85.6
"Y31F-1",8,157657212,191242702,33585491,561,67.2
"Y31F-1",8,216187698,219542204,3354507,198,56.7
"Y31F-1",8,220414670,222360509,1945840,123,75.1
"Y32F-1",8,69111,2003723,1934613,137,58.7
"Y32F-1",8,5714662,8317066,2602405,193,78.5
"Y32F-1",8,22424107,42656605,20232499,528,82.9
"Y32F-1",8,47768665,51950430,4181766,142,50.5
"Y32F-1",8,118174024,141543632,23369609,489,78.3
"Y32F-1",8,147789669,161031612,13241944,290,69.6
"E10F-1",9,50927,2267589,2216663,170,86.8
"E10F-1",9,32581529,42103054,9521526,237,67
"E10F-1",9,52414876,79984948,27570073,798,91.5
"E10F-1",9,109775298,115441567,5666270,121,53.1
"E13M-1",9,1732615,4629276,2896662,376,89.2
"E13M-1",9,7633043,10344767,2711725,175,65.2
"E13M-1",9,18124599,21610953,3486355,159,51.7
"E13M-1",9,64878318,86079794,21201477,542,87.7
"E13M-1",9,153839110,155187798,1348689,80,50.3
"E13M-1",9,156275865,159366963,3091099,157,74.7
"E14F-1",9,8438014,12135797,3697784,274,86.9
"E14F-1",9,27053699,38857716,11804018,299,79.2
"E14F-1",9,105547423,123175406,17627984,371,84.9
"E18F-1",9,28233666,45455926,17222261,461,82
"E18F-1",9,109119553,123841547,14721995,329,74.1
"E19M-2A",9,50927,2043153,1992227,136,78.2
"E19M-2A",9,18865506,30258089,11392584,344,86.1
"E19M-2A",9,35948300,41338008,5389709,121,50.3
"E19M-2A",9,63439745,79334974,15895230,417,91.6
"E19M-2A",9,84786557,138196454,53409898,1124,95
"E19M-2A",9,150977097,154373826,3396730,156,55.5
"E24M-1",9,50927,3667033,3616107,346,89.6
"E24M-1",9,59172211,96447371,37275161,959,92.8
"E24M-1",9,137809779,142582400,4772622,141,72.5
"E25F-1",9,18769895,21610953,2841059,125,32.2
"E25F-1",9,122827827,138196454,15368628,377,93
"E27M-1",9,1732615,3569905,1837291,203,73.8
"E28F-1",9,124478792,133053344,8574553,161,70
"E29M-1",9,12304061,13797175,1493115,114,64
"E29M-1",9,32581529,41698971,9117443,228,66.6
"E29M-1",9,146968518,159366963,12398446,613,92.8
"E30M-1",9,95952098,109282645,13330548,271,76.2
"E30M-1",9,154713743,156289517,1575775,115,49.5
"E31M-2",9,50927,4629276,4578350,490,93.5
"E31M-2",9,21552152,32297544,10745393,298,74.6
"E31M-2",9,94651358,104510857,9859500,238,69.7
"E32M-1",9,21552152,39935451,18383300,450,86.3
"E32M-1",9,63722424,78961522,15239099,411,82.6
"E32M-1",9,86754979,95640787,8885809,158,70.7
"E32M-1",9,98888550,119435458,20546909,403,83.3
"E32M-1",9,133086568,147234503,14147936,461,81.6
"E36F-2A",9,64878318,135907760,71029443,1554,96.5
"E36F-2A",9,155378634,159366963,3988330,200,71.4
"E37F-1",9,7633043,8796640,1163598,69,63.8
"E37F-1",9,12667056,82106721,69439666,2164,94.9
"E37F-1",9,149517195,156467361,6950167,374,84.9
"LAO01M-2A",9,2170095,4629276,2459182,339,84.1
"LAO01M-2A",9,89493982,109254184,19760203,395,75.8
"LAO01M-2A",9,146878395,153205141,6326747,277,78.9
"LAO03M-1",9,50927,1690537,1639611,105,83.3
"LAO03M-1",9,3288400,4629276,1340877,198,73.7
"LAO03M-1",9,11318821,54474700,43155880,1386,95.1
"LAO03M-1",9,58077006,152953441,94876436,2429,97.1
"LAO06M-2A",9,2897992,4629276,1731285,259,78.8
"LAO06M-2A",9,5128494,65495622,60367129,2297,97
"LAO06M-2A",9,79156590,87889103,8732514,214,76.1
"LAO06M-2A",9,105547423,114183132,8635710,174,55.5
"LAO06M-2A",9,147444469,152415890,4971422,198,52.1
"LAO06M-2A",9,155402769,157366440,1963672,119,62.3
"LO01F-1",9,19263303,24589045,5325743,190,65.3
"LO01F-1",9,123421239,131278298,7857060,150,54.8
"LO03M-1",9,7633043,10344767,2711725,176,65.6
"LO03M-1",9,62288600,83420690,21132091,585,87.2
"LO03M-1",9,141375068,147131990,5756923,211,67.1
"LO04M-1",9,50927,1979746,1928820,141,85.9
"LO04M-1",9,3288400,5083961,1795562,242,77.4
"LO04M-1",9,54852231,62220304,7368074,244,78.5
"LO04M-1",9,79156590,87889103,8732514,206,75.1
"LO04M-1",9,105547423,131278298,25730876,513,81
"LO04M-1",9,157366440,159366963,2000524,101,72.8
"OF289-2",9,50927,1979746,1928820,142,85.8
"OF289-2",9,3288400,7313142,4024743,403,83.6
"OF289-2",9,54534917,62220304,7685388,247,80.9
"OF289-2",9,79156590,87889103,8732514,203,70.9
"OF289-2",9,105547423,131278298,25730876,496,82.8
"OF304-1A",9,2177700,4611498,2433799,341,84.1
"OF304-1A",9,89493982,109282645,19788664,381,78.5
"OF304-1A",9,147418798,153205141,5786344,250,72.8
"OM258-2",9,50927,1683178,1632252,87,47.3
"OM258-2",9,4064351,7282591,3218241,231,75.3
"OM258-2",9,130090928,142163763,12072836,289,73.1
"OM258-2",9,154713743,156289517,1575775,96,32.8
"OM270-2",9,2897992,4611498,1713507,248,78.6
"OM270-2",9,89493982,113023576,23529595,468,86.7
"OM270-2",9,147418798,152412143,4993346,200,58
"OM274-3B",9,2897992,4629276,1731285,256,79.4
"OM276-1",9,50927,1690537,1639611,108,72.5
"OM276-1",9,49913029,52927347,3014319,89,51.7
"OM276-1",9,97567784,104980803,7413020,147,68.5
"OM276-1",9,124198160,129466470,5268311,99,39.4
"OM276-1",9,152354999,154368085,2013087,102,31.8
"OM279-1",9,50927,2916746,2865820,229,83.1
"OM279-1",9,95495980,104946294,9450315,200,71.4
"OM279-1",9,124198160,129808719,5610560,95,34.8
"OM279-1",9,141464861,149793662,8328802,281,76.4
"OM283-2",9,3288400,12032535,8744136,745,91.8
"OM283-2",9,65065766,116905638,51839873,1152,94.7
"OM283-2",9,130090928,136447482,6356555,185,69.6
"OM283-2",9,143824616,147418798,3594183,127,51.2
"OM290-2",9,50927,1690537,1639611,108,73
"OM290-2",9,4064351,4844349,779999,94,34.7
"OM290-2",9,7087537,9653552,2566016,168,58.6
"OM290-2",9,19119490,58195960,39076471,1094,94.8
"OM290-2",9,63920941,70560256,6639316,199,68.9
"OM290-2",9,79156590,139029587,59872998,1279,93.5
"OM292-2",9,50927,1690537,1639611,106,70.5
"OM292-2",9,9792639,58186525,48393887,1564,96.1
"OM292-2",9,63920941,70560256,6639316,193,70.4
"OM292-2",9,79513170,141395583,61882414,1292,91.3
"OM301-1A",9,89493982,131278298,41784317,843,86.7
"OM301-1A",9,146878395,152415890,5537496,218,50.7
"OM301-1A",9,155052227,158367792,3315566,191,69
"OM318-2",9,50927,5104297,5053371,532,93.7
"OM318-2",9,12054485,14522743,2468259,154,70.3
"OM318-2",9,50957449,54962127,4004679,99,57.3
"OM318-2",9,141109519,154373826,13264308,509,86.8
"OM331-1A",9,17292240,40577650,23285411,558,87.8
"Y22F-1",9,32581529,41701219,9119691,208,63.2
"Y22F-1",9,155052227,156422317,1370091,77,32.7
"Y27M-1",9,17227631,40509622,23281992,703,88.9
"Y28M-1",9,5263390,10249324,4985935,356,86.3
"Y28M-1",9,32581529,40509622,7928094,193,58.1
"Y28M-1",9,117612330,139676995,22064666,530,82.6
"Y28M-1",9,155378634,158367792,2989159,185,62.2
"Y29F-1",9,19025901,80751255,61725355,1629,93.7
"Y29F-1",9,112533703,117800067,5266365,107,43
"Y29F-1",9,134129063,137730707,3601645,118,62.4
"Y29F-1",9,150961994,156422317,5460324,285,77.1
"Y30F-1",9,10280240,11998761,1718522,136,51.2
"Y31F-1",9,5550812,8668916,3118105,210,76.7
"Y31F-1",9,10280240,11998761,1718522,125,43.2
"Y32F-1",9,4580537,8950936,4370400,315,78.2
"Y32F-1",9,13692098,17738455,4046358,171,71.1
"Y32F-1",9,40407528,45455926,5048399,166,61
"Y32F-1",9,86153737,95218164,9064428,164,57.1
"E10F-1",10,14773891,27917329,13143439,291,73.6
"E10F-1",10,35627962,59631654,24003693,787,89.9
"E10F-1",10,130134312,154650517,24516206,823,94.1
"E13M-1",10,78641780,94067282,15425503,640,93
"E13M-1",10,143101744,146885233,3783490,158,70.8
"E14F-1",10,8390552,35219405,26828854,927,93.3
"E14F-1",10,82113280,85920180,3806901,112,56.4
"E14F-1",10,115726804,144609527,28882724,607,85.5
"E18F-1",10,26423469,31384158,4960690,168,48.9
"E19M-2A",10,8889082,10929851,2040770,153,67.6
"E19M-2A",10,87412178,104628515,17216338,400,85.3
"E24M-1",10,3000600,4078016,1077417,101,45.3
"E24M-1",10,11930819,22546547,10615729,202,47.7
"E24M-1",10,48436126,56278513,7842388,203,51.8
"E24M-1",10,108166227,118984003,10817777,275,80.9
"E24M-1",10,122190445,135524888,13334444,249,73.8
"E25F-1",10,3160479,8957970,5797492,490,90.6
"E25F-1",10,27690616,34219459,6528844,178,70.6
"E25F-1",10,78559707,88106820,9547114,460,88.5
"E25F-1",10,94290388,107744547,13454160,287,78
"E27M-1",10,81466266,104715918,23249653,542,90.9
"E27M-1",10,145285126,148094871,2809746,150,60.7
"E27M-1",10,149049685,154646075,5596391,261,91
"E28F-1",10,35627962,53407293,17779332,568,86.8
"E29M-1",10,6052476,11001702,4949227,415,85.9
"E29M-1",10,35259985,53407293,18147309,611,86.5
"E29M-1",10,86074093,95681570,9607478,287,83.7
"E30M-1",10,93424,2252190,2158767,125,61.3
"E30M-1",10,8889082,10929851,2040770,155,69.5
"E31M-2",10,11061807,18065081,7003275,180,32.3
"E31M-2",10,95508972,107744547,12235576,277,78.2
"E32M-1",10,93424,2358540,2265117,125,58.7
"E32M-1",10,9645348,11236549,1591202,130,59.9
"E32M-1",10,11797595,22546547,10748953,198,44.1
"E32M-1",10,35627962,53407293,17779332,576,83.7
"E33M-1",10,144276947,149013381,4736435,214,73.6
"E34M-2A",10,14773891,25874634,11100744,198,63.6
"E34M-2A",10,34219459,126930715,92711257,3211,97.4
"E35M-2A",10,135186502,140647761,5461260,132,52
"E36F-2A",10,93424,3275417,3181994,184,81.6
"E36F-2A",10,11187406,25562448,14375043,284,65.8
"E36F-2A",10,134663773,146723480,12059708,335,89.4
"E37F-1",10,93424,4912670,4819247,356,92.3
"LAO01M-2A",10,1153429,10595157,9441729,768,91
"LAO01M-2A",10,27566174,32560770,4994597,138,31.6
"LAO01M-2A",10,52752605,77209799,24457195,1028,92.2
"LAO03M-1",10,3945732,5253426,1307695,120,59.4
"LAO03M-1",10,27690616,32528200,4837585,127,30.8
"LAO03M-1",10,58449246,115349975,56900730,2049,96
"LAO03M-1",10,148655579,154650517,5994939,300,92.5
"LAO06M-2A",10,5263230,12079438,6816209,540,88
"LAO06M-2A",10,13695401,48925675,35230275,1063,89
"LAO06M-2A",10,51442880,111332600,59889721,2187,94.8
"LAO06M-2A",10,116758626,122380904,5622279,132,54
"LAO06M-2A",10,128064019,142682749,14618731,303,78.7
"LO01F-1",10,34219459,35292590,1073132,98,34.6
"LO01F-1",10,51065848,60012009,8946162,261,59.2
"LO01F-1",10,143101744,147424266,4322523,192,71.5
"LO03M-1",10,35627962,39535579,3907618,146,53.7
"LO04M-1",10,3440335,4680006,1239672,110,53.4
"LO04M-1",10,6004954,12079438,6074485,474,87.5
"LO04M-1",10,13695401,26364119,12668719,253,56.6
"LO04M-1",10,28023242,34916424,6893183,228,72.7
"LO04M-1",10,40398682,48925675,8526994,254,69.9
"LO04M-1",10,51442880,58403834,6960955,194,46.8
"LO04M-1",10,116758626,127650676,10892051,235,76.7
"LO04M-1",10,145285126,146723480,1438355,89,53.8
"LO04M-1",10,149103443,151191701,2088259,122,31.3
"OF289-2",10,1981846,3916982,1935137,146,62.3
"OF289-2",10,6004954,12144958,6140005,475,89.1
"OF289-2",10,13695401,26364119,12668719,237,49.8
"OF289-2",10,27566174,34916424,7350251,235,69
"OF289-2",10,92817013,116598223,23781211,541,89.1
"OF289-2",10,150340485,154650517,4310033,185,72.3
"OF304-1A",10,27566174,32560770,4994597,136,30.4
"OF304-1A",10,82002658,92999223,10996566,335,76.7
"OF304-1A",10,98027415,106471593,8444179,182,64.6
"OM258-2",10,81988624,114762721,32774098,675,83.7
"OM258-2",10,134366949,154646075,20279127,643,95.9
"OM270-2",10,3945732,5253426,1307695,121,59.1
"OM270-2",10,149103443,151191701,2088259,119,31.6
"OM274-3B",10,13620186,26364119,12743934,252,55.3
"OM274-3B",10,150191092,153502250,3311159,167,56.7
"OM276-1",10,27324180,35511922,8187743,312,81.1
"OM276-1",10,58494894,63690184,5195291,165,46.3
"OM276-1",10,71768782,75975528,4206747,234,80.1
"OM279-1",10,58494894,79662910,21168017,968,89.8
"OM283-2",10,25913107,35066382,9153276,333,84.9
"OM283-2",10,39450788,47973077,8522290,296,84.1
"OM283-2",10,81315520,135711059,54395540,1297,96
"OM290-2",10,22125302,40136112,18010811,625,89.9
"OM290-2",10,51270850,60788784,9517935,273,67.9
"OM290-2",10,76746740,90501368,13754629,632,85.9
"OM290-2",10,92817013,100180884,7363872,134,56.3
"OM292-2",10,22074777,35499040,13424264,425,86.3
"OM292-2",10,45602175,51065848,5463674,128,61.1
"OM292-2",10,92817013,130203445,37386433,770,91.7
"OM292-2",10,133029838,145034301,12004464,246,78.1
"OM301-1A",10,27566174,32635466,5069293,139,31.2
"OM301-1A",10,65159886,75802840,10642955,498,87.2
"OM301-1A",10,76746740,90501368,13754629,651,92.1
"OM301-1A",10,96194446,111332600,15138155,342,77.8
"OM301-1A",10,116343623,141377046,25033424,510,86.2
"OM301-1A",10,150340485,153523341,3182857,162,49.4
"OM318-2",10,1981846,5662501,3680656,309,84.8
"OM318-2",10,12292608,19090567,6797960,127,38.6
"OM318-2",10,28023242,34916424,6893183,216,66.7
"OM318-2",10,135881290,152580680,16699391,634,91
"OM331-1A",10,14773891,61286963,46513073,1218,92
"OM331-1A",10,115726804,149075871,33349068,729,90.4
"OM331-1A",10,151310593,154650517,3339925,125,81.7
"Y22F-1",10,93424,2270467,2177044,116,53.3
"Y22F-1",10,95267351,124357338,29089988,596,91.4
"Y22F-1",10,144365443,149980133,5614691,294,83.3
"Y27M-1",10,8628332,10689394,2061063,174,66.9
"Y27M-1",10,16856873,58403834,41546962,1289,91.4
"Y27M-1",10,131095372,149075871,17980500,547,87
"Y27M-1",10,149270765,154650517,5379753,266,86.2
"Y28M-1",10,30401326,49199629,18798304,679,89.5
"Y28M-1",10,86074093,108399778,22325686,586,89.8
"Y28M-1",10,125598790,142020179,16421390,329,81.4
"Y28M-1",10,149980133,154650517,4670385,213,74.1
"Y29F-1",10,93424,2003077,1909654,102,76.9
"Y29F-1",10,10777582,25951155,15173574,304,64.8
"Y29F-1",10,26248838,33755146,7506309,213,56.7
"Y29F-1",10,65035645,67316455,2280811,107,30.9
"Y29F-1",10,82889789,87319475,4429687,117,38.1
"Y29F-1",10,96194446,104129276,7934831,137,65
"Y29F-1",10,144365443,154646075,10280633,512,95
"Y30F-1",10,10777582,24189752,13412171,297,75.7
"Y30F-1",10,112093629,143678177,31584549,681,91.7
"Y32F-1",10,6866541,8438548,1572008,132,43.2
"Y32F-1",10,125598790,154650517,29051728,946,95.7
"E10F-1",11,20426988,98665957,78238970,1920,94.8
"E13M-1",11,682287,5242436,4560150,370,88.5
"E13M-1",11,72843823,78956636,6112814,154,65.7
"E13M-1",11,113299260,114684152,1384893,168,71.8
"E14F-1",11,24173804,84778021,60604218,1331,96.7
"E14F-1",11,114874472,116944018,2069547,162,85.3
"E18F-1",11,16390219,18658542,2268324,139,44
"E18F-1",11,97849544,108943070,11093527,517,89.5
"E18F-1",11,112901813,114717465,1815653,228,85
"E19M-2A",11,54151218,60559544,6408327,115,70.7
"E19M-2A",11,113299260,114684152,1384893,146,67.9
"E24M-1",11,1648486,2859452,1210967,153,61.8
"E24M-1",11,102744252,111676902,8932651,415,85.5
"E25F-1",11,20488244,25814938,5326695,244,72.7
"E25F-1",11,91303561,102695540,11391980,381,83.9
"E28F-1",11,13888976,20173867,6284892,379,82.5
"E28F-1",11,98687005,108943070,10256066,407,82.6
"E29M-1",11,39460845,50574403,11113559,229,32.2
"E29M-1",11,71829027,103480474,31651448,976,90.5
"E30M-1",11,103052788,109249584,6196797,288,76.2
"E31M-2",11,29594760,46268080,16673321,312,77
"E31M-2",11,83321948,103856638,20534691,709,91.7
"E32M-1",11,40408361,71567760,31159400,565,88
"E32M-1",11,91303561,98665957,7362397,252,72.1
"E32M-1",11,103052788,106617801,3565014,124,32.3
"E32M-1",11,115728646,116944018,1215373,78,50.8
"E33M-1",11,18751570,22439094,3687525,145,55.1
"E33M-1",11,113849764,114664540,814777,88,46.3
"E34M-2A",11,7713725,9830516,2116792,103,34
"E34M-2A",11,93272624,102695540,9422917,376,84.2
"E35M-2A",11,27110471,39699264,12588794,221,56.3
"E35M-2A",11,112634286,114456972,1822687,231,75.4
"E36F-2A",11,16390219,18626555,2236337,128,41.7
"E36F-2A",11,19816496,38951875,19135380,539,85.9
"E36F-2A",11,114763112,115289128,526017,67,33.3
"E37F-1",11,16390219,20173867,3783649,242,71.8
"E37F-1",11,23866435,69386293,45519859,952,93.3
"E37F-1",11,106294271,112798443,6504173,431,87.1
"LAO01M-2A",11,682287,1880422,1198136,116,76.4
"LAO01M-2A",11,15873763,90746219,74872457,1971,95.7
"LAO01M-2A",11,103631979,110260083,6628105,351,78.7
"LAO03M-1",11,763061,2690474,1927414,193,83.7
"LAO03M-1",11,6329537,15955291,9625755,424,85.5
"LAO03M-1",11,21131398,24631967,3500570,170,71.5
"LAO03M-1",11,50963804,76290889,25327086,461,71.1
"LAO06M-2A",11,15954759,19154932,3200174,215,70.9
"LAO06M-2A",11,24608127,96883723,72275597,1618,95.9
"LAO06M-2A",11,103631979,110297467,6665489,352,82.5
"LO01F-1",11,103631979,107770274,4138296,175,66
"LO03M-1",11,682287,3916975,3234689,320,87.5
"LO03M-1",11,46856433,71567760,24711328,441,82.9
"LO03M-1",11,103052788,107770274,4717487,190,67.8
"LO03M-1",11,114970727,116944018,1973292,147,79.3
"LO04M-1",11,682287,19154932,18472646,1053,95.8
"LO04M-1",11,24578484,96883723,72305240,1603,95.3
"LO04M-1",11,114703552,116944018,2240467,176,76.8
"OF289-2",11,15873763,19154932,3281170,217,69.7
"OF289-2",11,21131398,24655842,3524445,173,71.5
"OF289-2",11,50963804,76359982,25396179,468,67.4
"OF289-2",11,97831977,102885014,5053038,248,79.4
"OF289-2",11,114703552,116944018,2240467,179,79
"OF304-1A",11,682287,1880422,1198136,112,73.5
"OF304-1A",11,15954759,20649517,4694759,315,79.7
"OF304-1A",11,55024197,76290889,21266693,393,70.6
"OF304-1A",11,110297467,112873859,2576393,182,75
"OM258-2",11,16891180,21096209,4205030,224,64.5
"OM258-2",11,52458629,63076849,10618221,173,30.9
"OM258-2",11,113662786,116944018,3281233,269,89.2
"OM270-2",11,24608127,97391999,72783873,1534,94.9
"OM274-3B",11,8213099,13169994,4956896,213,74.8
"OM274-3B",11,49349976,97391999,48042024,1065,92.9
"OM276-1",11,47511429,82657835,35146407,707,82.8
"OM276-1",11,95555196,98811969,3256774,171,63.5
"OM276-1",11,112819462,114910967,2091506,248,78.3
"OM279-1",11,7713725,11555424,3841700,158,52.2
"OM279-1",11,12983764,16571429,3587666,191,69.7
"OM279-1",11,47511429,76373519,28862091,475,72.4
"OM283-2",11,21239547,24141117,2901571,123,45.8
"OM283-2",11,24740933,90166928,65425996,1400,93.7
"OM283-2",11,112071373,116944018,4872646,503,93.9
"OM290-2",11,3863389,13169994,9306606,385,82.1
"OM290-2",11,23280295,26403180,3122886,183,75.6
"OM290-2",11,50963804,82970168,32006365,649,62.1
"OM292-2",11,38360068,47279041,8918974,194,65.3
"OM292-2",11,50963804,74246191,23282388,400,72.7
"OM301-1A",11,8213099,13169994,4956896,209,74.1
"OM301-1A",11,49349976,76290889,26940914,483,77.6
"OM301-1A",11,95729111,98362657,2633547,118,31.5
"OM318-2",11,24740933,26403180,1662248,91,44
"OM318-2",11,51050062,76290889,25240828,454,67.4
"OM318-2",11,84918287,104184081,19265795,646,90.4
"OM318-2",11,115728646,116944018,1215373,79,51.9
"OM331-1A",11,20431848,26531551,6099704,274,75.5
"OM331-1A",11,111946429,114175893,2229465,234,76.2
"Y22F-1",11,1900541,4250848,2350308,211,77.8
"Y22F-1",11,27110471,39160790,12050320,180,55.5
"Y22F-1",11,80927929,93707378,12779450,310,84.2
"Y22F-1",11,106294271,107274818,980548,66,44.5
"Y28M-1",11,39160790,44698478,5537689,140,41.7
"Y28M-1",11,46856433,71567760,24711328,451,82.6
"Y28M-1",11,113394762,116944018,3549257,330,90.7
"Y29F-1",11,4064015,17671864,13607850,561,86.2
"Y29F-1",11,114187367,116888089,2700723,231,88.4
"Y30F-1",11,682287,4250848,3568562,349,93.1
"Y30F-1",11,39554264,49856619,10302356,222,45
"Y30F-1",11,86122303,91159472,5037170,174,58.3
"Y31F-1",11,39554264,49856619,10302356,213,39.6
"Y31F-1",11,73658210,94969312,21311103,546,81.6
"Y31F-1",11,113067138,114180119,1112982,110,41.3
"Y32F-1",11,15830227,20849294,5019068,351,80.8
"Y32F-1",11,39554264,56224460,16670197,329,69
"Y32F-1",11,102342988,104414003,2071016,89,41.7
"Y32F-1",11,106218527,107345102,1126576,83,56.5
"E13M-1",12,34380525,39092360,4711836,206,63.1
"E13M-1",12,76171252,77110063,938812,78,43.4
"E14F-1",12,72995213,83565322,10570110,537,89.9
"E14F-1",12,88327200,90739226,2412027,250,84.3
"E18F-1",12,529776,2943241,2413466,122,65.7
"E18F-1",12,35342680,40642628,5299949,174,57.7
"E18F-1",12,42836622,49565573,6728952,200,58.4
"E18F-1",12,60877294,72163669,11286376,344,76.8
"E19M-2A",12,5965274,7513817,1548544,142,74.2
"E19M-2A",12,81200451,83069265,1868815,81,58.5
"E25F-1",12,14624456,18296435,3671980,344,83.3
"E25F-1",12,48954034,54590648,5636615,177,76
"E25F-1",12,77133382,79288981,2155600,103,48.3
"E25F-1",12,89435092,90739226,1304135,129,78.1
"E27M-1",12,34548971,41429587,6880617,265,75.4
"E28F-1",12,4273654,6445425,2171772,148,67.7
"E28F-1",12,82115900,84892103,2776204,159,64.1
"E29M-1",12,29714973,40554268,10839296,441,81.8
"E29M-1",12,72235062,76787105,4552044,189,68
"E30M-1",12,8343508,17858089,9514582,497,88.2
"E30M-1",12,22605200,28844443,6239244,175,62.3
"E30M-1",12,79409985,81032280,1622296,99,60.7
"E30M-1",12,84724808,89039664,4314857,295,75.3
"E31M-2",12,41402461,42518410,1115950,120,41.9
"E32M-1",12,84983885,86730318,1746434,125,42.3
"E32M-1",12,89435092,90739226,1304135,143,79.5
"E33M-1",12,42991501,49847962,6856462,153,56.3
"E33M-1",12,80011684,82316400,2304717,98,53.8
"E33M-1",12,88749916,90739226,1989311,144,74.6
"E34M-2A",12,6305840,18319926,12014087,773,92.7
"E34M-2A",12,34380525,41288845,6908321,309,77
"E34M-2A",12,42695713,52068362,9372650,315,78.9
"E34M-2A",12,76084242,77110063,1025822,83,48
"E35M-2A",12,42539821,64386009,21846189,638,86.9
"E35M-2A",12,79409985,81481814,2071830,129,66.4
"E36F-2A",12,507746,18737700,18229955,1105,90.6
"E36F-2A",12,35358469,40642628,5284160,164,59.6
"E36F-2A",12,42840708,50013413,7172706,224,66
"E36F-2A",12,86979703,90739226,3759524,291,84.9
"E37F-1",12,43272671,50013413,6740743,195,67.4
"E37F-1",12,80011684,82382344,2370661,133,62.7
"LAO01M-2A",12,19339833,60583459,41243627,1454,94.2
"LAO01M-2A",12,65594807,71280514,5685708,210,66.8
"LAO01M-2A",12,81728937,86034113,4305177,277,81.3
"LAO03M-1",12,73696152,77710563,4014412,204,77.7
"LAO03M-1",12,81728937,90739226,9010290,623,93.3
"LAO06M-2A",12,1618890,5433068,3814179,196,55.2
"LAO06M-2A",12,35032808,44289521,9256714,491,86.9
"LAO06M-2A",12,71770080,79288981,7518902,356,80
"LAO06M-2A",12,81728937,84859998,3131062,178,59.1
"LAO06M-2A",12,86067634,88958551,2890918,184,51.3
"LO01F-1",12,14855412,16447317,1591906,130,44.6
"LO04M-1",12,507746,5513163,5005418,234,71.8
"LO04M-1",12,44573299,86943185,42369887,1571,95.2
"OF289-2",12,1618890,5513163,3894274,188,51
"OF289-2",12,44573299,54590648,10017350,282,77.7
"OF304-1A",12,35032808,44289521,9256714,492,86.9
"OF304-1A",12,81728937,84858066,3129130,174,54
"OM258-2",12,65594807,77137312,11542506,385,81.8
"OM258-2",12,86067634,90305194,4237561,292,75.4
"OM270-2",12,5535884,7175956,1640073,139,49.5
"OM270-2",12,18559466,25258727,6699262,163,48
"OM270-2",12,35032808,41429587,6396780,252,76.7
"OM270-2",12,51483144,60583459,9100316,236,78.2
"OM270-2",12,65594807,71106069,5511263,191,67.9
"OM270-2",12,81728937,84859998,3131062,169,47.9
"OM274-3B",12,5535884,7175956,1640073,140,53.1
"OM274-3B",12,18562199,25258727,6696529,162,42.9
"OM274-3B",12,35032808,41429587,6396780,267,75.4
"OM274-3B",12,51483144,59812476,8329333,217,68.7
"OM274-3B",12,78965233,80617835,1652603,81,60.1
"OM274-3B",12,84884871,87316028,2431158,167,59.7
"OM276-1",12,49896628,53153259,3256632,109,48
"OM279-1",12,28896127,33420792,4524666,122,46.8
"OM279-1",12,75502547,77502911,2000365,121,60.8
"OM279-1",12,84724808,86034113,1309306,104,50.1
"OM283-2",12,6241726,7769862,1528137,145,67
"OM283-2",12,8488644,42695713,34207070,1554,94.5
"OM283-2",12,55704257,84241530,28537274,1070,92
"OM283-2",12,85178817,90739226,5560410,446,95.1
"OM290-2",12,507746,4461976,3954231,172,75.9
"OM290-2",12,8324244,19632233,11307990,689,92.2
"OM290-2",12,88265294,90333316,2068023,229,77.3
"OM292-2",12,507746,2197322,1689577,78,53.2
"OM292-2",12,15814681,19632233,3817553,368,88.6
"OM292-2",12,44573299,54109250,9535952,254,73
"OM292-2",12,81948926,84859998,2911073,162,48.1
"OM318-2",12,1618890,5252200,3633311,177,53.2
"OM318-2",12,39161309,45732814,6571506,361,87.2
"OM318-2",12,55704257,76980657,21276401,665,89
"OM318-2",12,87412183,90739226,3327044,302,85.4
"OM331-1A",12,82115900,84892095,2776196,150,59.2
"Y22F-1",12,3006950,6390143,3383194,171,62
"Y22F-1",12,24351020,41916898,17565879,644,86.7
"Y22F-1",12,88524933,90739226,2214294,216,76.5
"Y27M-1",12,84419113,88327418,3908306,262,60.3
"Y28M-1",12,17796060,19171874,1375815,167,68.3
"Y28M-1",12,30199541,54972396,24772856,1017,91.2
"Y28M-1",12,72011168,75234843,3223676,135,45.9
"Y29F-1",12,507746,3033299,2525554,112,64
"Y29F-1",12,49607927,73090850,23482924,644,92.8
"Y30F-1",12,14249386,40022531,25773146,1154,93.2
"Y31F-1",12,1702014,42663283,40961270,1918,91.5
"Y32F-1",12,24351020,28844443,4493424,150,36
"Y32F-1",12,72490228,75234843,2744616,119,50.4
"E10F-1",13,12046090,19018190,6972101,403,83.2
"E10F-1",13,26544655,40389700,13845046,352,68
"E10F-1",13,94418977,96521188,2102212,155,74.6
"E13M-1",13,4042094,12023268,7981175,506,84.2
"E13M-1",13,40217199,51952207,11735009,326,86.3
"E14F-1",13,917700,3488759,2571060,202,73.1
"E14F-1",13,3929062,6193645,2264584,241,79.8
"E14F-1",13,18411274,93360977,74949704,2798,97.5
"E18F-1",13,17828471,26335119,8506649,277,68.9
"E19M-2A",13,917700,3169451,2251752,150,52.9
"E24M-1",13,16664809,34869524,18204716,490,77
"E24M-1",13,78150685,79699613,1548929,135,70.2
"E24M-1",13,88631265,95156426,6525162,407,87.2
"E25F-1",13,16725565,40128811,23403247,636,85.2
"E25F-1",13,88631265,93360977,4729713,241,79.3
"E27M-1",13,54780113,56917876,2137764,86,38.1
"E27M-1",13,71301761,78571510,7269750,346,82.7
"E27M-1",13,82932776,86737604,3804829,104,58.8
"E28F-1",13,8448870,12073334,3624465,152,61.8
"E28F-1",13,17828471,40421092,22592622,608,78.3
"E28F-1",13,79789892,83603899,3814008,175,60.4
"E28F-1",13,91563145,96521188,4958044,314,85.2
"E29M-1",13,3077907,4214215,1136309,126,59
"E29M-1",13,26413461,40389700,13976240,379,68
"E29M-1",13,70187747,71936878,1749132,140,49.3
"E29M-1",13,86338517,90733807,4395291,176,53.7
"E29M-1",13,92744956,96521188,3776233,279,80
"E30M-1",13,14050348,17881311,3830964,177,67.7
"E31M-2",13,4042094,12023268,7981175,519,85.3
"E31M-2",13,16664809,40128811,23464003,696,87.3
"E31M-2",13,68642573,69659546,1016974,81,42.8
"E31M-2",13,82944346,87416293,4471948,140,69.7
"E31M-2",13,90665537,93360977,2695441,155,55.7
"E32M-1",13,51214443,68542974,17328532,545,88.4
"E32M-1",13,92956891,96521188,3564298,262,78.9
"E33M-1",13,92685999,96521188,3835190,208,59
"E34M-2A",13,16664809,26994720,10329912,358,81.9
"E34M-2A",13,34855012,54577578,19722567,591,83.1
"E34M-2A",13,71446362,78797244,7350883,370,81.6
"E35M-2A",13,71936878,77376035,5439158,244,80
"E36F-2A",13,19177363,26335119,7157757,160,47.9
"E36F-2A",13,28945778,35595305,6649528,93,45.7
"E37F-1",13,917700,12073334,11155635,780,94.2
"E37F-1",13,17828471,40455472,22627002,663,74.1
"E37F-1",13,48178015,70778901,22600887,872,91.8
"E37F-1",13,92744956,96421954,3676999,284,81.7
"LAO01M-2A",13,5695768,7367546,1671779,132,32.7
"LAO01M-2A",13,19126033,28361150,9235118,277,83.2
"LAO01M-2A",13,68877286,71264471,2387186,200,65.8
"LAO03M-1",13,3092087,4252293,1160207,118,60.3
"LAO03M-1",13,4827485,67909180,63081696,2160,95.5
"LAO03M-1",13,78681257,88540091,9858835,415,82.3
"LAO03M-1",13,94335379,96521188,2185810,161,80.4
"LAO06M-2A",13,917700,3077907,2160208,156,50.9
"LAO06M-2A",13,11733064,36511878,24778815,883,91.2
"LAO06M-2A",13,57900135,77755632,19855498,886,90.9
"LAO06M-2A",13,84444566,89703442,5258877,166,30.7
"LAO06M-2A",13,94716087,96521188,1805102,138,77
"LO03M-1",13,12528194,16328256,3800063,213,63.9
"LO03M-1",13,17828471,21245754,3417284,171,66.7
"LO04M-1",13,917700,4733871,3816172,331,80.8
"LO04M-1",13,36592096,57866558,21274463,644,86.7
"LO04M-1",13,65106898,94675514,29568617,1495,93.5
"OF304-1A",13,11864357,13679860,1815504,170,68.3
"OF304-1A",13,68877286,71264471,2387186,195,62.9
"OF304-1A",13,77716518,88299083,10582566,493,82.5
"OF304-1A",13,93132465,96521188,3388724,248,85.4
"OM258-2",13,36201838,64393127,28191290,721,88.2
"OM258-2",13,92514013,94250945,1736933,105,38.1
"OM270-2",13,917700,3077907,2160208,147,31.2
"OM274-3B",13,917700,5082927,4165228,369,83.7
"OM274-3B",13,14050348,17736752,3686405,167,73.7
"OM274-3B",13,26613462,34922058,8308597,148,41.7
"OM274-3B",13,58271442,68835389,10563948,345,79.8
"OM274-3B",13,92685999,96521188,3835190,276,81.5
"OM276-1",13,13041148,60837597,47796450,1531,95.7
"OM276-1",13,69118135,72101105,2982971,257,85.3
"OM276-1",13,77476212,79722435,2246224,173,70.4
"OM276-1",13,93557111,94941684,1384574,104,31.4
"OM279-1",13,917700,1934810,1017111,67,45.1
"OM279-1",13,74581912,77572603,2990692,125,65.3
"OM279-1",13,82932776,89142416,6209641,191,76.4
"OM279-1",13,93557111,94936779,1379669,102,30.1
"OM283-2",13,977244,6302443,5325200,505,93
"OM283-2",13,10597082,12156484,1559403,128,63.2
"OM283-2",13,33609449,60837597,27228149,854,92.6
"OM283-2",13,80483590,87811563,7327974,242,57.2
"OM283-2",13,92744956,94969161,2224206,163,65
"OM290-2",13,15302735,52558762,37256028,1053,90.7
"OM292-2",13,15302735,52812751,37510017,1029,93.3
"OM301-1A",13,917700,5058615,4140916,367,82.9
"OM301-1A",13,12481344,13780046,1298703,110,64.1
"OM301-1A",13,18859042,58370795,39511754,1088,93.1
"OM318-2",13,1402997,4549044,3146048,281,84
"OM331-1A",13,12581634,16593068,4011435,193,47
"OM331-1A",13,17828471,39191676,21363206,538,68.3
"OM331-1A",13,92744956,96421954,3676999,236,70.9
"Y22F-1",13,917700,4515396,3597697,264,78.7
"Y22F-1",13,28945778,68542974,39597197,993,90.3
"Y27M-1",13,12185998,15132112,2946115,207,53.4
"Y27M-1",13,17828471,26335119,8506649,282,49.8
"Y27M-1",13,26885774,40455472,13569699,358,51.7
"Y27M-1",13,94418977,96521188,2102212,162,76.2
"Y28M-1",13,12424856,16460439,4035584,233,69.7
"Y28M-1",13,17828471,40455472,22627002,645,73.2
"Y29F-1",13,917700,6246465,5328766,456,88
"Y29F-1",13,27109532,40455472,13345941,304,55.8
"Y29F-1",13,54319171,59144443,4825273,170,73.3
"Y29F-1",13,94892155,95498053,605899,68,35.7
"Y30F-1",13,2906652,6246465,3339814,354,77.7
"Y30F-1",13,26544655,54060203,27515549,735,86.4
"Y30F-1",13,89852347,92706643,2854297,175,64.7
"Y31F-1",13,12185998,16154220,3968223,229,64.7
"Y31F-1",13,17828471,54577578,36749108,958,81.5
"Y31F-1",13,88083698,94361571,6277874,341,89.1
"Y32F-1",13,5880532,7042417,1161886,95,59.8
"Y32F-1",13,9964916,12311211,2346296,155,66.5
"E10F-1",14,1685687,3553944,1868258,134,65.6
"E10F-1",14,12747274,89132504,76385231,2107,96.4
"E10F-1",14,92946165,95491652,2545488,229,86.4
"E13M-1",14,21782426,26653557,4871132,148,49.5
"E14F-1",14,12082191,65918092,53835902,1552,95.5
"E14F-1",14,72533828,80075188,7541361,184,66.1
"E14F-1",14,91103096,93213260,2110165,201,75.7
"E14F-1",14,93668997,95491652,1822656,135,83.7
"E18F-1",14,62896639,71004920,8108282,202,73.6
"E18F-1",14,89329861,90746749,1416889,119,57.4
"E18F-1",14,92240681,95491652,3250972,298,89.1
"E19M-2A",14,7443838,8554319,1110482,65,62.6
"E19M-2A",14,38625570,41968752,3343183,103,51.4
"E19M-2A",14,45539243,79829671,34290429,790,90.4
"E24M-1",14,82956295,89218734,6262440,206,79.3
"E25F-1",14,4203663,6526027,2322365,246,72.6
"E25F-1",14,13771812,22356154,8584343,374,83.4
"E25F-1",14,28382214,40574460,12192247,230,59.6
"E25F-1",14,61558932,77237477,15678546,359,81.1
"E25F-1",14,89777360,92091516,2314157,168,64.4
"E27M-1",14,4365322,6898662,2533341,240,77.3
"E28F-1",14,9684604,12688982,3004379,184,74.6
"E29M-1",14,5163498,9037461,3873964,275,71.3
"E29M-1",14,91351607,93330997,1979391,200,81.7
"E30M-1",14,48165660,72687606,24521947,583,88.6
"E31M-2",14,12850359,17520447,4670089,186,68.7
"E31M-2",14,54686989,69772339,15085351,360,78.2
"E31M-2",14,82956295,89218734,6262440,209,79.7
"E32M-1",14,28257615,46129776,17872162,384,87
"E32M-1",14,57044809,75376758,18331950,428,83.3
"E33M-1",14,80372540,91413242,11040703,363,77.9
"E34M-2A",14,4203663,6526027,2322365,261,76.5
"E34M-2A",14,13771812,20723534,6951723,332,86
"E34M-2A",14,28382214,37697072,9314859,182,51.6
"E34M-2A",14,44343307,61257444,16914138,379,78.4
"E36F-2A",14,15649139,27131096,11481958,431,82.1
"E36F-2A",14,62896639,71004920,8108282,201,74
"E36F-2A",14,89028316,90746749,1718434,123,51.7
"E36F-2A",14,92240681,95491652,3250972,267,88.1
"E37F-1",14,77584376,91354780,13770405,569,91
"LAO01M-2A",14,10478607,49087983,38609377,1247,93.2
"LAO01M-2A",14,92580023,95491652,2911630,270,83.1
"LAO03M-1",14,15520042,18927839,3407798,163,69.9
"LAO03M-1",14,19524948,59580591,40055644,922,93.7
"LAO03M-1",14,71279296,78255601,6976306,164,52.7
"LAO03M-1",14,80550723,87881421,7330699,216,65.1
"LAO06M-2A",14,2477001,5764428,3287428,351,84.5
"LAO06M-2A",14,18945084,59720775,40775692,1018,95
"LAO06M-2A",14,71279296,89218734,17939439,543,80.6
"LAO06M-2A",14,89564813,95491652,5926840,505,91.5
"LO01F-1",14,9477588,12520970,3043383,194,57.8
"LO01F-1",14,82682098,88453905,5771808,154,59.8
"LO01F-1",14,92137412,93661577,1524166,173,45.5
"LO03M-1",14,3587271,4791835,1204565,166,55.5
"LO03M-1",14,21782426,26850189,5067764,155,61
"LO04M-1",14,8618705,11401793,2783089,183,75.4
"LO04M-1",14,74832090,87940273,13108184,381,67.9
"LO04M-1",14,89329861,95491652,6161792,530,93.3
"OF289-2",14,8618705,11401793,2783089,177,75
"OF289-2",14,71279296,78255601,6976306,163,53.9
"OF289-2",14,80372540,87881421,7508882,216,64.9
"OF304-1A",14,11459884,15452996,3993113,209,69.5
"OF304-1A",14,19516121,49087983,29571863,752,90.5
"OF304-1A",14,80372540,87881421,7508882,230,66.6
"OM258-2",14,85943671,89297482,3353812,133,72.1
"OM270-2",14,88036306,91354780,3318475,255,77.8
"OM270-2",14,92137412,95491652,3354241,299,83.3
"OM274-3B",14,8618705,19939499,11320795,611,89.5
"OM274-3B",14,26961622,46483140,19521519,450,84
"OM274-3B",14,80372540,87881421,7508882,223,65.1
"OM274-3B",14,92137412,95491652,3354241,291,84.1
"OM276-1",14,75260025,84164340,8904316,254,81.3
"OM276-1",14,91351607,95491652,4140046,358,86.8
"OM279-1",14,8297661,15452996,7155336,398,84.3
"OM279-1",14,19516121,47793606,28277486,664,89
"OM279-1",14,91411432,95491652,4080221,331,86
"OM283-2",14,4101384,5387070,1285687,158,63.2
"OM283-2",14,88812406,95491652,6679247,565,93.5
"OM290-2",14,686144,3995468,3309325,216,78.2
"OM290-2",14,26965578,46483140,19517563,437,83.4
"OM290-2",14,91376674,95491652,4114979,348,86.7
"OM292-2",14,686144,4020133,3333990,207,78
"OM292-2",14,26965578,53707587,26742010,562,90.7
"OM292-2",14,76715210,80372540,3657331,90,42.8
"OM292-2",14,91351607,93406893,2055287,197,61.5
"OM301-1A",14,4108616,5376414,1267799,157,62.7
"OM301-1A",14,11910531,19939499,8028969,415,84.7
"OM301-1A",14,26358569,46483140,20124572,482,87
"OM301-1A",14,48165660,59166968,11001309,219,75.6
"OM301-1A",14,88036306,91354780,3318475,246,75.8
"OM301-1A",14,92137412,95491652,3354241,302,81.5
"OM318-2",14,686144,4093380,3407237,236,80.5
"OM318-2",14,8618705,11401793,2783089,175,74.3
"OM331-1A",14,4809888,13597694,8787807,502,90.9
"OM331-1A",14,27054094,46122471,19068378,381,86.7
"Y22F-1",14,4039208,7012580,2973373,280,80
"Y22F-1",14,8194084,11554866,3360783,184,59.6
"Y22F-1",14,15346994,19136698,3789705,176,75.2
"Y22F-1",14,34830550,62795877,27965328,547,86.2
"Y27M-1",14,686144,3553944,2867801,159,80.1
"Y27M-1",14,93044628,95491652,2447025,218,85.6
"Y28M-1",14,44733729,75788327,31054599,749,90.7
"Y29F-1",14,686144,3904212,3218069,185,77.5
"Y29F-1",14,15775709,21718647,5942939,247,75.1
"Y29F-1",14,69966828,75788327,5821500,139,43.4
"Y30F-1",14,8191523,11554866,3363344,216,61.5
"Y30F-1",14,16077504,18513141,2435638,100,42.5
"Y30F-1",14,34830550,50456734,15626185,383,82.6
"Y30F-1",14,78370775,89449045,11078271,382,82.9
"Y31F-1",14,8171739,11554866,3383128,205,64.5
"Y31F-1",14,26961622,50456734,23495113,532,89.1
"Y32F-1",14,686144,10004907,9318764,700,92.5
"Y32F-1",14,27054094,40574460,13520367,314,76.3
"Y32F-1",14,71088949,76427303,5338355,140,35.4
"Y32F-1",14,92303190,93406893,1103704,149,79.2
"E10F-1",15,1180994,2484770,1303777,140,54
"E10F-1",15,2913741,4502752,1589012,122,47.9
"E10F-1",15,60610450,64001681,3391232,263,89.9
"E13M-1",15,1594090,8128200,6534111,400,83.1
"E14F-1",15,3968576,8488021,4519446,246,80.3
"E14F-1",15,10636515,18515652,7879138,211,73.9
"E18F-1",15,8452893,10686527,2233635,98,46.4
"E19M-2A",15,3654068,5595600,1941533,130,36.1
"E19M-2A",15,59809058,61503877,1694820,155,85.2
"E24M-1",15,1173009,2379379,1206371,136,64
"E24M-1",15,3157133,11203332,8046200,414,75.9
"E24M-1",15,22651416,37196495,14545080,291,81.4
"E25F-1",15,8874131,10370894,1496764,54,54.2
"E25F-1",15,60628596,61884346,1255751,127,55.5
"E28F-1",15,125105,1193643,1068539,127,79.3
"E29M-1",15,4968634,10582970,5614337,263,74.9
"E29M-1",15,49913473,51604518,1691046,85,64.2
"E30M-1",15,42153818,51181439,9027622,173,65.6
"E30M-1",15,57903590,59542590,1639001,108,54.5
"E31M-2",15,1172947,2379379,1206433,137,64.8
"E32M-1",15,8452893,10686527,2233635,93,45.5
"E32M-1",15,59938276,62789706,2851431,264,70.4
"E33M-1",15,13500595,19901166,6400572,121,45.6
"E33M-1",15,38823624,44366538,5542915,114,62.6
"E33M-1",15,59901712,62870281,2968570,210,64.4
"E34M-2A",15,125105,2379379,2254275,255,87.3
"E34M-2A",15,3654068,5595600,1941533,140,40.1
"E34M-2A",15,8874131,22606487,13732357,450,93
"E35M-2A",15,8874131,15490189,6616059,212,60.8
"E35M-2A",15,30868649,45450982,14582334,394,76.5
"E35M-2A",15,54675468,59354859,4679392,288,70.4
"E36F-2A",15,125105,1201927,1076823,121,82.6
"E36F-2A",15,59865452,62789706,2924255,263,70.6
"E37F-1",15,4591257,37884853,33293597,984,94.4
"E37F-1",15,50651889,52411880,1759992,110,57.8
"LAO01M-2A",15,125105,8714991,8589887,622,94.4
"LAO01M-2A",15,30868649,37884853,7016205,203,58.2
"LAO01M-2A",15,50983876,58636546,7652671,394,84.1
"LAO03M-1",15,19813603,27391125,7577523,212,71.4
"LAO03M-1",15,54675468,59719264,5043797,309,77.4
"LAO06M-2A",15,125105,9269740,9144636,655,95.1
"LAO06M-2A",15,30868649,39661641,8792993,261,60.4
"LAO06M-2A",15,56879567,64001681,7122115,533,92.2
"LO01F-1",15,3686304,4782742,1096439,90,69.7
"LO01F-1",15,8874131,15490189,6616059,209,59.8
"LO01F-1",15,30868649,45465473,14596825,392,79.1
"LO03M-1",15,8198105,22984595,14786491,490,89.1
"LO03M-1",15,50831877,55065464,4233588,165,51.4
"LO04M-1",15,6308478,8714991,2406514,98,35.4
"LO04M-1",15,30868649,37884853,7016205,202,55.8
"LO04M-1",15,59697224,64001681,4304458,353,84.2
"OF289-2",15,8747823,19781269,11033447,317,79.2
"OF289-2",15,39407225,49195737,9788513,177,54.5
"OF289-2",15,59697224,64001681,4304458,352,84.9
"OF304-1A",15,8747823,39661641,30913819,821,85
"OM258-2",15,5536945,11661126,6124182,235,58
"OM258-2",15,21555602,35117044,13561443,235,63.9
"OM270-2",15,6308478,8714991,2406514,96,35.8
"OM270-2",15,30868649,37884853,7016205,197,43.3
"OM274-3B",15,6308478,8714991,2406514,99,37.6
"OM276-1",15,2126198,4879573,2753376,189,44.3
"OM276-1",15,7352910,20508174,13155265,414,84.2
"OM276-1",15,30868649,46940836,16072188,409,76.6
"OM279-1",15,22507326,49195737,26688412,518,81
"OM279-1",15,61593326,64001681,2408356,153,76.4
"OM283-2",15,1894163,38150355,36256193,1174,92.6
"OM283-2",15,39559219,49195737,9636519,178,51.6
"OM283-2",15,57067375,59719264,2651890,167,55
"OM290-2",15,125105,4879573,4754469,401,90.3
"OM290-2",15,37697225,50363161,12665937,260,79.1
"OM290-2",15,56683871,58729918,2046048,133,60
"OM292-2",15,59261858,61884346,2622489,239,72.8
"OM301-1A",15,125105,2484770,2359666,254,80.8
"OM301-1A",15,3654068,4867046,1212979,92,41.8
"OM318-2",15,5155340,35828923,30673584,860,89.4
"OM318-2",15,49372350,51322672,1950323,80,33.4
"OM331-1A",15,157852,2604296,2446445,219,86.1
"OM331-1A",15,8341209,22968233,14627025,416,87.9
"OM331-1A",15,31196646,59184946,27988301,761,81.6
"Y22F-1",15,7428860,37044694,29615835,715,93.2
"Y27M-1",15,2903493,10582970,7679478,415,80.5
"Y27M-1",15,11632136,22984595,11352460,354,64
"Y27M-1",15,31986841,40212989,8226149,254,38.7
"Y28M-1",15,3387952,11227272,7839321,408,85.4
"Y29F-1",15,18014789,21592167,3577379,118,38
"Y30F-1",15,6785939,21687451,14901513,489,83.3
"Y30F-1",15,50651889,55065464,4413576,181,57.2
"Y31F-1",15,2671682,4474854,1803173,128,46.6
"Y31F-1",15,11467260,21663193,10195934,271,62.9
"Y31F-1",15,52832833,59873566,7040734,356,76.5
"Y32F-1",15,13444458,21107989,7663532,200,60.5
"Y32F-1",15,61894804,64001681,2106878,138,44.5
"E10F-1",16,3664223,20216797,16552575,660,90.8
"E13M-1",16,32927408,51919440,18992033,634,90.9
"E13M-1",16,57095567,61351041,4255475,469,84.1
"E14F-1",16,19194,3948954,3929761,236,78.9
"E14F-1",16,11826794,57887913,46061120,2060,97
"E14F-1",16,59907912,61833715,1925804,175,73.4
"E18F-1",16,29487422,32186409,2698988,104,57.8
"E18F-1",16,53162474,56801971,3639498,325,80.7
"E19M-2A",16,8155885,14686750,6530866,206,78.3
"E19M-2A",16,29277055,32691546,3414492,158,65.3
"E19M-2A",16,54395872,61833715,7437844,658,93.5
"E24M-1",16,56866772,61475647,4608876,520,84.7
"E25F-1",16,47429547,51739707,4310161,129,43.4
"E27M-1",16,19194,2116934,2097741,90,45
"E28F-1",16,4191786,8747948,4556163,208,67.1
"E29M-1",16,4191786,8747948,4556163,221,69.3
"E30M-1",16,19194,1390486,1371293,62,53.7
"E31M-2",16,19194,1976394,1957201,109,80.7
"E31M-2",16,57095567,58023655,928089,144,48.7
"E31M-2",16,58970284,61351041,2380758,248,69.1
"E32M-1",16,19194,1624480,1605287,81,65.6
"E32M-1",16,57011258,58023655,1012398,138,39.6
"E33M-1",16,38506412,51919440,13413029,341,85.6
"E33M-1",16,53493930,57053349,3559420,223,72.7
"E35M-2A",16,10027088,21222324,11195237,406,75.3
"E36F-2A",16,53469732,56801971,3332240,264,73.7
"E37F-1",16,4191786,8747948,4556163,226,69.8
"E37F-1",16,56665553,61833715,5168163,566,93.3
"LAO01M-2A",16,19194,7942543,7923350,431,90.3
"LAO01M-2A",16,21991759,39616256,17624498,606,86.9
"LAO01M-2A",16,46304041,61833715,15529675,1186,95.4
"LAO03M-1",16,1731030,7006737,5275708,297,87.5
"LAO03M-1",16,21944920,32239306,10294387,306,63
"LAO03M-1",16,60373749,61833715,1459967,105,39
"LAO06M-2A",16,49754,1624480,1574727,83,47.9
"LAO06M-2A",16,21988291,32239306,10251016,312,68.5
"LO03M-1",16,59177769,61833715,2655947,233,82.7
"LO04M-1",16,19194,32239306,32220113,1303,95.1
"LO04M-1",16,55375858,60357755,4981898,521,86.5
"OF289-2",16,19194,1673520,1654327,83,45.7
"OF289-2",16,7136962,32239306,25102345,907,91.1
"OF289-2",16,58075303,60270351,2195049,242,69.5
"OF304-1A",16,21644544,32239306,10594763,332,70.1
"OM258-2",16,5562516,21220522,15658007,528,83.1
"OM258-2",16,21944920,31973444,10028525,227,56.6
"OM270-2",16,21988291,33251807,11263517,387,80.2
"OM270-2",16,55444007,58023655,2579649,247,70.3
"OM274-3B",16,19194,3047360,3028167,163,72.8
"OM274-3B",16,10056263,19106014,9049752,261,68.5
"OM274-3B",16,54017744,57053349,3035606,251,77.6
"OM276-1",16,10027088,21222324,11195237,408,76.1
"OM276-1",16,21988291,36066869,14078579,522,84.2
"OM276-1",16,56272065,61833715,5561651,583,92.9
"OM279-1",16,9480980,21222324,11741345,418,79.6
"OM279-1",16,21991759,32200849,10209091,287,64.2
"OM283-2",16,19194,2262483,2243290,114,52.1
"OM283-2",16,7136962,32239306,25102345,908,90.4
"OM283-2",16,59392874,61833715,2440842,216,80.4
"OM290-2",16,49754,3120585,3070832,158,66.7
"OM290-2",16,5289283,14811571,9522289,353,78.1
"OM290-2",16,21988291,29390327,7402037,197,39.3
"OM290-2",16,55386265,58023655,2637391,250,72.9
"OM292-2",16,21421584,53985713,32564130,1183,92.8
"OM292-2",16,55895994,58023655,2127662,228,76.3
"OM292-2",16,60373749,61833715,1459967,102,37.7
"OM318-2",16,19194,9502201,9483008,495,76.9
"OM318-2",16,21988291,42095102,20106812,691,86.7
"OM318-2",16,56943613,60357755,3414143,421,87.4
"OM331-1A",16,53110906,54257204,1146299,115,50.3
"Y22F-1",16,7386360,10173026,2786667,129,41
"Y22F-1",16,34044940,53420708,19375769,683,90.8
"Y27M-1",16,19194,2030097,2010904,110,81.6
"Y27M-1",16,9160749,14896160,5735412,180,52.8
"Y28M-1",16,7345332,34188691,26843360,1030,92.5
"Y29F-1",16,1219429,3911036,2691608,156,47.7
"Y29F-1",16,34044940,42701287,8656348,275,80.4
"Y29F-1",16,56732852,58609422,1876571,237,69.7
"Y30F-1",16,1648792,3980121,2331330,154,43.3
"Y31F-1",16,19194,1648792,1629599,82,70.9
"Y31F-1",16,7407288,10091416,2684129,141,63.5
"Y31F-1",16,14973195,31973444,17000250,597,89.2
"Y31F-1",16,58599580,61475647,2876068,268,65
"Y32F-1",16,1190860,6856923,5666064,327,80.1
"Y32F-1",16,11575867,22828982,11253116,448,83.5
"E10F-1",17,19616498,37599455,17982958,1199,94.8
"E10F-1",17,40450366,43659123,3208758,274,47.2
"E13M-1",17,5271810,6517473,1245664,75,30
"E13M-1",17,29164465,30736900,1572436,117,65.1
"E14F-1",17,14316,1720315,1706000,202,93.5
"E14F-1",17,3688531,11662185,7973655,499,88.3
"E14F-1",17,41758122,44201274,2443153,207,84.4
"E19M-2A",17,30707868,34391039,3683172,288,82.1
"E24M-1",17,23486658,31288387,7801730,419,89.7
"E24M-1",17,43040407,44201274,1160868,73,47
"E25F-1",17,41760558,43462922,1702365,148,59.2
"E27M-1",17,4549069,6180161,1631093,95,38.8
"E27M-1",17,30713919,36311811,5597893,483,87
"E27M-1",17,36784239,42509335,5725097,310,81.3
"E28F-1",17,12358894,24954987,12596094,466,83.2
"E29M-1",17,3557785,12248870,8691086,567,89
"E29M-1",17,19616498,23586945,3970448,228,75.2
"E30M-1",17,14316,3941325,3927010,370,91.3
"E30M-1",17,42570980,44201274,1630295,123,71
"E31M-2",17,14316,3535105,3520790,340,87.5
"E31M-2",17,36814124,41722445,4908322,287,82.8
"E32M-1",17,25046954,37944918,12897965,910,95.2
"E33M-1",17,12358894,23585216,11226323,297,76.6
"E34M-2A",17,26768651,34640345,7871695,517,87.4
"E35M-2A",17,2860128,4631535,1771408,157,64.8
"E35M-2A",17,23427536,33631359,10203824,582,87.7
"E36F-2A",17,6224483,21970760,15746278,604,82
"E37F-1",17,8056464,23586945,15530482,716,89.3
"E37F-1",17,40174717,42359319,2184603,172,56.7
"LAO01M-2A",17,14316,2761271,2746956,271,81.4
"LAO01M-2A",17,31586327,34612723,3026397,264,82
"LAO03M-1",17,14316,2761271,2746956,270,74.7
"LAO06M-2A",17,14316,1308104,1293789,129,61.1
"LAO06M-2A",17,6140264,14748664,8608401,545,88.9
"LAO06M-2A",17,31586327,34639582,3053256,268,83.3
"LO01F-1",17,14316,1786479,1772164,194,79.6
"LO01F-1",17,8579325,11779986,3200662,195,72.1
"LO01F-1",17,40455257,42838982,2383726,206,38.6
"LO03M-1",17,755311,2247128,1491818,158,49.2
"LO03M-1",17,4685150,7600746,2915597,152,70.4
"LO03M-1",17,23194840,24107065,912226,112,59.1
"LO04M-1",17,1325747,6072552,4746806,391,87.7
"LO04M-1",17,21227747,31091599,9863853,565,89.6
"LO04M-1",17,42870955,44201274,1330320,87,39.7
"OF289-2",17,20989111,30296213,9307103,519,87.8
"OF304-1A",17,14316,14748664,14734349,1070,96.6
"OM258-2",17,3688531,8943932,5255402,272,79.6
"OM258-2",17,42851618,44201274,1349657,78,39.9
"OM274-3B",17,14316,7981644,7967329,591,93.2
"OM274-3B",17,19616498,23341326,3724829,194,68.5
"OM274-3B",17,30128164,34560988,4432825,359,84.7
"OM274-3B",17,36140721,41052690,4911970,292,66.6
"OM276-1",17,14316,8943932,8929617,689,94.6
"OM276-1",17,10389355,11911881,1522527,116,38.8
"OM276-1",17,20989111,29102186,8113076,431,83.5
"OM279-1",17,14316,2429419,2415104,242,83.4
"OM279-1",17,9672930,11911881,2238952,142,60.1
"OM279-1",17,20989111,23341326,2352216,162,49.4
"OM283-2",17,7474550,13897181,6422632,425,90.8
"OM290-2",17,5042680,7474550,2431871,131,54.6
"OM290-2",17,9641268,23341326,13700059,552,81.2
"OM290-2",17,28166867,34560988,6394122,435,88.3
"OM292-2",17,19616498,23341326,3724829,193,71.6
"OM301-1A",17,5035760,7981644,2945885,156,56.7
"OM301-1A",17,19616498,23341326,3724829,197,60.1
"OM318-2",17,20999109,35278537,14279429,962,93.3
"OM331-1A",17,14467236,39356001,24888766,1195,91.7
"Y22F-1",17,14316,3326158,3311843,276,89.3
"Y22F-1",17,9437720,21065228,11627509,364,79.8
"Y22F-1",17,22334790,33926826,11592037,632,95.2
"Y27M-1",17,13362959,23586945,10223987,365,74.2
"Y27M-1",17,33757177,35864504,2107328,295,80.6
"Y28M-1",17,14316,1174283,1159968,106,48.8
"Y29F-1",17,9292124,22717946,13425823,488,88.9
"Y29F-1",17,36714766,41490861,4776096,244,72.9
"Y30F-1",17,14316,1845307,1830992,205,83.8
"Y30F-1",17,10976923,14343520,3366598,260,80.4
"Y30F-1",17,36648225,41492987,4844763,282,70.8
"Y31F-1",17,14316,1174283,1159968,102,54.2
"Y32F-1",17,14316,1845307,1830992,203,82.9
"Y32F-1",17,9509458,21338169,11828712,430,80.6
