# This file was produced by: bcftools roh(1.24+htslib-1.24)
# The command line was:	bcftools roh -G30 --estimate-AF - --rec-rate 1.1e-8 -Or -o ./results/roh/roh_LD05.txt ./data/processed/addtl_filter/clean_roh_LDpruned_05.vcf.gz
#
# RG	[2]Sample	[3]Chromosome	[4]Start	[5]End	[6]Length (bp)	[7]Number of markers	[8]Quality (average fwd-bwd phred score)
RG	E10F-1	1	151446	3782387	3630942	192	73.9
RG	E10F-1	1	51932925	74761341	22828417	499	72.6
RG	E10F-1	1	75863876	79485470	3621595	151	51.0
RG	E10F-1	1	115322794	123714598	8391805	190	64.1
RG	E10F-1	1	136700433	149451719	12751287	423	85.4
RG	E10F-1	1	206979976	235092332	28112357	1201	93.1
RG	E10F-1	1	239795075	241417019	1621945	190	81.6
RG	E13M-1	1	24652279	33913310	9261032	290	68.6
RG	E13M-1	1	46742019	51998336	5256318	157	59.5
RG	E13M-1	1	62716341	102541539	39825199	1141	90.4
RG	E13M-1	1	227285430	240058078	12772649	1026	94.6
RG	E14F-1	1	10034713	13030273	2995561	151	61.2
RG	E14F-1	1	68726951	119497672	50770722	1588	92.1
RG	E14F-1	1	178302707	181658035	3355329	185	72.4
RG	E14F-1	1	203733019	212781394	9048376	302	82.9
RG	E18F-1	1	14604145	17094689	2490545	111	55.1
RG	E18F-1	1	34668233	51884383	17216151	484	88.2
RG	E18F-1	1	95858586	102541539	6682954	216	59.1
RG	E18F-1	1	129117217	133023858	3906642	109	26.0
RG	E18F-1	1	148992384	152374554	3382171	93	34.5
RG	E18F-1	1	185921440	187465127	1543688	63	10.9
RG	E19M-2A	1	7343012	17624402	10281391	485	78.8
RG	E19M-2A	1	66855992	74188383	7332392	137	10.9
RG	E19M-2A	1	75863876	103474667	27610792	885	92.8
RG	E19M-2A	1	194902447	196648971	1746525	79	25.6
RG	E24M-1	1	151446	2519190	2367745	116	41.7
RG	E24M-1	1	3698570	7003968	3305399	292	72.7
RG	E24M-1	1	22363695	26637850	4274156	200	50.9
RG	E24M-1	1	173790940	176936646	3145707	131	58.0
RG	E24M-1	1	229710664	232516478	2805815	109	28.9
RG	E24M-1	1	240077991	241417019	1339029	154	83.5
RG	E25F-1	1	151446	3520617	3369172	167	80.8
RG	E25F-1	1	18820348	59883708	41063361	1171	93.4
RG	E25F-1	1	179956911	181972568	2015658	93	31.1
RG	E25F-1	1	200288045	205273418	4985374	141	52.8
RG	E25F-1	1	210544288	213083282	2538995	94	28.0
RG	E25F-1	1	223071897	227204930	4133034	153	54.1
RG	E27M-1	1	194902447	196580091	1677645	67	17.0
RG	E27M-1	1	210114192	213084314	2970123	106	36.0
RG	E28F-1	1	1831715	4055302	2223588	166	54.9
RG	E28F-1	1	218560316	234566133	16005818	761	86.2
RG	E29M-1	1	34668233	48350903	13682671	374	83.5
RG	E29M-1	1	123566315	133537535	9971221	337	83.8
RG	E29M-1	1	219121394	234823738	15702345	797	90.3
RG	E30M-1	1	7911769	9913264	2001496	131	28.6
RG	E30M-1	1	120909280	139851201	18941922	573	86.4
RG	E30M-1	1	191554569	196791593	5237025	317	85.6
RG	E31M-2	1	151446	5493682	5342237	334	86.5
RG	E31M-2	1	18439363	26637850	8198488	376	83.6
RG	E31M-2	1	96702566	100881597	4179032	137	32.9
RG	E31M-2	1	226824685	233797483	6972799	439	86.7
RG	E32M-1	1	102624525	120730378	18105854	541	87.2
RG	E32M-1	1	136638459	139851201	3212743	109	19.9
RG	E32M-1	1	232618221	234823738	2205518	163	64.1
RG	E32M-1	1	237521159	239056493	1535335	134	59.4
RG	E33M-1	1	34668233	48338682	13670450	304	77.8
RG	E33M-1	1	139245236	140767262	1522027	58	21.7
RG	E34M-2A	1	22506017	26637850	4131834	194	51.7
RG	E34M-2A	1	124365297	156487589	32122293	974	93.6
RG	E34M-2A	1	223341346	231645889	8304544	430	83.7
RG	E34M-2A	1	233581932	241417019	7835088	788	88.8
RG	E35M-2A	1	79523401	102541539	23018139	734	88.4
RG	E35M-2A	1	114589846	123952384	9362539	226	73.3
RG	E35M-2A	1	197361275	199440975	2079701	106	35.0
RG	E36F-2A	1	23907421	48350903	24443483	692	88.1
RG	E36F-2A	1	129117605	133178946	4061342	110	24.3
RG	E36F-2A	1	176554056	178527891	1973836	196	75.3
RG	E36F-2A	1	226129711	235469448	9339738	582	91.9
RG	E37F-1	1	1831715	32032359	30200645	1515	95.2
RG	E37F-1	1	34718518	48350903	13632386	376	84.3
RG	E37F-1	1	128735559	134389421	5653863	166	59.4
RG	E37F-1	1	139245236	141178273	1933038	87	43.0
RG	E37F-1	1	196259498	241417019	45157522	2267	98.3
RG	LAO01M-2A	1	4919832	6680055	1760224	153	66.4
RG	LAO01M-2A	1	22363695	66083220	43719526	1238	91.8
RG	LAO01M-2A	1	74347139	77525377	3178239	131	30.4
RG	LAO01M-2A	1	97072300	122293921	25221622	786	93.1
RG	LAO01M-2A	1	137071899	180327190	43255292	1335	95.7
RG	LAO01M-2A	1	232165252	233501026	1335775	97	45.6
RG	LAO03M-1	1	52515427	65573726	13058300	274	68.1
RG	LAO03M-1	1	73937441	79827462	5890022	215	62.1
RG	LAO03M-1	1	105770400	207913243	102142844	3229	96.3
RG	LAO03M-1	1	227678955	238852454	11173500	829	91.5
RG	LAO03M-1	1	239332742	241417019	2084278	234	83.9
RG	LAO06M-2A	1	22363695	65683918	43320224	1215	90.4
RG	LAO06M-2A	1	105887181	114141005	8253825	203	51.9
RG	LAO06M-2A	1	158486036	176936646	18450611	426	79.3
RG	LAO06M-2A	1	191837247	229410662	37573416	1583	96.0
RG	LAO06M-2A	1	232165252	233501026	1335775	98	48.0
RG	LAO06M-2A	1	235444920	238811357	3366438	335	81.8
RG	LO01F-1	1	81097855	96531304	15433450	431	78.8
RG	LO01F-1	1	210553175	213768294	3215120	137	59.7
RG	LO03M-1	1	2174125	4970924	2796800	214	28.9
RG	LO03M-1	1	5541386	10346230	4804845	357	81.5
RG	LO03M-1	1	26701767	66483918	39782152	1044	90.6
RG	LO03M-1	1	214199180	216022452	1823273	57	24.4
RG	LO04M-1	1	65724657	79833266	14108610	400	83.3
RG	LO04M-1	1	105887181	114094824	8207644	205	56.5
RG	LO04M-1	1	158486036	171444205	12958170	247	63.2
RG	LO04M-1	1	178804470	233232564	54428095	2305	97.3
RG	LO04M-1	1	236504011	237348298	844288	99	45.1
RG	OF289-2	1	4919832	20357122	15437291	853	92.9
RG	OF289-2	1	29955063	65683918	35728856	851	88.0
RG	OF289-2	1	106055774	118840438	12784665	300	73.9
RG	OF289-2	1	129419432	171444205	42024774	1047	89.4
RG	OF289-2	1	232165252	233501026	1335775	92	43.7
RG	OF289-2	1	239332742	241417019	2084278	238	83.8
RG	OF304-1A	1	22373796	37439258	15065463	492	83.9
RG	OF304-1A	1	49417682	73709488	24291807	555	86.5
RG	OF304-1A	1	105887181	136319515	30432335	825	90.0
RG	OF304-1A	1	158486036	176936646	18450611	423	79.8
RG	OF304-1A	1	232165252	233501026	1335775	94	42.3
RG	OM258-2	1	99970767	171748959	71778193	1700	92.8
RG	OM258-2	1	178804470	188773874	9969405	333	80.7
RG	OM270-2	1	151446	4766205	4614760	287	82.5
RG	OM270-2	1	74347139	79833266	5486128	209	60.0
RG	OM270-2	1	105887181	114141005	8253825	200	51.3
RG	OM270-2	1	158486036	171748959	13262924	237	61.7
RG	OM270-2	1	237521159	238356505	835347	74	13.5
RG	OM274-3B	1	18701886	25247783	6545898	299	81.2
RG	OM274-3B	1	50126360	57423107	7296748	192	60.1
RG	OM274-3B	1	99579961	122293921	22713961	674	89.3
RG	OM274-3B	1	158486036	171426447	12940412	241	60.4
RG	OM276-1	1	8079525	18637911	10558387	547	93.3
RG	OM276-1	1	22506017	26811463	4305447	196	57.9
RG	OM276-1	1	42612131	62138287	19526157	505	90.5
RG	OM279-1	1	151446	2352552	2201107	96	55.3
RG	OM279-1	1	193586478	199573302	5986825	325	76.1
RG	OM279-1	1	235882555	237127061	1244507	112	39.0
RG	OM283-2	1	157085	4547115	4390031	275	90.9
RG	OM283-2	1	7223467	27583861	20360395	967	91.0
RG	OM283-2	1	29955063	37439258	7484196	192	64.5
RG	OM283-2	1	49417682	74188383	24770702	566	85.0
RG	OM283-2	1	79196309	93404457	14208149	429	81.5
RG	OM283-2	1	99970767	118840438	18869672	595	89.3
RG	OM283-2	1	137339686	141291141	3951456	154	72.3
RG	OM283-2	1	158486036	177059694	18573659	437	79.5
RG	OM283-2	1	177544581	193291131	15746551	730	93.0
RG	OM283-2	1	237241219	238811357	1570139	152	65.9
RG	OM290-2	1	151446	2352552	2201107	99	45.0
RG	OM290-2	1	20483745	25247783	4764039	212	66.9
RG	OM290-2	1	49417682	62138287	12720606	305	75.5
RG	OM290-2	1	105887181	123720968	17833788	437	83.8
RG	OM290-2	1	176978825	178046403	1067579	137	69.6
RG	OM290-2	1	230677371	233115536	2438166	113	62.8
RG	OM292-2	1	151446	4766205	4614760	267	84.3
RG	OM292-2	1	73955083	82149012	8193930	340	72.6
RG	OM292-2	1	91822572	98789886	6967315	235	58.4
RG	OM292-2	1	158486036	176936646	18450611	389	76.1
RG	OM292-2	1	215038044	227203999	12165956	398	78.2
RG	OM292-2	1	237544678	239503592	1958915	177	62.2
RG	OM301-1A	1	151446	9048230	8896785	567	72.7
RG	OM301-1A	1	74455956	122293921	47837966	1508	92.7
RG	OM301-1A	1	158486036	171444205	12958170	239	57.4
RG	OM318-2	1	151446	6680055	6528610	429	63.7
RG	OM318-2	1	74347139	153285883	78938745	2422	95.6
RG	OM318-2	1	158486036	176936646	18450611	403	80.6
RG	OM318-2	1	177071423	190872629	13801207	665	89.4
RG	OM318-2	1	236099889	238811357	2711469	252	77.0
RG	OM331-1A	1	52036997	74188383	22151387	419	71.5
RG	OM331-1A	1	75863876	79485470	3621595	123	22.8
RG	OM331-1A	1	110705901	118840438	8134538	167	65.5
RG	OM331-1A	1	136638459	149451719	12813261	346	73.4
RG	OM331-1A	1	203438827	217132453	13693627	386	82.3
RG	OM331-1A	1	233780540	235686088	1905549	154	48.2
RG	Y22F-1	1	156549466	188470544	31921079	914	94.3
RG	Y27M-1	1	52319437	79485470	27166034	687	61.1
RG	Y28M-1	1	25057080	61712110	36655031	1006	91.7
RG	Y28M-1	1	232618221	235001917	2383697	183	66.5
RG	Y29F-1	1	151446	1190703	1039258	28	3.4
RG	Y29F-1	1	22506017	75533791	53027775	1292	88.9
RG	Y29F-1	1	237521159	241417019	3895861	381	90.3
RG	Y30F-1	1	20317968	78970782	58652815	1631	94.7
RG	Y30F-1	1	133088697	139851201	6762505	199	54.0
RG	Y31F-1	1	151446	4970924	4819479	287	79.8
RG	Y31F-1	1	46014366	73475516	27461151	622	84.5
RG	Y31F-1	1	75863876	79485470	3621595	149	50.1
RG	Y31F-1	1	227811578	233329646	5518069	313	81.4
RG	Y32F-1	1	151446	2684889	2533444	121	63.7
RG	Y32F-1	1	4150164	6658629	2508466	207	61.2
RG	Y32F-1	1	46905517	55843732	8938216	252	70.7
RG	Y32F-1	1	75863876	80010780	4146905	179	61.7
RG	Y32F-1	1	210338444	213084314	2745871	107	68.2
RG	E10F-1	2	39176473	43484160	4307688	110	17.5
RG	E10F-1	2	58551996	65051201	6499206	229	85.2
RG	E13M-1	2	17053	2371742	2354690	167	79.9
RG	E13M-1	2	3778107	6906783	3128677	194	71.0
RG	E13M-1	2	50651288	55949922	5298635	113	42.8
RG	E13M-1	2	59004118	73005765	14001648	531	88.8
RG	E13M-1	2	103184595	116713692	13529098	315	86.3
RG	E13M-1	2	166622764	167996129	1373366	141	61.6
RG	E14F-1	2	3167649	8573172	5405524	303	76.6
RG	E14F-1	2	99622839	134680464	35057626	984	94.0
RG	E14F-1	2	147511657	166603300	19091644	857	93.1
RG	E18F-1	2	17053	2618162	2601110	203	55.1
RG	E18F-1	2	8827336	15079719	6252384	303	61.0
RG	E18F-1	2	123611884	137493479	13881596	281	56.2
RG	E19M-2A	2	65825554	78282486	12456933	461	88.1
RG	E24M-1	2	17053	1048622	1031570	67	31.2
RG	E24M-1	2	101569811	108154692	6584882	125	70.3
RG	E24M-1	2	169097854	170746123	1648270	129	83.5
RG	E25F-1	2	17053	1048622	1031570	66	32.9
RG	E25F-1	2	1556741	2995291	1438551	125	61.4
RG	E25F-1	2	9434847	11364082	1929236	92	24.8
RG	E25F-1	2	13130413	16007576	2877164	169	24.7
RG	E25F-1	2	41399854	58962861	17563008	405	81.4
RG	E25F-1	2	166657461	167672704	1015244	91	37.6
RG	E27M-1	2	60959959	63770771	2810813	61	15.4
RG	E27M-1	2	96604008	116713692	20109685	389	89.6
RG	E27M-1	2	166821407	167672704	851298	62	15.2
RG	E28F-1	2	17053	2089992	2072940	143	67.1
RG	E28F-1	2	16438327	23386973	6948647	102	24.7
RG	E28F-1	2	25649252	31264262	5615011	102	17.1
RG	E28F-1	2	39337956	43558659	4220704	102	7.8
RG	E28F-1	2	127161093	152980235	25819143	456	72.7
RG	E28F-1	2	155422560	167620744	12198185	666	91.3
RG	E29M-1	2	127161093	152980235	25819143	511	76.2
RG	E29M-1	2	166597383	168032823	1435441	153	58.0
RG	E30M-1	2	8632209	11394095	2761887	119	12.8
RG	E30M-1	2	35542184	47774677	12232494	341	81.3
RG	E30M-1	2	64865598	67594609	2729012	178	70.1
RG	E30M-1	2	73341441	107796736	34455296	927	94.0
RG	E30M-1	2	151793655	157851912	6058258	249	67.3
RG	E30M-1	2	168549446	170746123	2196678	163	81.0
RG	E31M-2	2	17053	1048622	1031570	65	27.8
RG	E31M-2	2	28863548	38780496	9916949	302	75.1
RG	E31M-2	2	101569811	108154692	6584882	129	70.8
RG	E32M-1	2	1556741	3853204	2296464	208	69.8
RG	E32M-1	2	7902770	12268385	4365616	165	36.3
RG	E32M-1	2	39176473	43558659	4382187	109	10.4
RG	E32M-1	2	64865598	67594609	2729012	171	69.6
RG	E32M-1	2	73190084	107796736	34606653	900	93.7
RG	E32M-1	2	168584070	170746123	2162054	161	77.2
RG	E33M-1	2	120403067	136166395	15763329	323	53.2
RG	E34M-2A	2	9434847	29019411	19584565	575	87.2
RG	E34M-2A	2	35542184	43558659	8016476	229	67.4
RG	E34M-2A	2	60959959	63770771	2810813	67	24.9
RG	E34M-2A	2	108470032	115353832	6883801	141	59.3
RG	E35M-2A	2	22770566	28794220	6023655	107	15.7
RG	E35M-2A	2	104712936	112616710	7903775	152	56.7
RG	E35M-2A	2	122504780	144891947	22387168	498	90.0
RG	E36F-2A	2	17053	2089992	2072940	129	12.8
RG	E36F-2A	2	3686335	4771530	1085196	91	44.4
RG	E36F-2A	2	16438327	23330677	6892351	106	21.3
RG	E36F-2A	2	31207415	33528532	2321118	67	28.1
RG	E36F-2A	2	123611884	137960205	14348322	284	60.0
RG	E37F-1	2	17053	2089992	2072940	146	72.6
RG	E37F-1	2	15361766	155049323	139687558	3866	96.6
RG	E37F-1	2	166597383	167620744	1023362	103	33.5
RG	LAO01M-2A	2	17053	1255780	1238728	84	25.2
RG	LAO01M-2A	2	7133170	115950412	108817243	3150	96.7
RG	LAO01M-2A	2	153083529	158005397	4921869	210	62.1
RG	LAO01M-2A	2	168752754	170746123	1993370	147	83.6
RG	LAO03M-1	2	17053	1243537	1226485	83	11.1
RG	LAO03M-1	2	3263291	123614942	120351652	3658	98.1
RG	LAO03M-1	2	125806416	148497960	22691545	405	75.4
RG	LAO03M-1	2	149495219	153822153	4326935	136	15.5
RG	LAO03M-1	2	164711473	167883506	3172034	278	78.0
RG	LAO06M-2A	2	17053	1048622	1031570	69	7.1
RG	LAO06M-2A	2	3076463	16294646	13218184	696	86.5
RG	LAO06M-2A	2	104349629	113313844	8964216	164	67.4
RG	LAO06M-2A	2	149495219	154328611	4833393	152	17.7
RG	LAO06M-2A	2	157942279	167672704	9730426	598	90.7
RG	LAO06M-2A	2	168715574	170746123	2030550	152	83.2
RG	LO01F-1	2	12908595	28794220	15885626	399	75.1
RG	LO01F-1	2	127161093	148497960	21336868	382	70.5
RG	LO03M-1	2	7133170	10850984	3717815	136	42.9
RG	LO03M-1	2	16251503	36914014	20662512	449	83.2
RG	LO03M-1	2	87751655	89651939	1900285	90	11.1
RG	LO03M-1	2	119123782	122748307	3624526	212	78.1
RG	LO03M-1	2	127161093	151248001	24086909	442	69.6
RG	LO03M-1	2	162445204	167044312	4599109	360	87.3
RG	LO04M-1	2	17053	1048622	1031570	69	10.5
RG	LO04M-1	2	6448794	36509984	30061191	898	91.8
RG	LO04M-1	2	101402943	113313844	11910902	221	76.8
RG	LO04M-1	2	153083529	158005397	4921869	209	56.1
RG	LO04M-1	2	167571739	170746123	3174385	263	85.3
RG	OF289-2	2	101569811	113313844	11744034	206	76.1
RG	OF289-2	2	123639699	148497960	24858262	474	74.8
RG	OF289-2	2	164711473	167672704	2961232	255	78.4
RG	OF304-1A	2	64181873	73537967	9356095	422	85.4
RG	OF304-1A	2	80679257	82814493	2135237	79	20.1
RG	OF304-1A	2	116857706	122191058	5333353	239	65.9
RG	OF304-1A	2	149171350	154328611	5157262	160	27.3
RG	OF304-1A	2	157942279	163544205	5601927	277	78.7
RG	OF304-1A	2	164711473	167883506	3172034	285	77.6
RG	OM258-2	2	24258	3811780	3787523	262	81.0
RG	OM258-2	2	76736861	82814493	6077633	177	67.0
RG	OM258-2	2	149058115	153792567	4734453	125	8.8
RG	OM258-2	2	165329358	170746123	5416766	390	92.5
RG	OM270-2	2	24258	1255780	1231523	82	21.1
RG	OM270-2	2	7133170	53422023	46288854	1259	94.1
RG	OM270-2	2	153083529	158005397	4921869	204	57.8
RG	OM274-3B	2	24258	6906783	6882526	505	90.9
RG	OM274-3B	2	15687951	29606855	13918905	250	60.8
RG	OM274-3B	2	30385371	34496131	4110761	127	25.1
RG	OM274-3B	2	101569811	113313844	11744034	208	72.0
RG	OM274-3B	2	115768120	120027687	4259568	191	79.8
RG	OM276-1	2	707000	3076463	2369464	202	67.4
RG	OM276-1	2	7133170	11664441	4531272	157	49.9
RG	OM276-1	2	12362569	15631261	3268693	194	30.3
RG	OM276-1	2	116857706	119968193	3110488	131	50.9
RG	OM276-1	2	149058115	154126287	5068173	161	29.0
RG	OM276-1	2	160660311	163609245	2948935	193	75.3
RG	OM279-1	2	14241222	29489710	15248489	313	68.4
RG	OM279-1	2	30248035	34470340	4222306	119	13.3
RG	OM279-1	2	63280672	76707261	13426590	566	89.1
RG	OM279-1	2	118338252	122428842	4090591	219	66.7
RG	OM279-1	2	149495219	153822153	4326935	123	5.4
RG	OM279-1	2	154911701	160566706	5655006	206	59.6
RG	OM283-2	2	17053	1621338	1604286	113	53.2
RG	OM283-2	2	4303697	6156883	1853187	105	8.7
RG	OM283-2	2	30248035	34557616	4309582	129	19.8
RG	OM283-2	2	76736861	82810290	6073430	214	70.6
RG	OM283-2	2	104349629	113313844	8964216	162	59.5
RG	OM283-2	2	119000719	122408775	3408057	189	55.9
RG	OM283-2	2	148294882	154321652	6026771	189	38.9
RG	OM283-2	2	157942279	161276765	3334487	119	43.8
RG	OM290-2	2	16251503	29606855	13355353	214	54.9
RG	OM290-2	2	30248035	34557616	4309582	127	20.7
RG	OM290-2	2	120213858	122408775	2194918	123	17.4
RG	OM290-2	2	154978863	160566706	5587844	220	67.3
RG	OM292-2	2	14241222	35799032	21557811	497	81.9
RG	OM292-2	2	51329090	63088581	11759492	230	79.1
RG	OM292-2	2	120250202	142112867	21862666	504	73.2
RG	OM292-2	2	149058115	153792567	4734453	137	21.0
RG	OM292-2	2	154819874	160566706	5746833	214	61.7
RG	OM301-1A	2	605103	4037992	3432890	310	72.7
RG	OM301-1A	2	80679257	84252831	3573575	122	65.8
RG	OM301-1A	2	153110227	158005397	4895171	202	59.0
RG	OM318-2	2	10138315	11664441	1526127	66	48.3
RG	OM318-2	2	30248035	34282415	4034381	115	9.1
RG	OM318-2	2	101569811	113313844	11744034	213	74.9
RG	OM318-2	2	157942279	161276765	3334487	116	41.3
RG	OM331-1A	2	37720495	43558659	5838165	147	47.1
RG	OM331-1A	2	58582394	65051201	6468808	205	84.1
RG	OM331-1A	2	146532288	165011149	18478862	650	85.1
RG	Y22F-1	2	7133170	12268385	5135216	162	47.3
RG	Y22F-1	2	13404483	25263457	11858975	270	78.0
RG	Y22F-1	2	148294882	149370832	1075951	29	23.1
RG	Y27M-1	2	9434847	16219902	6785056	372	78.2
RG	Y27M-1	2	37720495	43558659	5838165	172	10.9
RG	Y27M-1	2	135247073	149887708	14640636	278	27.1
RG	Y28M-1	2	17053	837903	820851	53	42.9
RG	Y28M-1	2	5653266	11655388	6002123	237	79.3
RG	Y28M-1	2	16438327	23621482	7183156	122	26.9
RG	Y28M-1	2	36497636	43558659	7061024	181	45.8
RG	Y28M-1	2	102518509	127359351	24840843	799	90.8
RG	Y28M-1	2	156253239	157851912	1598674	79	35.4
RG	Y29F-1	2	5389900	80972128	75582229	2115	95.2
RG	Y29F-1	2	127161093	146800335	19639243	300	57.5
RG	Y29F-1	2	161361361	163655506	2294146	160	72.7
RG	Y29F-1	2	168315946	170746123	2430178	174	80.2
RG	Y30F-1	2	8032225	29261233	21229009	616	84.1
RG	Y30F-1	2	81283648	86790433	5506786	171	71.8
RG	Y30F-1	2	127161093	151248001	24086909	462	72.7
RG	Y31F-1	2	9434847	16294646	6859800	355	77.9
RG	Y31F-1	2	127172413	151870687	24698275	447	70.3
RG	Y31F-1	2	164877701	170746123	5868423	478	92.3
RG	Y32F-1	2	16438327	24996827	8558501	134	55.2
RG	Y32F-1	2	85727793	89651939	3924147	138	39.0
RG	E10F-1	3	13043636	24319031	11275396	547	89.8
RG	E10F-1	3	80344336	95108516	14764181	292	77.5
RG	E10F-1	3	117742622	122582660	4840039	168	68.3
RG	E13M-1	3	45156725	54185685	9028961	170	63.7
RG	E13M-1	3	88892553	104469144	15576592	429	80.8
RG	E13M-1	3	130541356	132387016	1845661	129	41.8
RG	E14F-1	3	10121920	12401927	2280008	164	69.4
RG	E14F-1	3	20373046	125746645	105373600	3144	97.4
RG	E14F-1	3	135382173	138923578	3541406	210	68.0
RG	E18F-1	3	71478919	73417045	1938127	66	20.1
RG	E18F-1	3	85689961	91853407	6163447	112	61.1
RG	E18F-1	3	117660132	127873489	10213358	336	75.5
RG	E19M-2A	3	13136900	19379377	6242478	270	79.4
RG	E19M-2A	3	35152387	42043426	6891040	232	82.5
RG	E19M-2A	3	106781672	114117836	7336165	148	79.0
RG	E24M-1	3	60093	4160218	4100126	306	86.3
RG	E24M-1	3	6649318	13246104	6596787	473	87.2
RG	E24M-1	3	75129781	84658553	9528773	224	75.5
RG	E24M-1	3	92280872	102295473	10014602	291	78.6
RG	E24M-1	3	105366461	124605024	19238564	489	90.8
RG	E25F-1	3	14967047	19457633	4490587	161	56.3
RG	E27M-1	3	5776725	12401927	6625203	416	88.5
RG	E28F-1	3	1278299	2514085	1235787	92	41.5
RG	E28F-1	3	22520500	29054869	6534370	248	73.4
RG	E29M-1	3	21955132	29054869	7099738	303	73.8
RG	E29M-1	3	135948736	140503835	4555100	261	84.5
RG	E30M-1	3	60093	2075954	2015862	122	59.7
RG	E30M-1	3	8933315	12094052	3160738	247	79.8
RG	E30M-1	3	14967047	19824933	4857887	189	70.2
RG	E30M-1	3	132944524	136719897	3775374	252	79.2
RG	E31M-2	3	60093	6191475	6131383	466	91.0
RG	E31M-2	3	6649318	12401927	5752610	409	86.2
RG	E31M-2	3	26966230	35355347	8389118	379	83.0
RG	E31M-2	3	44171040	58672424	14501385	436	86.1
RG	E31M-2	3	105366461	122374174	17007714	436	91.6
RG	E31M-2	3	130651707	134396271	3744565	310	82.0
RG	E31M-2	3	138078414	140503835	2425422	146	74.1
RG	E32M-1	3	2524340	4507101	1982762	159	60.6
RG	E32M-1	3	128157779	129152005	994227	124	68.2
RG	E32M-1	3	132944524	134396271	1451748	106	13.8
RG	E32M-1	3	137473483	140503835	3030353	168	86.1
RG	E33M-1	3	54904699	57950973	3046275	129	40.5
RG	E33M-1	3	95345288	103622813	8277526	229	66.1
RG	E34M-2A	3	60093	4507101	4447009	317	85.2
RG	E34M-2A	3	20403194	26584511	6181318	270	80.0
RG	E34M-2A	3	43425990	56905081	13479092	417	87.5
RG	E34M-2A	3	87703412	102364269	14660858	363	88.3
RG	E34M-2A	3	122027273	127282053	5254781	158	65.4
RG	E34M-2A	3	132954252	135513064	2558813	186	74.6
RG	E35M-2A	3	1346915	4875128	3528214	285	82.2
RG	E35M-2A	3	5945499	8818635	2873137	175	62.2
RG	E35M-2A	3	124795310	128167632	3372323	134	44.6
RG	E36F-2A	3	14967047	19824933	4857887	188	68.1
RG	E36F-2A	3	95345288	103622813	8277526	280	71.7
RG	E37F-1	3	14379322	21542489	7163168	373	80.1
RG	E37F-1	3	44648208	135259437	90611230	2742	97.1
RG	LAO01M-2A	3	60093	7592747	7532655	543	91.2
RG	LAO01M-2A	3	9703212	12038787	2335576	183	70.6
RG	LAO01M-2A	3	21614004	23304219	1690216	72	27.1
RG	LAO01M-2A	3	67668566	116743510	49074945	1162	87.4
RG	LAO01M-2A	3	127829553	137762291	9932739	760	92.4
RG	LAO03M-1	3	60093	6872588	6812496	499	91.6
RG	LAO03M-1	3	9691781	20426887	10735107	584	89.1
RG	LAO03M-1	3	28356211	70252023	41895813	1285	94.0
RG	LAO03M-1	3	104831859	125108235	20276377	503	87.4
RG	LAO03M-1	3	131092869	132621340	1528472	127	53.7
RG	LAO06M-2A	3	60093	7020196	6960104	516	93.5
RG	LAO06M-2A	3	37409755	42804732	5394978	206	69.5
RG	LAO06M-2A	3	104831859	110952412	6120554	140	49.0
RG	LAO06M-2A	3	127408638	132363103	4954466	385	86.9
RG	LAO06M-2A	3	134870607	136894042	2023436	124	71.4
RG	LO01F-1	3	10304583	12744977	2440395	161	78.5
RG	LO01F-1	3	65454925	69958296	4503372	92	7.0
RG	LO01F-1	3	85689961	96174773	10484813	219	68.0
RG	LO01F-1	3	117660132	123842020	6181889	195	55.0
RG	LO01F-1	3	137078608	140503835	3425228	201	78.9
RG	LO03M-1	3	2129984	3721912	1591929	148	64.6
RG	LO03M-1	3	5696961	6775190	1078230	83	14.7
RG	LO03M-1	3	13853482	20385753	6532272	297	77.5
RG	LO03M-1	3	69910175	85550696	15640522	350	73.7
RG	LO03M-1	3	117090998	131283558	14192561	616	87.5
RG	LO04M-1	3	60093	1469260	1409168	80	71.6
RG	LO04M-1	3	13851926	19459051	5607126	234	67.0
RG	LO04M-1	3	20459020	31096920	10637901	509	88.0
RG	LO04M-1	3	61643749	72207586	10563838	233	62.0
RG	LO04M-1	3	78830751	110952412	32121662	786	85.3
RG	LO04M-1	3	136938578	140503835	3565258	204	86.4
RG	OF289-2	3	13851926	19459051	5607126	220	67.0
RG	OF289-2	3	28356211	31096920	2740710	153	69.8
RG	OF289-2	3	61643749	72532898	10889150	242	65.6
RG	OF289-2	3	78830751	110952412	32121662	774	84.2
RG	OF304-1A	3	21614004	23304219	1690216	68	24.4
RG	OF304-1A	3	104831859	116743510	11911652	247	65.0
RG	OM258-2	3	1232836	2342198	1109363	68	7.8
RG	OM258-2	3	133153339	138923578	5770240	291	73.1
RG	OM270-2	3	3907372	6872588	2965217	217	66.6
RG	OM270-2	3	9691781	20462055	10770275	583	88.7
RG	OM270-2	3	28356211	61538685	33182475	1099	94.6
RG	OM270-2	3	104831859	116743510	11911652	233	65.6
RG	OM270-2	3	131092869	132621340	1528472	121	42.7
RG	OM274-3B	3	95460	2466036	2370577	135	76.3
RG	OM274-3B	3	37409755	43192450	5782696	226	70.6
RG	OM274-3B	3	61107774	64781877	3674104	95	44.5
RG	OM274-3B	3	104831859	116743510	11911652	248	67.2
RG	OM274-3B	3	128197499	131796132	3598634	291	80.6
RG	OM274-3B	3	136788602	138922242	2133641	127	54.2
RG	OM276-1	3	73514222	87537359	14023138	315	82.8
RG	OM276-1	3	102757413	124266320	21508908	577	90.9
RG	OM279-1	3	47585473	55407146	7821674	182	61.4
RG	OM279-1	3	56695818	65964140	9268323	233	64.0
RG	OM279-1	3	83123600	87537359	4413760	82	22.1
RG	OM283-2	3	60093	2438033	2377941	138	66.3
RG	OM283-2	3	31797019	72532898	40735880	1161	93.5
RG	OM283-2	3	135289782	138923578	3633797	219	78.6
RG	OM290-2	3	3515070	8437964	4922895	324	78.2
RG	OM290-2	3	19926626	55447156	35520531	1244	93.5
RG	OM290-2	3	83123600	87537359	4413760	92	34.5
RG	OM290-2	3	117182748	124630554	7447807	240	78.8
RG	OM290-2	3	136788602	138922242	2133641	122	45.8
RG	OM290-2	3	139913311	140503835	590525	31	6.5
RG	OM292-2	3	19926626	55407146	35480521	1216	94.0
RG	OM292-2	3	73514222	96174773	22660552	434	84.2
RG	OM292-2	3	102212961	116743510	14530550	343	72.7
RG	OM292-2	3	132926974	138923578	5996605	353	87.0
RG	OM292-2	3	139913311	140503835	590525	30	6.2
RG	OM301-1A	3	9691781	20223345	10531565	556	88.8
RG	OM301-1A	3	44831313	58561465	13730153	400	87.8
RG	OM301-1A	3	131092869	132131793	1038925	84	24.2
RG	OM301-1A	3	136788602	138922242	2133641	120	48.9
RG	OM318-2	3	1219617	2482760	1263144	91	23.9
RG	OM318-2	3	37409755	47253753	9843999	335	81.4
RG	OM318-2	3	76421459	86835561	10414103	235	82.8
RG	OM318-2	3	104831859	118850084	14018226	301	71.4
RG	OM331-1A	3	13043636	14673943	1630308	97	19.8
RG	OM331-1A	3	14967047	19575453	4608407	142	38.6
RG	OM331-1A	3	58228761	95041774	36813014	682	92.5
RG	OM331-1A	3	113575813	119907396	6331584	174	73.4
RG	Y22F-1	3	135948736	140503835	4555100	226	80.7
RG	Y27M-1	3	13043636	19459051	6415416	289	70.0
RG	Y27M-1	3	58820956	71108158	12287203	288	65.1
RG	Y27M-1	3	120075221	126879855	6804635	206	51.7
RG	Y28M-1	3	27755282	95108516	67353235	1900	96.4
RG	Y28M-1	3	113575813	117132863	3557051	78	34.7
RG	Y29F-1	3	19575453	26812859	7237407	312	82.1
RG	Y29F-1	3	37602825	42043426	4440602	147	62.6
RG	Y29F-1	3	118233538	129371347	11137810	417	78.2
RG	Y29F-1	3	137473483	138869384	1395902	74	18.0
RG	Y30F-1	3	11089806	12401927	1312122	81	27.2
RG	Y30F-1	3	28887944	35355347	6467404	257	76.1
RG	Y30F-1	3	44171040	62834940	18663901	555	86.0
RG	Y30F-1	3	135058736	137447143	2388408	151	59.1
RG	Y30F-1	3	138909885	140503835	1593951	93	46.5
RG	Y31F-1	3	13043636	19459051	6415416	274	75.4
RG	Y31F-1	3	75980077	84658553	8678477	194	62.4
RG	Y31F-1	3	101415964	126848451	25432488	713	91.0
RG	Y31F-1	3	138909885	140503835	1593951	87	43.0
RG	Y32F-1	3	60093	2342198	2282106	136	76.4
RG	Y32F-1	3	45156725	54185685	9028961	180	59.2
RG	Y32F-1	3	77166193	100646340	23480148	526	88.7
RG	Y32F-1	3	105808792	123842020	18033229	460	85.9
RG	Y32F-1	3	132944524	134396271	1451748	119	25.5
RG	E10F-1	4	410896	6609094	6198199	277	80.2
RG	E10F-1	4	13070572	18606110	5535539	315	84.6
RG	E10F-1	4	93052754	141715787	48663034	1477	94.7
RG	E10F-1	4	155917545	162511334	6593790	186	68.0
RG	E13M-1	4	1560894	9906826	8345933	384	88.4
RG	E13M-1	4	33690777	50865336	17174560	447	85.3
RG	E13M-1	4	89662051	104044345	14382295	428	87.1
RG	E13M-1	4	166340416	185096329	18755914	653	88.5
RG	E13M-1	4	187170214	194767915	7597702	167	46.7
RG	E13M-1	4	203383968	206516696	3132729	206	64.8
RG	E14F-1	4	410896	2077499	1666604	87	61.6
RG	E14F-1	4	3467555	5514009	2046455	64	3.7
RG	E14F-1	4	6870996	21807128	14936133	651	88.4
RG	E14F-1	4	31438057	55529501	24091445	805	93.9
RG	E14F-1	4	58845941	120662870	61816930	1851	95.4
RG	E14F-1	4	124022202	126993155	2970954	105	36.3
RG	E14F-1	4	142289094	187562427	45273334	1478	93.5
RG	E14F-1	4	193380854	196675565	3294712	104	56.8
RG	E18F-1	4	189571845	202250805	12678961	366	86.3
RG	E19M-2A	4	129609222	134803067	5193846	130	42.3
RG	E19M-2A	4	170902617	187128262	16225646	559	80.4
RG	E19M-2A	4	206366399	207193806	827408	52	13.9
RG	E24M-1	4	11454645	14059126	2604482	89	23.9
RG	E24M-1	4	21798663	25804022	4005360	123	53.9
RG	E24M-1	4	32107895	33191713	1083819	112	42.6
RG	E24M-1	4	61097049	67586852	6489804	197	69.8
RG	E24M-1	4	123186729	134803067	11616339	365	83.6
RG	E24M-1	4	166340416	172644303	6303888	252	75.8
RG	E24M-1	4	183315142	187221411	3906270	153	67.8
RG	E24M-1	4	199941025	203024906	3083882	171	66.5
RG	E25F-1	4	6870996	14059126	7188131	252	73.4
RG	E25F-1	4	127450599	134221760	6771162	177	64.0
RG	E25F-1	4	139037240	147355459	8318220	276	77.0
RG	E25F-1	4	166340416	172644303	6303888	230	72.2
RG	E25F-1	4	181766848	185096329	3329482	109	23.1
RG	E25F-1	4	186002401	195279992	9277592	230	48.9
RG	E25F-1	4	203383968	207193806	3809839	236	84.1
RG	E27M-1	4	2025264	3274378	1249115	82	34.3
RG	E27M-1	4	14212712	15506851	1294140	84	20.4
RG	E27M-1	4	84517501	86080037	1562537	52	10.8
RG	E27M-1	4	130711769	140535963	9824195	267	81.7
RG	E27M-1	4	188016412	199817140	11800729	242	45.7
RG	E28F-1	4	475082	3359082	2884001	151	77.2
RG	E28F-1	4	8381397	12860788	4479392	131	38.2
RG	E29M-1	4	410896	3532560	3121665	176	79.1
RG	E29M-1	4	8277178	13605723	5328546	175	54.9
RG	E29M-1	4	33980133	54451110	20470978	540	88.9
RG	E29M-1	4	202655948	207193806	4537859	318	86.5
RG	E30M-1	4	3467555	14259064	10791510	411	83.6
RG	E31M-2	4	2025264	3274378	1249115	89	43.8
RG	E31M-2	4	12660284	14059126	1398843	57	10.0
RG	E31M-2	4	21807128	31732294	9925167	353	87.1
RG	E31M-2	4	65365306	81451466	16086161	447	84.7
RG	E31M-2	4	97665448	121987336	24321889	728	93.4
RG	E31M-2	4	138500094	156750305	18250212	505	91.1
RG	E31M-2	4	185147061	194090758	8943698	235	61.6
RG	E31M-2	4	199390702	203296300	3905599	191	63.7
RG	E32M-1	4	6870996	18606110	11735115	527	89.2
RG	E32M-1	4	128376947	132316552	3939606	102	61.0
RG	E32M-1	4	153796702	156800859	3004158	77	28.8
RG	E32M-1	4	195375461	202105963	6730503	223	57.0
RG	E32M-1	4	203113587	204441580	1327994	110	68.0
RG	E33M-1	4	197361332	202667325	5305994	191	66.9
RG	E34M-2A	4	475082	1562056	1086975	49	19.8
RG	E34M-2A	4	108574442	122267480	13693039	430	84.6
RG	E34M-2A	4	139076679	147355459	8278781	296	78.8
RG	E34M-2A	4	166340416	172644303	6303888	250	74.7
RG	E34M-2A	4	181766848	185096329	3329482	115	39.6
RG	E34M-2A	4	202037772	207193806	5156035	358	86.3
RG	E35M-2A	4	7148422	9821001	2672580	125	48.0
RG	E35M-2A	4	56701490	59580201	2878712	98	5.1
RG	E35M-2A	4	108275214	127941026	19665813	637	88.8
RG	E35M-2A	4	140712896	143882217	3169322	87	6.9
RG	E35M-2A	4	173244422	178541604	5297183	193	77.2
RG	E35M-2A	4	189571845	198172933	8601089	206	47.6
RG	E36F-2A	4	6450481	9091122	2640642	126	78.9
RG	E36F-2A	4	30669300	32315943	1646644	112	63.5
RG	E36F-2A	4	79039178	120541959	41502782	1199	96.6
RG	E36F-2A	4	164207829	189188231	24980403	842	93.6
RG	E36F-2A	4	197361332	202667325	5305994	189	67.9
RG	E37F-1	4	13314356	50298206	36983851	1381	95.3
RG	LAO01M-2A	4	24844317	27369157	2524841	96	18.5
RG	LAO01M-2A	4	34039784	55873830	21834047	607	90.8
RG	LAO01M-2A	4	121080946	207193806	86112861	2932	98.2
RG	LAO03M-1	4	17263684	79310274	62046591	1979	96.8
RG	LAO03M-1	4	100977757	167160531	66182775	1959	96.0
RG	LAO03M-1	4	178646566	185230154	6583589	186	62.3
RG	LAO03M-1	4	188909940	207193806	18283867	679	90.4
RG	LAO06M-2A	4	410896	7741593	7330698	325	82.4
RG	LAO06M-2A	4	17860435	58254840	40394406	1357	94.3
RG	LAO06M-2A	4	122395046	167410048	45015003	1380	92.0
RG	LAO06M-2A	4	179777554	188722331	8944778	324	75.9
RG	LAO06M-2A	4	204251988	207193806	2941819	185	87.9
RG	LO01F-1	4	7549694	10773994	3224301	142	50.1
RG	LO03M-1	4	1971423	6609094	4637672	200	56.9
RG	LO03M-1	4	13028525	15876257	2847733	167	62.3
RG	LO03M-1	4	56701490	73543453	16841964	507	84.3
RG	LO03M-1	4	128376947	134061151	5684205	153	64.4
RG	LO03M-1	4	194348870	202376618	8027749	279	64.3
RG	LO03M-1	4	203168181	203779438	611258	54	11.7
RG	LO04M-1	4	410896	7741593	7330698	318	74.7
RG	LO04M-1	4	102373664	121033169	18659506	543	85.0
RG	LO04M-1	4	170658457	174780547	4122091	137	55.8
RG	LO04M-1	4	179777554	185230154	5452601	177	58.3
RG	OF289-2	4	4099555	7741593	3642039	132	16.6
RG	OF289-2	4	164470068	167410048	2939981	111	9.2
RG	OF289-2	4	179777554	188722331	8944778	307	76.9
RG	OF289-2	4	199152622	202632275	3479654	159	45.6
RG	OF304-1A	4	17860435	23231518	5371084	183	73.7
RG	OF304-1A	4	75203880	88655493	13451614	375	79.4
RG	OF304-1A	4	164470068	170054254	5584187	205	64.6
RG	OF304-1A	4	179777554	188722331	8944778	318	78.7
RG	OM258-2	4	2593753	6609094	4015342	133	36.4
RG	OM258-2	4	8060398	12236206	4175809	117	43.8
RG	OM258-2	4	14565822	16968518	2402697	127	52.8
RG	OM258-2	4	32983375	44153465	11170091	286	79.8
RG	OM258-2	4	179199779	185230154	6030376	164	53.5
RG	OM258-2	4	191145319	199281720	8136402	192	81.7
RG	OM258-2	4	203646028	204545511	899484	64	30.1
RG	OM270-2	4	410896	3943429	3532534	176	78.4
RG	OM270-2	4	7797909	11256061	3458153	142	62.7
RG	OM270-2	4	24844317	27369157	2524841	93	25.0
RG	OM270-2	4	34039784	55873830	21834047	576	90.6
RG	OM270-2	4	121080946	167160531	46079586	1346	94.1
RG	OM270-2	4	178646566	185096329	6449764	182	62.9
RG	OM270-2	4	202131920	206342777	4210858	307	73.8
RG	OM274-3B	4	410896	14059126	13648231	561	91.4
RG	OM274-3B	4	33219209	44153465	10934257	320	76.2
RG	OM274-3B	4	148676168	163662079	14985912	375	81.6
RG	OM274-3B	4	196107669	199030216	2922548	79	27.3
RG	OM274-3B	4	202234319	206342777	4108459	295	76.0
RG	OM276-1	4	410896	2384278	1973383	109	72.0
RG	OM276-1	4	14783580	24732197	9948618	384	81.1
RG	OM276-1	4	32832856	45713300	12880445	362	81.3
RG	OM276-1	4	124022202	135213231	11191030	336	82.9
RG	OM276-1	4	206027801	207193806	1166006	79	45.6
RG	OM279-1	4	14258617	24732197	10473581	412	78.5
RG	OM279-1	4	32832856	46333326	13500471	360	76.0
RG	OM279-1	4	172094576	186771757	14677182	466	84.5
RG	OM283-2	4	2593376	6609094	4015719	151	47.8
RG	OM283-2	4	8507508	23325272	14817765	593	90.9
RG	OM283-2	4	47426558	54729604	7303047	231	75.3
RG	OM283-2	4	73674431	168434729	94760299	2809	97.1
RG	OM283-2	4	178646566	185230154	6583589	187	71.0
RG	OM283-2	4	193766938	199030216	5263279	153	62.2
RG	OM290-2	4	16985035	32532070	15547036	550	88.0
RG	OM290-2	4	146543313	154338789	7795477	173	56.5
RG	OM290-2	4	179680812	185681117	6000306	187	69.7
RG	OM292-2	4	2025264	7712661	5687398	219	61.5
RG	OM292-2	4	16985035	32521886	15536852	521	87.8
RG	OM292-2	4	67917314	75404299	7486986	216	71.8
RG	OM292-2	4	90866167	106372820	15506654	405	85.4
RG	OM292-2	4	138396588	154338789	15942202	409	82.3
RG	OM292-2	4	179199779	186771757	7571979	241	70.0
RG	OM301-1A	4	410896	2324759	1913864	97	15.6
RG	OM301-1A	4	7797909	11454645	3656737	147	56.9
RG	OM301-1A	4	16985035	24519990	7534956	245	78.2
RG	OM301-1A	4	31536034	33220683	1684650	153	65.0
RG	OM301-1A	4	35679813	44153465	8473653	157	51.5
RG	OM301-1A	4	75203880	88813528	13609649	375	82.1
RG	OM318-2	4	185274211	199030216	13756006	353	86.6
RG	OM318-2	4	199390702	203116979	3726278	187	63.8
RG	OM318-2	4	204601815	206231488	1629674	96	22.6
RG	OM331-1A	4	410896	6609094	6198199	215	62.5
RG	OM331-1A	4	33980133	54451110	20470978	468	86.5
RG	OM331-1A	4	188016412	198172933	10156522	199	20.9
RG	OM331-1A	4	202788723	204441580	1652858	127	74.9
RG	Y22F-1	4	410896	3274378	2863483	149	89.7
RG	Y22F-1	4	15876257	33070781	17194525	616	92.3
RG	Y22F-1	4	165194870	168255512	3060643	101	20.0
RG	Y22F-1	4	172781861	187496436	14714576	419	85.0
RG	Y22F-1	4	194915597	202376618	7461022	206	56.5
RG	Y27M-1	4	410896	12980213	12569318	519	91.0
RG	Y27M-1	4	33980133	54451110	20470978	548	86.1
RG	Y27M-1	4	198350010	202376618	4026609	165	51.0
RG	Y28M-1	4	410896	3093702	2682807	160	77.9
RG	Y28M-1	4	4824332	12980213	8155882	307	76.4
RG	Y28M-1	4	45201458	73543453	28341996	890	93.1
RG	Y28M-1	4	120541959	130241582	9699624	344	86.6
RG	Y28M-1	4	134302118	165024793	30722676	923	92.5
RG	Y28M-1	4	187034854	200534816	13499963	337	79.3
RG	Y28M-1	4	203383968	204565752	1181785	93	16.0
RG	Y29F-1	4	410896	1771516	1360621	61	41.1
RG	Y29F-1	4	128798560	132316552	3517993	85	52.6
RG	Y29F-1	4	154089863	165673930	11584068	334	79.6
RG	Y29F-1	4	186595381	193222369	6626989	148	72.9
RG	Y29F-1	4	202788723	207193806	4405084	280	84.3
RG	Y30F-1	4	2398991	3359082	960092	62	19.9
RG	Y30F-1	4	4824332	31214016	26389685	1031	94.4
RG	Y30F-1	4	203383968	207193806	3809839	248	82.5
RG	Y31F-1	4	130439270	143458144	13018875	385	84.5
RG	Y31F-1	4	166500718	171218437	4717720	181	71.7
RG	Y31F-1	4	200995549	204565752	3570204	249	77.9
RG	Y32F-1	4	410896	1784349	1373454	62	38.4
RG	Y32F-1	4	2398991	3359082	960092	62	21.7
RG	Y32F-1	4	8507508	13605723	5098216	161	48.0
RG	Y32F-1	4	64040604	74289564	10248961	318	85.8
RG	Y32F-1	4	128026313	134061151	6034839	166	61.6
RG	Y32F-1	4	202052568	204626950	2574383	199	59.6
RG	E10F-1	5	15584154	17039582	1455429	161	75.9
RG	E10F-1	5	36658408	41242740	4584333	158	65.0
RG	E10F-1	5	44759069	124126830	79367762	1918	95.9
RG	E10F-1	5	136749393	138373936	1624544	126	61.1
RG	E10F-1	5	151754573	153179063	1424491	178	61.5
RG	E13M-1	5	4154792	7702990	3548199	233	71.4
RG	E13M-1	5	14122063	15906478	1784416	110	15.6
RG	E13M-1	5	108590294	114448231	5857938	154	54.1
RG	E13M-1	5	142920906	147145905	4225000	244	62.7
RG	E14F-1	5	1230013	4243461	3013449	130	45.1
RG	E14F-1	5	5220765	13396309	8175545	397	79.5
RG	E14F-1	5	20553267	99806523	79253257	1918	96.8
RG	E14F-1	5	106866621	110680103	3813483	120	34.7
RG	E14F-1	5	119432684	124266567	4833884	218	78.6
RG	E14F-1	5	133669967	138139439	4469473	250	86.1
RG	E18F-1	5	12108676	14189117	2080442	115	15.7
RG	E18F-1	5	45080379	52704682	7624304	221	63.7
RG	E18F-1	5	123302672	132454082	9151411	422	89.3
RG	E19M-2A	5	1230013	12126170	10896158	513	84.7
RG	E19M-2A	5	16053944	16708507	654564	62	15.5
RG	E19M-2A	5	47225705	83327270	36101566	699	94.5
RG	E24M-1	5	1230013	4921796	3691784	182	64.3
RG	E24M-1	5	107245480	113525005	6279526	169	27.2
RG	E24M-1	5	128389883	138139439	9749557	425	85.6
RG	E24M-1	5	151849367	154511383	2662017	262	76.2
RG	E25F-1	5	18372142	42189036	23816895	696	85.3
RG	E25F-1	5	86467499	105211557	18744059	399	79.2
RG	E25F-1	5	135073181	136586731	1513551	90	38.7
RG	E25F-1	5	152165200	153644540	1479341	159	72.4
RG	E27M-1	5	91966920	107790286	15823367	352	76.5
RG	E28F-1	5	36658408	44713668	8055261	293	85.7
RG	E28F-1	5	84770587	103489784	18719198	377	77.9
RG	E28F-1	5	138999149	151668715	12669567	749	89.3
RG	E29M-1	5	84669161	103508337	18839177	406	77.0
RG	E29M-1	5	122897800	127415056	4517257	233	76.5
RG	E29M-1	5	153209482	154885742	1676261	108	76.6
RG	E30M-1	5	13781522	15548698	1767177	100	22.2
RG	E30M-1	5	16114345	23090530	6976186	317	77.6
RG	E30M-1	5	76716843	84453118	7736276	143	58.1
RG	E30M-1	5	85607220	91600239	5993020	128	24.1
RG	E30M-1	5	111276303	116214789	4938487	157	62.5
RG	E30M-1	5	152126794	153420282	1293489	153	59.5
RG	E31M-2	5	2278024	4921796	2643773	136	51.0
RG	E31M-2	5	38812997	41041324	2228328	80	46.1
RG	E31M-2	5	77961220	84508066	6546847	125	70.1
RG	E31M-2	5	105278784	113525005	8246222	242	59.0
RG	E31M-2	5	123736705	126441675	2704971	129	72.1
RG	E32M-1	5	1478601	3567307	2088707	91	52.7
RG	E32M-1	5	91692041	103508337	11816297	239	66.3
RG	E33M-1	5	1295445	3567307	2271863	93	81.7
RG	E33M-1	5	84750158	103895630	19145473	338	58.4
RG	E33M-1	5	127960247	132454082	4493836	134	53.8
RG	E33M-1	5	149223352	151677158	2453807	173	55.6
RG	E34M-2A	5	10505356	16697418	6192063	399	90.0
RG	E34M-2A	5	122933088	124350025	1416938	94	46.3
RG	E34M-2A	5	128972866	132794834	3821969	130	43.2
RG	E34M-2A	5	135073181	137376366	2303186	157	72.9
RG	E35M-2A	5	47906366	70347212	22440847	467	82.9
RG	E35M-2A	5	86587736	104890559	18302824	411	78.4
RG	E36F-2A	5	15584154	17230212	1646059	158	60.0
RG	E36F-2A	5	54759579	84621187	29861609	570	89.6
RG	E36F-2A	5	127781897	137918639	10136743	423	87.1
RG	E36F-2A	5	149016560	151677158	2660599	218	60.8
RG	E37F-1	5	1230013	3567307	2337295	110	84.9
RG	E37F-1	5	7658471	44620519	36962049	1436	95.4
RG	E37F-1	5	84750158	103895630	19145473	423	74.7
RG	E37F-1	5	127781897	132454082	4672186	185	70.1
RG	E37F-1	5	134710268	138027926	3317659	222	75.9
RG	E37F-1	5	138999149	151677158	12678010	783	89.7
RG	LAO01M-2A	5	1230013	3081962	1851950	90	63.4
RG	LAO01M-2A	5	109181446	136354931	27173486	1019	92.8
RG	LAO01M-2A	5	137807362	138935782	1128421	82	10.2
RG	LAO03M-1	5	1230013	4169317	2939305	121	79.9
RG	LAO03M-1	5	6130740	9239845	3109106	107	48.2
RG	LAO03M-1	5	16296826	41928434	25631609	841	93.6
RG	LAO03M-1	5	46777410	50865775	4088366	120	30.6
RG	LAO03M-1	5	127289320	136903751	9614432	406	89.1
RG	LAO03M-1	5	147089364	154351167	7261804	587	90.4
RG	LAO06M-2A	5	42838965	46846073	4007109	130	38.5
RG	LAO06M-2A	5	92621025	104620887	11999863	263	71.3
RG	LAO06M-2A	5	119432684	127255503	7822820	346	80.1
RG	LAO06M-2A	5	136631478	139070855	2439378	176	72.1
RG	LAO06M-2A	5	153056619	154351167	1294549	96	26.8
RG	LO01F-1	5	20094882	40804831	20709950	612	91.0
RG	LO01F-1	5	41987526	44330435	2342910	89	15.6
RG	LO01F-1	5	54882561	68314656	13432096	281	75.8
RG	LO03M-1	5	86334635	104890559	18555925	405	81.4
RG	LO03M-1	5	120865321	123935858	3070538	126	54.6
RG	LO03M-1	5	136701182	154885742	18184561	1238	96.5
RG	LO04M-1	5	1230013	4808376	3578364	175	82.6
RG	LO04M-1	5	47001183	50865775	3864593	108	17.5
RG	LO04M-1	5	101568098	115870317	14302220	434	86.5
RG	LO04M-1	5	123146130	127255503	4109374	189	64.2
RG	LO04M-1	5	136631478	139596233	2964756	196	73.7
RG	OF289-2	5	6130740	9239845	3109106	114	50.7
RG	OF289-2	5	35435376	41928434	6493059	231	74.7
RG	OF289-2	5	92621025	115870317	23249293	595	90.3
RG	OF289-2	5	123225501	127255503	4030003	183	64.9
RG	OF289-2	5	153056619	154351167	1294549	94	23.9
RG	OF304-1A	5	123146130	135404550	12258421	485	86.8
RG	OF304-1A	5	137807362	138950926	1143565	81	7.4
RG	OF304-1A	5	153056619	154351167	1294549	94	24.7
RG	OM258-2	5	1607270	4808376	3201107	128	47.4
RG	OM258-2	5	16484303	24959805	8475503	285	72.4
RG	OM258-2	5	147923405	152286803	4363399	314	76.5
RG	OM270-2	5	1263796	3081962	1818167	86	58.0
RG	OM274-3B	5	68516440	85952045	17435606	333	84.4
RG	OM274-3B	5	120400166	122222612	1822447	74	43.3
RG	OM274-3B	5	141230200	142731997	1501798	96	53.7
RG	OM276-1	5	122493164	124126830	1633667	91	23.0
RG	OM276-1	5	133631114	135865192	2234079	77	23.1
RG	OM279-1	5	35657809	45739709	10081901	324	81.4
RG	OM279-1	5	46802160	57887421	11085262	242	76.6
RG	OM279-1	5	122493164	124126830	1633667	83	20.5
RG	OM279-1	5	152367824	153871677	1503854	138	52.0
RG	OM283-2	5	5220765	7398620	2177856	128	69.4
RG	OM283-2	5	16484303	24434866	7950564	306	80.3
RG	OM283-2	5	151604871	154863788	3258918	308	87.4
RG	OM290-2	5	21773651	70347212	48573562	1246	93.3
RG	OM290-2	5	150178830	152350920	2172091	214	64.5
RG	OM292-2	5	35435376	45739709	10304334	340	77.9
RG	OM292-2	5	58185086	84188835	26003750	432	84.8
RG	OM292-2	5	85756167	115870317	30114151	698	88.8
RG	OM292-2	5	135763120	150128900	14365781	820	94.2
RG	OM301-1A	5	42964889	46634621	3669733	111	28.6
RG	OM318-2	5	16484303	45739709	29255407	937	91.1
RG	OM318-2	5	46807287	99374897	52567611	1051	94.3
RG	OM318-2	5	123866176	135404550	11538375	440	85.8
RG	OM318-2	5	135775807	142731997	6956191	429	90.0
RG	OM318-2	5	153209482	154431738	1222257	82	39.7
RG	OM331-1A	5	83890560	112812131	28921572	599	90.0
RG	OM331-1A	5	152425518	154860062	2434545	158	81.1
RG	Y22F-1	5	11229897	14189117	2959221	154	49.1
RG	Y22F-1	5	98242900	138428941	40186042	1307	95.9
RG	Y27M-1	5	8139552	14476624	6337073	318	80.0
RG	Y27M-1	5	44713668	124126830	79413163	2012	89.7
RG	Y27M-1	5	132115223	138833641	6718419	335	79.1
RG	Y28M-1	5	64256545	84508066	20251522	381	82.4
RG	Y28M-1	5	91692041	109370519	17678479	474	84.7
RG	Y28M-1	5	145502283	147145905	1643623	111	23.1
RG	Y29F-1	5	45074847	52704682	7629836	202	54.5
RG	Y30F-1	5	5115579	6219836	1104258	90	47.5
RG	Y30F-1	5	7380731	38876916	31496186	1223	95.1
RG	Y30F-1	5	147534299	152773250	5238952	457	88.4
RG	Y31F-1	5	8139552	16509212	8369661	447	89.3
RG	Y31F-1	5	20103773	25253268	5149496	153	47.0
RG	Y31F-1	5	50267916	72792970	22525055	434	80.1
RG	Y31F-1	5	119254531	122338418	3083888	113	35.3
RG	Y31F-1	5	132085092	137713282	5628191	236	78.8
RG	Y31F-1	5	143731461	147339517	3608057	200	77.0
RG	Y32F-1	5	1230013	4243461	3013449	132	73.8
RG	Y32F-1	5	22101061	36777333	14676273	389	88.6
RG	Y32F-1	5	72900039	84621187	11721149	222	67.3
RG	Y32F-1	5	128938501	132794834	3856334	132	20.9
RG	Y32F-1	5	138203767	140458927	2255161	135	62.4
RG	Y32F-1	5	149016560	151677158	2660599	237	62.8
RG	E10F-1	6	640722	1280828	640107	57	40.6
RG	E10F-1	6	13044098	16379689	3335592	178	58.7
RG	E10F-1	6	47319181	67511311	20192131	529	92.9
RG	E10F-1	6	120341269	129042464	8701196	294	83.5
RG	E10F-1	6	135181043	137484900	2303858	117	31.0
RG	E10F-1	6	147565965	149650734	2084770	56	69.6
RG	E13M-1	6	30741153	35392989	4651837	117	42.2
RG	E13M-1	6	37296987	59620872	22323886	583	80.8
RG	E13M-1	6	140954592	144860451	3905860	321	83.8
RG	E14F-1	6	139024459	148238771	9214313	667	92.4
RG	E18F-1	6	2373805	3723588	1349784	212	79.7
RG	E19M-2A	6	39768971	45399869	5630899	172	58.8
RG	E19M-2A	6	112044440	134570011	22525572	772	95.2
RG	E19M-2A	6	141611223	144399668	2788446	187	75.5
RG	E24M-1	6	16030938	35392989	19362052	483	87.2
RG	E24M-1	6	37296987	53518804	16221818	465	84.9
RG	E24M-1	6	70384336	84237913	13853578	368	82.2
RG	E24M-1	6	106294439	121783563	15489125	610	91.0
RG	E27M-1	6	64668473	65776852	1108380	48	40.6
RG	E27M-1	6	141559773	144209050	2649278	169	71.2
RG	E28F-1	6	5831012	13369591	7538580	359	81.0
RG	E28F-1	6	14988785	17965521	2976737	155	48.1
RG	E29M-1	6	7197378	13420743	6223366	295	78.1
RG	E29M-1	6	15350485	17954016	2603532	145	51.1
RG	E29M-1	6	67693646	83781969	16088324	420	83.5
RG	E29M-1	6	144424703	146922136	2497434	168	74.8
RG	E30M-1	6	77041554	79339582	2298029	61	6.6
RG	E31M-2	6	36872956	40151766	3278811	142	29.6
RG	E31M-2	6	112044440	121653033	9608594	381	86.9
RG	E31M-2	6	134570011	138856316	4286306	242	74.2
RG	E31M-2	6	141068134	142315443	1247310	128	12.2
RG	E32M-1	6	46083691	54924176	8840486	217	81.6
RG	E32M-1	6	64668473	67481002	2812530	107	6.2
RG	E32M-1	6	136726157	139346816	2620660	172	59.2
RG	E33M-1	6	640722	2605066	1964345	231	89.8
RG	E33M-1	6	7162878	14804982	7642105	280	77.4
RG	E33M-1	6	37037684	45736776	8699093	241	87.7
RG	E33M-1	6	116337922	121941994	5604073	214	80.5
RG	E33M-1	6	122440840	134368890	11928051	303	80.4
RG	E33M-1	6	145155718	146892933	1737216	68	14.7
RG	E34M-2A	6	13750722	16299032	2548311	135	32.1
RG	E34M-2A	6	143679252	146922136	3242885	223	75.8
RG	E35M-2A	6	146122380	149650734	3528355	146	69.9
RG	E36F-2A	6	4019514	6817038	2797525	145	48.9
RG	E36F-2A	6	36159803	37762590	1602788	157	82.0
RG	E36F-2A	6	92322130	116553888	24231759	770	92.0
RG	E36F-2A	6	122490933	134368890	11877958	378	86.8
RG	E37F-1	6	7219755	13369591	6149837	298	77.6
RG	LAO01M-2A	6	134857238	144399668	9542431	635	89.3
RG	LAO01M-2A	6	148036041	149650734	1614694	26	15.0
RG	LAO03M-1	6	2890543	10641769	7751227	430	82.8
RG	LAO03M-1	6	69151208	87906221	18755014	513	85.7
RG	LAO03M-1	6	121717896	134208156	12490261	399	81.9
RG	LAO06M-2A	6	640722	2547592	1906871	279	85.9
RG	LAO06M-2A	6	2890543	10817786	7927244	458	83.0
RG	LAO06M-2A	6	16167738	32120910	15953173	386	82.9
RG	LAO06M-2A	6	43444166	76122576	32678411	840	89.2
RG	LAO06M-2A	6	118516763	134570011	16053249	585	89.6
RG	LAO06M-2A	6	139688616	148020642	8332027	605	87.5
RG	LO01F-1	6	112350489	126982172	14631684	554	90.7
RG	LO03M-1	6	69792526	73384215	3591690	89	24.3
RG	LO03M-1	6	84063864	99413747	15349884	551	89.1
RG	LO03M-1	6	137953214	140449612	2496399	194	83.5
RG	LO04M-1	6	640722	2547592	1906871	282	86.5
RG	LO04M-1	6	2890543	10817786	7927244	455	83.0
RG	LO04M-1	6	42351249	76122576	33771328	863	91.3
RG	LO04M-1	6	139688616	145317624	5629009	445	86.4
RG	LO04M-1	6	146317728	148020642	1702915	105	25.4
RG	OF289-2	6	2890543	5335326	2444784	190	65.3
RG	OF289-2	6	68947604	76122576	7174973	171	50.8
RG	OF289-2	6	121717896	133061169	11343274	370	79.7
RG	OF289-2	6	144462387	145317624	855238	92	54.5
RG	OF289-2	6	146317728	148020642	1702915	109	30.6
RG	OF304-1A	6	139688616	144399668	4711053	349	81.0
RG	OM258-2	6	2129880	2546052	416173	80	51.3
RG	OM258-2	6	4458207	64412152	59953946	1600	93.4
RG	OM258-2	6	109339691	120021835	10682145	341	86.7
RG	OM258-2	6	121717896	132990119	11272224	296	77.6
RG	OM258-2	6	139688616	144398313	4709698	281	73.8
RG	OM258-2	6	146317728	149650734	3333007	120	40.3
RG	OM270-2	6	42351249	76122576	33771328	837	90.9
RG	OM274-3B	6	640722	2227243	1586522	215	87.6
RG	OM274-3B	6	16030938	36666811	20635874	554	91.1
RG	OM274-3B	6	143374013	144249146	875134	62	29.3
RG	OM276-1	6	4273786	12804800	8531015	426	82.3
RG	OM276-1	6	38232003	64412152	26180150	672	86.3
RG	OM276-1	6	78847176	109173357	30326182	997	94.6
RG	OM279-1	6	6257043	12804800	6547758	295	79.7
RG	OM279-1	6	17477893	34074071	16596179	341	78.7
RG	OM279-1	6	64476339	68613532	4137194	147	60.0
RG	OM279-1	6	133441190	139629341	6188152	335	79.5
RG	OM283-2	6	640722	14834391	14193670	1011	95.4
RG	OM283-2	6	73856554	111325859	37469306	1184	94.9
RG	OM290-2	6	640722	2787606	2146885	307	89.6
RG	OM290-2	6	17416558	33672079	16255522	344	78.7
RG	OM290-2	6	38232003	42455389	4223387	127	14.2
RG	OM290-2	6	49259742	59963888	10704147	235	78.6
RG	OM290-2	6	134583881	140259315	5675435	321	83.8
RG	OM290-2	6	143450366	149650734	6200369	332	71.1
RG	OM292-2	6	33356444	37459150	4102707	216	75.1
RG	OM301-1A	6	42351249	76122576	33771328	868	90.4
RG	OM318-2	6	5670060	9845370	4175311	201	62.2
RG	OM318-2	6	14713300	48789038	34075739	1033	90.2
RG	OM318-2	6	109265459	120021835	10756377	405	86.5
RG	OM318-2	6	121717896	135110378	13392483	454	85.2
RG	OM318-2	6	144249146	145317624	1068479	106	64.5
RG	OM331-1A	6	3774268	15817670	12043403	536	82.5
RG	OM331-1A	6	80077963	84027661	3949699	71	14.5
RG	OM331-1A	6	121813693	129502074	7688382	195	71.4
RG	OM331-1A	6	132571202	134536665	1965464	68	37.8
RG	Y27M-1	6	7197378	17428280	10230903	530	88.5
RG	Y27M-1	6	121899102	129042464	7143363	223	62.3
RG	Y28M-1	6	73573758	76513491	2939734	89	31.7
RG	Y29F-1	6	6865599	9845370	2979772	127	36.8
RG	Y29F-1	6	128100790	140592507	12491718	520	86.2
RG	Y30F-1	6	6851501	12434372	5582872	267	81.8
RG	Y30F-1	6	50291671	56498777	6207107	135	52.8
RG	Y30F-1	6	94913815	140836789	45922975	1739	95.5
RG	Y30F-1	6	144237577	148121808	3884232	276	76.3
RG	Y31F-1	6	640722	4169354	3528633	456	95.4
RG	Y31F-1	6	12528740	13989910	1461171	83	17.7
RG	Y31F-1	6	34371680	80218310	45846631	1307	94.4
RG	Y31F-1	6	94913815	109459142	14545328	449	85.5
RG	Y31F-1	6	122278916	127932957	5654042	166	63.8
RG	Y31F-1	6	146581073	148131297	1550225	95	10.2
RG	Y32F-1	6	3432990	7197378	3764389	227	73.9
RG	Y32F-1	6	73573758	76448642	2874885	82	38.6
RG	Y32F-1	6	87131636	100749881	13618246	501	90.3
RG	Y32F-1	6	111764976	119588605	7823630	326	87.3
RG	Y32F-1	6	139123187	141242845	2119659	161	50.0
RG	E10F-1	7	16747429	20877124	4129696	190	72.0
RG	E10F-1	7	132084886	133152479	1067594	77	19.4
RG	E10F-1	7	135354168	136490395	1136228	81	40.8
RG	E13M-1	7	19806247	26053918	6247672	260	81.6
RG	E13M-1	7	64006821	72438148	8431328	214	64.1
RG	E13M-1	7	128062408	130627501	2565094	96	14.5
RG	E14F-1	7	27950	5488808	5460859	318	89.7
RG	E14F-1	7	68494387	94468616	25974230	636	89.8
RG	E14F-1	7	113172532	139035188	25862657	1086	95.4
RG	E18F-1	7	16747429	19488347	2740919	118	57.7
RG	E18F-1	7	93360330	114629508	21269179	375	68.4
RG	E19M-2A	7	1790644	2610539	819896	74	37.8
RG	E19M-2A	7	3085299	6462366	3377068	173	62.2
RG	E19M-2A	7	9604839	19334888	9730050	423	90.5
RG	E19M-2A	7	27282521	44101900	16819380	309	88.2
RG	E19M-2A	7	70597448	77924380	7326933	168	65.2
RG	E19M-2A	7	135970205	136648610	678406	56	11.9
RG	E19M-2A	7	138676541	139785067	1108527	98	24.3
RG	E24M-1	7	6923662	9960457	3036796	126	55.4
RG	E24M-1	7	10746361	16773422	6027062	292	80.6
RG	E24M-1	7	50447057	57984198	7537142	162	61.2
RG	E24M-1	7	84416685	89521270	5104586	83	29.7
RG	E24M-1	7	122964509	131403957	8439449	337	86.6
RG	E24M-1	7	135970205	139173751	3203547	248	78.4
RG	E24M-1	7	140604572	142352736	1748165	103	66.0
RG	E25F-1	7	18639773	20057358	1417586	92	67.1
RG	E25F-1	7	26319789	41472588	15152800	264	72.2
RG	E25F-1	7	43909003	63690430	19781428	445	86.2
RG	E25F-1	7	135970205	139190532	3220328	232	76.2
RG	E25F-1	7	140604572	142352736	1748165	98	62.8
RG	E27M-1	7	67749465	88252238	20502774	439	94.1
RG	E27M-1	7	124023003	127539913	3516911	105	17.4
RG	E28F-1	7	18639773	20863834	2224062	113	55.7
RG	E28F-1	7	23297091	43612661	20315571	389	71.2
RG	E28F-1	7	136510621	138122496	1611876	125	67.3
RG	E29M-1	7	27950	1372577	1344628	52	52.8
RG	E30M-1	7	27950	2294286	2266337	132	53.4
RG	E30M-1	7	8965077	12445061	3479985	132	66.1
RG	E30M-1	7	79288600	94468616	15180017	302	83.9
RG	E30M-1	7	137241191	140308304	3067114	258	82.3
RG	E31M-2	7	50743054	72462609	21719556	509	87.7
RG	E31M-2	7	122964509	131403957	8439449	340	86.5
RG	E31M-2	7	135970205	139173751	3203547	254	74.7
RG	E31M-2	7	140604572	142357735	1753164	106	58.2
RG	E32M-1	7	23297091	43685748	20388658	397	67.1
RG	E34M-2A	7	3571438	6556201	2984764	150	49.9
RG	E34M-2A	7	64217393	76225448	12008056	325	84.6
RG	E35M-2A	7	3054643	4957876	1903234	110	19.7
RG	E35M-2A	7	6009011	8081599	2072589	155	18.9
RG	E35M-2A	7	118923722	126108348	7184627	214	68.1
RG	E36F-2A	7	8174940	14100022	5925083	247	76.8
RG	E36F-2A	7	23183982	41651503	18467522	347	72.1
RG	E36F-2A	7	93360330	139631936	46271607	1329	91.4
RG	E37F-1	7	27950	1559663	1531714	74	65.3
RG	E37F-1	7	18639773	20907831	2268059	127	59.6
RG	E37F-1	7	23297091	43124001	19826911	399	74.4
RG	E37F-1	7	141600134	142357735	757602	21	25.5
RG	LAO01M-2A	7	2738760	4535797	1797038	109	26.3
RG	LAO01M-2A	7	27528708	44243705	16714998	312	54.5
RG	LAO01M-2A	7	79016643	104766691	25750049	459	78.3
RG	LAO01M-2A	7	126947593	129426700	2479108	89	16.0
RG	LAO01M-2A	7	140323711	141957421	1633711	127	17.2
RG	LAO03M-1	7	2738760	67458384	64719625	1990	96.2
RG	LAO03M-1	7	76225448	142352736	66127289	1923	97.1
RG	LAO06M-2A	7	2738760	18928577	16189818	774	90.7
RG	LAO06M-2A	7	26319789	45683601	19363813	391	64.8
RG	LAO06M-2A	7	60566881	78897049	18330169	480	84.5
RG	LAO06M-2A	7	81317103	104766691	23449589	368	60.5
RG	LAO06M-2A	7	114835138	129426700	14591563	418	86.1
RG	LAO06M-2A	7	137511670	139748401	2236732	159	58.8
RG	LO01F-1	7	27528708	45269063	17740356	328	62.7
RG	LO01F-1	7	89668999	98461085	8792087	162	13.8
RG	LO01F-1	7	118923722	123285554	4361833	106	20.6
RG	LO03M-1	7	89668999	115720635	26051637	475	78.3
RG	LO03M-1	7	140306271	142357735	2051465	134	38.7
RG	LO04M-1	7	27950	1503177	1475228	70	41.7
RG	LO04M-1	7	26319789	45683601	19363813	399	63.2
RG	LO04M-1	7	81641653	104766691	23125039	355	61.3
RG	LO04M-1	7	114835138	124623065	9787928	256	78.7
RG	LO04M-1	7	126947593	137292745	10345153	556	88.2
RG	OF289-2	7	27950	1503177	1475228	64	35.1
RG	OF289-2	7	26319789	45683601	19363813	376	63.0
RG	OF289-2	7	83368851	101779862	18411012	278	54.6
RG	OF304-1A	7	27528708	44101900	16573193	296	59.3
RG	OF304-1A	7	79016643	104514585	25497943	437	76.8
RG	OF304-1A	7	131963623	137151156	5187534	275	81.6
RG	OM258-2	7	81641653	107505680	25864028	335	63.0
RG	OM258-2	7	133309148	142357735	9048588	480	91.2
RG	OM270-2	7	2738760	8081599	5342840	318	77.2
RG	OM270-2	7	12413014	21653508	9240495	462	88.6
RG	OM270-2	7	27541734	44243705	16701972	303	52.8
RG	OM270-2	7	58084331	67538644	9454314	190	71.2
RG	OM270-2	7	76225448	104766691	28541244	490	75.7
RG	OM270-2	7	126947593	129426700	2479108	90	20.1
RG	OM270-2	7	136687258	139748401	3061144	239	68.7
RG	OM274-3B	7	2738760	4957876	2219117	125	42.4
RG	OM274-3B	7	8174940	12095718	3920779	143	61.4
RG	OM274-3B	7	24269688	32154575	7884888	183	51.3
RG	OM274-3B	7	58084331	67753151	9668821	210	74.6
RG	OM274-3B	7	76430642	115677930	39247289	750	91.4
RG	OM276-1	7	27950	3023692	2995743	189	78.7
RG	OM276-1	7	22415721	77924380	55508660	1317	87.8
RG	OM276-1	7	81641653	107505680	25864028	421	74.0
RG	OM276-1	7	137511670	140622316	3110647	259	79.1
RG	OM279-1	7	28186329	79090791	50904463	1102	94.5
RG	OM279-1	7	80784061	107505680	26721620	419	73.3
RG	OM279-1	7	135970205	139035188	3064984	223	80.2
RG	OM283-2	7	3408116	5171415	1763300	87	59.6
RG	OM283-2	7	12524410	22115643	9591234	496	91.9
RG	OM283-2	7	26319789	49213783	22893995	518	81.9
RG	OM283-2	7	81641653	128487872	46846220	946	85.4
RG	OM283-2	7	133252562	138621312	5368751	287	67.5
RG	OM290-2	7	905644	5171415	4265772	278	85.7
RG	OM290-2	7	40848768	74333352	33484585	798	83.5
RG	OM290-2	7	81641653	107505680	25864028	407	69.8
RG	OM290-2	7	125734723	131053143	5318421	188	61.8
RG	OM292-2	7	6840216	8305549	1465334	79	55.9
RG	OM292-2	7	40848768	47588534	6739767	196	33.4
RG	OM292-2	7	81641653	113863650	32221998	487	68.5
RG	OM301-1A	7	8616848	12185121	3568274	134	61.2
RG	OM301-1A	7	24269688	32154575	7884888	180	60.4
RG	OM301-1A	7	58084331	67753151	9668821	212	75.1
RG	OM301-1A	7	76225448	104766691	28541244	505	73.2
RG	OM318-2	7	3408116	5980517	2572402	113	60.6
RG	OM318-2	7	22313120	45269063	22955944	466	73.6
RG	OM318-2	7	76225448	84926603	8701156	200	57.4
RG	OM318-2	7	104911235	127539913	22628679	552	90.1
RG	OM331-1A	7	116739665	121919104	5179440	107	30.4
RG	OM331-1A	7	140646151	142357735	1711585	82	15.8
RG	Y22F-1	7	140646151	142357735	1711585	88	18.3
RG	Y27M-1	7	51251243	63690430	12439188	274	80.3
RG	Y27M-1	7	140646151	142357735	1711585	95	20.3
RG	Y28M-1	7	63827538	90467016	26639479	638	91.7
RG	Y28M-1	7	137241191	140308304	3067114	257	86.4
RG	Y28M-1	7	140506900	142357735	1850836	117	48.1
RG	Y29F-1	7	3508849	9854404	6345556	282	80.4
RG	Y29F-1	7	12524410	15534868	3010459	139	65.6
RG	Y29F-1	7	132084886	133152479	1067594	74	13.4
RG	Y29F-1	7	135597440	136490395	892956	67	37.7
RG	Y30F-1	7	3445306	5486797	2041492	94	27.2
RG	Y30F-1	7	12524410	14751207	2226798	130	62.4
RG	Y30F-1	7	16747429	22379912	5632484	299	83.1
RG	Y30F-1	7	26319789	42277007	15957219	313	76.8
RG	Y30F-1	7	51251243	58209054	6957812	144	67.3
RG	Y30F-1	7	140646151	142357735	1711585	99	18.1
RG	Y31F-1	7	12524410	14019446	1495037	91	26.3
RG	Y31F-1	7	16747429	20831141	4083713	166	63.6
RG	Y31F-1	7	26908154	42277007	15368854	280	73.3
RG	Y31F-1	7	51251243	66364845	15113603	306	81.2
RG	Y31F-1	7	139778983	142357735	2578753	174	74.0
RG	Y32F-1	7	7581447	10156571	2575125	92	20.8
RG	Y32F-1	7	131508859	132387351	878493	88	57.3
RG	Y32F-1	7	137511670	142357735	4846066	360	93.3
RG	E10F-1	8	17711166	23143681	5432516	292	74.5
RG	E10F-1	8	59478114	67617180	8139067	169	43.3
RG	E10F-1	8	74065725	79387278	5321554	108	41.5
RG	E10F-1	8	94284549	117968369	23683821	468	81.9
RG	E10F-1	8	147789669	162732805	14943137	316	65.7
RG	E10F-1	8	176600864	187235397	10634534	176	48.0
RG	E10F-1	8	213272272	219558942	6286671	264	70.8
RG	E13M-1	8	1257842	1766266	508425	61	10.7
RG	E13M-1	8	131480568	142594442	11113875	173	63.3
RG	E13M-1	8	191102325	194917820	3815496	106	42.3
RG	E13M-1	8	207967500	210484580	2517081	111	36.7
RG	E13M-1	8	221203331	222360509	1157179	43	40.5
RG	E14F-1	8	69111	2702515	2633405	218	72.9
RG	E14F-1	8	13249078	16919999	3670922	275	80.5
RG	E14F-1	8	25330063	28652281	3322219	119	13.3
RG	E14F-1	8	29053390	44037878	14984489	311	82.5
RG	E14F-1	8	169393555	173058570	3665016	61	23.9
RG	E14F-1	8	207384574	211521177	4136604	181	58.8
RG	E18F-1	8	115311942	146546810	31234869	641	85.1
RG	E18F-1	8	164236494	191363111	27126618	429	71.9
RG	E19M-2A	8	7089030	8823887	1734858	106	66.9
RG	E19M-2A	8	13214662	14715825	1501164	129	64.2
RG	E19M-2A	8	216692966	222360509	5667544	335	94.5
RG	E24M-1	8	13339910	15605084	2265175	156	64.1
RG	E24M-1	8	28215871	30455524	2239654	100	50.1
RG	E24M-1	8	38280877	45090279	6809403	125	14.6
RG	E24M-1	8	83439975	89389723	5949749	141	53.6
RG	E24M-1	8	98533992	116993936	18459945	354	66.1
RG	E24M-1	8	130168582	142594442	12425861	200	67.2
RG	E24M-1	8	155626848	190878127	35251280	605	91.4
RG	E24M-1	8	193291620	201850018	8558399	166	42.2
RG	E24M-1	8	208636830	217905133	9268304	316	70.8
RG	E24M-1	8	220154563	221172001	1017439	100	45.5
RG	E25F-1	8	17711166	19227057	1515892	118	39.8
RG	E25F-1	8	27690474	33652511	5962038	196	73.4
RG	E25F-1	8	68863239	74219443	5356205	180	55.6
RG	E25F-1	8	103778839	118880749	15101911	269	65.5
RG	E25F-1	8	212585572	216545507	3959936	104	43.7
RG	E27M-1	8	81062361	95286917	14224557	286	70.6
RG	E27M-1	8	99604459	119318417	19713959	341	70.5
RG	E27M-1	8	126203150	142594442	16391293	223	81.7
RG	E27M-1	8	191769588	201357853	9588266	181	68.6
RG	E27M-1	8	210249934	216007235	5757302	135	12.2
RG	E28F-1	8	69111	1829305	1760195	115	35.1
RG	E28F-1	8	22507533	28652281	6144749	204	51.4
RG	E28F-1	8	34246407	43539735	9293329	146	20.5
RG	E28F-1	8	93141564	102928190	9786627	248	59.3
RG	E28F-1	8	202746783	207107764	4360982	196	66.7
RG	E29M-1	8	69111	1829305	1760195	125	40.3
RG	E29M-1	8	17951103	25058461	7107359	333	82.1
RG	E29M-1	8	202746783	207107764	4360982	209	69.2
RG	E30M-1	8	69111	1829305	1760195	117	33.4
RG	E30M-1	8	2601182	3475729	874548	110	27.7
RG	E30M-1	8	5665063	6684545	1019483	93	33.2
RG	E30M-1	8	22745895	27470110	4724216	148	49.7
RG	E30M-1	8	101843790	110975599	9131810	123	38.8
RG	E30M-1	8	155639698	170646022	15006325	279	58.6
RG	E30M-1	8	188770218	199617268	10847051	231	58.6
RG	E31M-2	8	1778002	3554180	1776179	206	76.1
RG	E31M-2	8	28859525	31886410	3026886	86	16.8
RG	E31M-2	8	74065725	97191057	23125333	518	89.9
RG	E31M-2	8	103778839	119612360	15833522	315	74.8
RG	E31M-2	8	191092646	201850018	10757373	245	48.8
RG	E31M-2	8	211264479	217905133	6640655	235	54.6
RG	E31M-2	8	220154563	221591093	1436531	133	66.8
RG	E32M-1	8	69111	1829305	1760195	120	33.3
RG	E32M-1	8	2601182	3475729	874548	109	26.5
RG	E32M-1	8	5622714	6684545	1061832	99	31.1
RG	E32M-1	8	47768665	55793695	8025031	232	75.0
RG	E32M-1	8	71617019	93023892	21406874	492	85.4
RG	E32M-1	8	179829312	199617268	19787957	341	74.5
RG	E32M-1	8	202746783	207012941	4266159	199	62.8
RG	E33M-1	8	156041	3338839	3182799	187	83.0
RG	E33M-1	8	190069580	194823106	4753527	109	48.4
RG	E33M-1	8	218985724	221253244	2267521	142	69.9
RG	E34M-2A	8	18605579	22392689	3787111	182	69.4
RG	E34M-2A	8	33652511	44037878	10385368	185	35.2
RG	E34M-2A	8	103778839	119612360	15833522	308	73.6
RG	E34M-2A	8	212585572	222360509	9774938	490	92.9
RG	E35M-2A	8	94284549	100398270	6113722	176	52.9
RG	E35M-2A	8	177480768	191363111	13882344	216	46.3
RG	E35M-2A	8	221223908	222360509	1136602	46	10.5
RG	E37F-1	8	69111	1829305	1760195	128	44.0
RG	E37F-1	8	7339616	18723734	11384119	930	96.2
RG	E37F-1	8	22507533	28652281	6144749	225	63.3
RG	E37F-1	8	34333480	43539735	9206256	157	24.8
RG	E37F-1	8	156008067	164514196	8506130	182	44.5
RG	E37F-1	8	176600864	187235397	10634534	172	47.4
RG	E37F-1	8	206400241	222266969	15866729	748	94.1
RG	LAO01M-2A	8	28981897	45614079	16632183	361	69.2
RG	LAO01M-2A	8	198569240	202569310	4000071	133	19.7
RG	LAO01M-2A	8	211697576	216643581	4946006	138	47.3
RG	LAO01M-2A	8	220556451	222360509	1804059	109	73.2
RG	LAO03M-1	8	28300127	45614079	17313953	390	73.9
RG	LAO03M-1	8	73717339	98939108	25221770	572	88.6
RG	LAO03M-1	8	134325587	143902779	9577193	146	46.1
RG	LAO03M-1	8	220556451	222360509	1804059	102	71.2
RG	LAO06M-2A	8	6236105	11071794	4835690	400	89.5
RG	LAO06M-2A	8	12298082	16080804	3782723	345	84.7
RG	LAO06M-2A	8	29250077	46076594	16826518	359	73.7
RG	LAO06M-2A	8	48087189	71997287	23910099	587	84.9
RG	LAO06M-2A	8	103778839	147721582	43942744	873	88.5
RG	LAO06M-2A	8	220556451	222360509	1804059	105	72.3
RG	LO01F-1	8	6572831	8262087	1689257	108	48.9
RG	LO01F-1	8	103687917	113843789	10155873	138	46.4
RG	LO01F-1	8	177480768	191363111	13882344	220	42.8
RG	LO01F-1	8	206400241	207420114	1019874	60	16.0
RG	LO03M-1	8	45356222	49707697	4351476	153	41.5
RG	LO03M-1	8	67449675	74549435	7099761	240	66.5
RG	LO03M-1	8	115311942	147636122	32324181	674	86.9
RG	LO03M-1	8	169393555	181711530	12317976	214	53.1
RG	LO03M-1	8	213423243	217923359	4500117	163	34.6
RG	LO04M-1	8	69111	2735768	2666658	224	85.4
RG	LO04M-1	8	11098698	94529684	83430987	2595	95.8
RG	LO04M-1	8	97355607	147721582	50365976	1024	91.9
RG	LO04M-1	8	198603761	207107764	8504004	354	74.3
RG	LO04M-1	8	215352358	222360509	7008152	414	88.3
RG	OF289-2	8	17404516	19119553	1715038	140	44.7
RG	OF289-2	8	29069140	45614079	16544940	345	68.3
RG	OF289-2	8	134331789	144102492	9770704	152	50.5
RG	OF289-2	8	198255009	207107764	8852756	352	69.6
RG	OF289-2	8	215352358	222360509	7008152	410	84.9
RG	OF304-1A	8	69111	2840036	2770926	244	85.7
RG	OF304-1A	8	28981897	45614079	16632183	353	68.3
RG	OF304-1A	8	103778839	131300189	27521351	567	80.4
RG	OF304-1A	8	220556451	222266969	1710519	102	71.4
RG	OM258-2	8	69111	1563687	1494577	87	33.7
RG	OM258-2	8	29417250	46065597	16648348	297	56.6
RG	OM258-2	8	53448836	71642344	18193509	345	62.6
RG	OM258-2	8	94135323	128932510	34797188	662	88.3
RG	OM258-2	8	144666737	153606421	8939685	156	66.5
RG	OM258-2	8	178549735	192076330	13526596	170	15.6
RG	OM258-2	8	215352358	219196199	3843842	171	54.0
RG	OM270-2	8	3261130	5738696	2477567	219	79.0
RG	OM270-2	8	22867373	28279180	5411808	168	52.2
RG	OM270-2	8	29250077	46076594	16826518	349	73.5
RG	OM270-2	8	48087189	71997287	23910099	557	80.8
RG	OM270-2	8	134325587	144102492	9776906	143	55.2
RG	OM270-2	8	164613271	191856779	27243509	388	71.0
RG	OM270-2	8	220556451	222360509	1804059	104	71.6
RG	OM274-3B	8	53448836	71997287	18548452	418	76.9
RG	OM274-3B	8	139720434	144131773	4411340	74	13.8
RG	OM274-3B	8	164437164	201357853	36920690	622	79.0
RG	OM274-3B	8	221203331	222360509	1157179	45	9.0
RG	OM276-1	8	13181243	15396664	2215422	175	74.6
RG	OM276-1	8	29417250	41238814	11821565	236	51.7
RG	OM276-1	8	53448836	71642344	18193509	402	73.4
RG	OM276-1	8	94172664	129579525	35406862	786	88.9
RG	OM276-1	8	165156129	177257295	12101167	181	6.7
RG	OM276-1	8	193291620	198388016	5096397	100	40.5
RG	OM276-1	8	207161063	211632970	4471908	205	63.4
RG	OM276-1	8	215352358	219196199	3843842	206	67.5
RG	OM279-1	8	9115970	18174063	9058094	704	93.4
RG	OM279-1	8	29417250	47954668	18537419	395	80.7
RG	OM279-1	8	55754125	144726409	88972285	1821	93.5
RG	OM279-1	8	147986307	153546834	5560528	109	41.8
RG	OM279-1	8	170093383	177257295	7163913	114	24.8
RG	OM279-1	8	193291620	198388016	5096397	92	34.6
RG	OM279-1	8	207161063	212978940	5817878	225	68.5
RG	OM279-1	8	213423243	220034033	6610791	276	73.2
RG	OM283-2	8	4186478	7813555	3627078	257	82.3
RG	OM283-2	8	29417250	45614079	16196830	337	66.1
RG	OM283-2	8	76410822	90338004	13927183	285	75.7
RG	OM283-2	8	144950562	153606421	8655860	194	75.6
RG	OM283-2	8	189171590	197151890	7980301	181	61.7
RG	OM283-2	8	211496277	217007361	5511085	166	34.3
RG	OM290-2	8	5690819	6551488	860670	73	18.6
RG	OM290-2	8	12080658	13037896	957239	115	10.7
RG	OM290-2	8	22781845	28279180	5497336	176	52.0
RG	OM290-2	8	53475507	71642344	18166838	394	67.0
RG	OM290-2	8	74065725	87257580	13191856	286	82.4
RG	OM290-2	8	139720434	147832415	8111982	150	74.3
RG	OM290-2	8	203313752	205134874	1821123	77	24.4
RG	OM290-2	8	221203331	222360509	1157179	45	8.0
RG	OM292-2	8	12080658	13037896	957239	110	32.3
RG	OM292-2	8	29417250	45421837	16004588	312	65.9
RG	OM292-2	8	54790766	71642344	16851579	330	61.4
RG	OM292-2	8	74065725	87257580	13191856	276	81.8
RG	OM292-2	8	148017094	157417385	9400292	189	62.7
RG	OM301-1A	8	2688882	3457020	768139	96	17.3
RG	OM301-1A	8	22781845	28279180	5497336	168	42.5
RG	OM301-1A	8	28981897	46076594	17094698	367	67.2
RG	OM301-1A	8	48087189	71997287	23910099	566	81.1
RG	OM301-1A	8	221203331	222360509	1157179	43	11.0
RG	OM318-2	8	69111	2569907	2500797	197	77.8
RG	OM318-2	8	14431549	21061655	6630107	381	83.1
RG	OM318-2	8	32368125	44658378	12290254	222	43.5
RG	OM318-2	8	53448836	71997287	18548452	391	68.5
RG	OM318-2	8	139720434	144550904	4830471	81	24.3
RG	OM318-2	8	165221837	191856779	26634943	388	69.5
RG	OM318-2	8	219460336	220476854	1016519	91	33.0
RG	OM331-1A	8	69111	1523603	1454493	77	55.4
RG	OM331-1A	8	17789340	23143681	5354342	259	70.5
RG	OM331-1A	8	71617019	73372340	1755322	65	19.7
RG	OM331-1A	8	99568653	147566053	47997401	779	82.7
RG	OM331-1A	8	154381509	192433306	38051798	547	80.7
RG	Y22F-1	8	17711166	28652281	10941116	409	80.5
RG	Y22F-1	8	34361248	45090279	10729032	172	41.6
RG	Y22F-1	8	102735432	115095776	12360345	166	60.6
RG	Y22F-1	8	118174024	147566053	29392030	531	82.7
RG	Y22F-1	8	217218417	220154563	2936147	168	61.3
RG	Y27M-1	8	17711166	23143681	5432516	305	63.6
RG	Y27M-1	8	115311942	191769588	76457647	1487	78.2
RG	Y28M-1	8	120273312	151427819	31154508	597	86.7
RG	Y28M-1	8	179385384	191813628	12428245	183	44.7
RG	Y28M-1	8	207192992	212978940	5785949	241	77.5
RG	Y29F-1	8	3020293	6002617	2982325	230	80.4
RG	Y29F-1	8	8111372	10308863	2197492	139	61.2
RG	Y29F-1	8	11637664	13195409	1557746	159	61.7
RG	Y29F-1	8	51950430	69721040	17770611	351	67.9
RG	Y29F-1	8	73796968	79387278	5590311	113	36.7
RG	Y29F-1	8	119911832	132990917	13079086	250	69.7
RG	Y29F-1	8	158221220	191249405	33028186	496	66.4
RG	Y29F-1	8	194157011	201944015	7787005	145	8.9
RG	Y29F-1	8	217236072	222360509	5124438	302	85.3
RG	Y30F-1	8	69111	1829305	1760195	124	23.6
RG	Y30F-1	8	7089030	10308863	3219834	227	81.3
RG	Y30F-1	8	12040902	13195409	1154508	142	59.0
RG	Y30F-1	8	14849990	18072709	3222720	207	69.4
RG	Y30F-1	8	23057485	28652281	5594797	186	58.9
RG	Y30F-1	8	45489250	48563201	3073952	121	22.0
RG	Y30F-1	8	58605796	79387278	20781483	522	82.4
RG	Y30F-1	8	102155688	120091082	17935395	354	76.7
RG	Y30F-1	8	157657212	191331526	33674315	579	78.4
RG	Y30F-1	8	194157037	201944015	7786979	161	30.0
RG	Y30F-1	8	207913412	210737118	2823707	126	23.1
RG	Y30F-1	8	217953102	222360509	4407408	288	86.4
RG	Y31F-1	8	69111	6621284	6552174	553	95.5
RG	Y31F-1	8	7089030	10158736	3069707	211	78.0
RG	Y31F-1	8	45145139	77117097	31971959	806	89.8
RG	Y31F-1	8	95500112	119856127	24356016	501	86.5
RG	Y31F-1	8	157657212	191242702	33585491	547	71.8
RG	Y31F-1	8	216187698	219542204	3354507	192	54.2
RG	Y31F-1	8	220414670	222360509	1945840	114	74.4
RG	Y32F-1	8	69111	2003723	1934613	137	59.9
RG	Y32F-1	8	5714662	8317066	2602405	185	77.4
RG	Y32F-1	8	22424107	42656605	20232499	515	82.7
RG	Y32F-1	8	47768665	51950430	4181766	137	60.3
RG	Y32F-1	8	118174024	141756402	23582379	475	76.2
RG	Y32F-1	8	147789669	161031612	13241944	278	68.5
RG	E10F-1	9	50927	2267589	2216663	170	86.5
RG	E10F-1	9	32581529	42103054	9521526	225	64.8
RG	E10F-1	9	52414876	79984948	27570073	777	91.0
RG	E10F-1	9	109775298	115441567	5666270	124	54.3
RG	E13M-1	9	1732615	4648515	2915901	372	87.5
RG	E13M-1	9	7633043	10344767	2711725	173	62.4
RG	E13M-1	9	18124599	21610953	3486355	154	50.2
RG	E13M-1	9	64878318	86079794	21201477	526	87.1
RG	E13M-1	9	153839110	155187798	1348689	78	48.3
RG	E13M-1	9	156275865	159366963	3091099	151	71.2
RG	E14F-1	9	8438014	12135797	3697784	269	85.6
RG	E14F-1	9	27053699	38857716	11804018	287	78.4
RG	E14F-1	9	105547423	123175406	17627984	371	84.8
RG	E14F-1	9	157232821	159366963	2134143	101	21.2
RG	E18F-1	9	28470285	45455926	16985642	438	81.5
RG	E18F-1	9	109119553	123841547	14721995	327	75.0
RG	E19M-2A	9	50927	2043153	1992227	134	77.6
RG	E19M-2A	9	18865506	30258089	11392584	334	86.0
RG	E19M-2A	9	35948300	41338008	5389709	116	59.1
RG	E19M-2A	9	63439745	79334974	15895230	408	91.5
RG	E19M-2A	9	84786557	138196454	53409898	1103	94.7
RG	E19M-2A	9	150977097	154373826	3396730	155	54.6
RG	E24M-1	9	50927	3667033	3616107	340	89.7
RG	E24M-1	9	57264039	58370654	1106616	50	9.7
RG	E24M-1	9	59157572	96447371	37289800	935	92.8
RG	E24M-1	9	137809779	142582400	4772622	132	69.8
RG	E25F-1	9	18769895	21610953	2841059	119	29.2
RG	E25F-1	9	122827827	138196454	15368628	367	93.0
RG	E27M-1	9	1732615	3667033	1934419	211	74.1
RG	E27M-1	9	9647781	10756142	1108362	91	29.0
RG	E28F-1	9	124478792	133038529	8559738	155	68.3
RG	E29M-1	9	12304061	13797175	1493115	111	63.2
RG	E29M-1	9	32581529	41698971	9117443	214	64.4
RG	E29M-1	9	146968518	159366963	12398446	590	92.7
RG	E30M-1	9	95952098	109282645	13330548	260	75.7
RG	E30M-1	9	154713743	156289517	1575775	113	49.3
RG	E31M-2	9	50927	4702542	4651616	489	92.1
RG	E31M-2	9	21552152	32297544	10745393	290	73.8
RG	E31M-2	9	94651358	104510857	9859500	230	68.7
RG	E32M-1	9	21552152	39935451	18383300	435	85.9
RG	E32M-1	9	63722424	78961522	15239099	401	82.0
RG	E32M-1	9	87021431	95640787	8619357	156	72.2
RG	E32M-1	9	98907741	119435458	20527718	395	83.6
RG	E32M-1	9	133086568	147234503	14147936	438	80.7
RG	E33M-1	9	118266762	123774410	5507649	80	11.4
RG	E36F-2A	9	12129314	13096538	967225	82	10.6
RG	E36F-2A	9	64878318	135907760	71029443	1520	96.3
RG	E36F-2A	9	155378634	159366963	3988330	196	71.5
RG	E37F-1	9	7633043	8796640	1163598	69	63.8
RG	E37F-1	9	12667056	82106721	69439666	2102	95.2
RG	E37F-1	9	119779525	123841547	4062023	82	23.5
RG	E37F-1	9	149517195	156467361	6950167	361	84.8
RG	LAO01M-2A	9	2170095	4702542	2532448	338	82.5
RG	LAO01M-2A	9	89493982	109263537	19769556	385	75.4
RG	LAO01M-2A	9	146878395	153205141	6326747	265	79.1
RG	LAO03M-1	9	50927	1690537	1639611	103	82.6
RG	LAO03M-1	9	3288400	4629276	1340877	196	73.9
RG	LAO03M-1	9	11318821	54474700	43155880	1345	94.9
RG	LAO03M-1	9	58077006	152953441	94876436	2363	97.0
RG	LAO06M-2A	9	2897992	4702542	1804551	262	76.8
RG	LAO06M-2A	9	5128494	65495622	60367129	2232	97.0
RG	LAO06M-2A	9	79156590	87889103	8732514	207	75.5
RG	LAO06M-2A	9	105782369	114183132	8400764	172	58.4
RG	LAO06M-2A	9	147444469	152415890	4971422	185	48.1
RG	LAO06M-2A	9	155402769	157366440	1963672	116	60.1
RG	LO01F-1	9	19263303	24589045	5325743	186	63.9
RG	LO01F-1	9	45355517	47252934	1897418	84	21.1
RG	LO01F-1	9	123352654	131278298	7925645	148	53.5
RG	LO03M-1	9	7633043	10344767	2711725	173	61.9
RG	LO03M-1	9	62288600	83295685	21007086	563	87.7
RG	LO03M-1	9	117800067	123857285	6057219	115	10.0
RG	LO03M-1	9	141375068	147131990	5756923	200	64.7
RG	LO04M-1	9	50927	1979746	1928820	139	85.9
RG	LO04M-1	9	3288400	5083961	1795562	239	77.2
RG	LO04M-1	9	54852231	62220304	7368074	239	77.8
RG	LO04M-1	9	79156590	87889103	8732514	198	74.3
RG	LO04M-1	9	105782369	131278298	25495930	503	81.7
RG	LO04M-1	9	157366440	159366963	2000524	98	72.7
RG	OF289-2	9	50927	1979746	1928820	143	86.0
RG	OF289-2	9	3288400	7313142	4024743	391	83.1
RG	OF289-2	9	54534917	62220304	7685388	242	80.3
RG	OF289-2	9	79156590	87889103	8732514	196	70.0
RG	OF289-2	9	105782369	130665202	24882834	483	84.4
RG	OF304-1A	9	2177700	4611498	2433799	333	84.2
RG	OF304-1A	9	89493982	109282645	19788664	373	78.7
RG	OF304-1A	9	147418798	153205141	5786344	237	72.8
RG	OM258-2	9	50927	1683178	1632252	87	44.4
RG	OM258-2	9	4064351	7282591	3218241	225	74.1
RG	OM258-2	9	130090928	142163763	12072836	276	69.5
RG	OM258-2	9	152479394	154373826	1894433	75	8.1
RG	OM258-2	9	154713743	156289517	1575775	94	30.5
RG	OM270-2	9	2897992	4611498	1713507	245	78.8
RG	OM270-2	9	89493982	113023576	23529595	459	86.5
RG	OM270-2	9	147418798	152412143	4993346	187	54.6
RG	OM274-3B	9	2897992	4702542	1804551	260	77.5
RG	OM274-3B	9	144574269	147418798	2844530	89	9.0
RG	OM276-1	9	50927	1690537	1639611	107	69.7
RG	OM276-1	9	14955013	17272131	2317119	85	23.9
RG	OM276-1	9	49913029	52927347	3014319	88	54.5
RG	OM276-1	9	97567784	104980803	7413020	139	65.4
RG	OM276-1	9	124198160	129466470	5268311	96	35.9
RG	OM276-1	9	152398995	154368085	1969091	97	32.0
RG	OM279-1	9	50927	2916746	2865820	229	82.1
RG	OM279-1	9	95498113	104946294	9448182	190	69.2
RG	OM279-1	9	124198160	129808719	5610560	94	33.2
RG	OM279-1	9	141464861	149793662	8328802	269	76.0
RG	OM283-2	9	3288400	12032535	8744136	730	91.6
RG	OM283-2	9	65065766	116905638	51839873	1127	94.6
RG	OM283-2	9	130090928	136447482	6356555	180	68.6
RG	OM283-2	9	143824616	147418798	3594183	124	47.9
RG	OM290-2	9	50927	1690537	1639611	105	69.7
RG	OM290-2	9	4064351	4844349	779999	92	36.3
RG	OM290-2	9	7087537	9653552	2566016	167	58.1
RG	OM290-2	9	19119490	58195960	39076471	1055	94.6
RG	OM290-2	9	63889892	70560256	6670365	196	66.4
RG	OM290-2	9	79156590	139029587	59872998	1248	93.4
RG	OM292-2	9	50927	1690537	1639611	105	65.4
RG	OM292-2	9	9792639	58186525	48393887	1522	95.9
RG	OM292-2	9	63920941	70560256	6639316	190	69.5
RG	OM292-2	9	79513170	140947192	61434023	1253	91.8
RG	OM301-1A	9	89493982	131278298	41784317	828	86.5
RG	OM301-1A	9	146878395	152415890	5537496	205	46.7
RG	OM301-1A	9	155052227	158511372	3459146	192	68.3
RG	OM318-2	9	50927	5104297	5053371	522	93.7
RG	OM318-2	9	12054485	14522743	2468259	153	71.3
RG	OM318-2	9	50969355	54962127	3992773	97	55.6
RG	OM318-2	9	141116607	154373826	13257220	481	86.0
RG	OM331-1A	9	17292240	40577650	23285411	537	87.7
RG	Y22F-1	9	32581529	41701219	9119691	196	60.7
RG	Y22F-1	9	155052227	156422317	1370091	78	33.9
RG	Y27M-1	9	17227631	40509622	23281992	681	88.8
RG	Y27M-1	9	109775298	115441567	5666270	124	27.3
RG	Y28M-1	9	5263390	10242134	4978745	345	84.8
RG	Y28M-1	9	32581529	40509622	7928094	185	58.0
RG	Y28M-1	9	117615928	139676995	22061068	512	82.0
RG	Y28M-1	9	155378634	158367792	2989159	179	60.6
RG	Y29F-1	9	19025901	80751255	61725355	1578	93.4
RG	Y29F-1	9	112533703	117501271	4967569	104	44.3
RG	Y29F-1	9	134129063	137730707	3601645	115	60.5
RG	Y29F-1	9	150961994	156422317	5460324	281	77.0
RG	Y30F-1	9	10280240	11977811	1697572	134	48.2
RG	Y31F-1	9	5550812	8934704	3383893	218	72.1
RG	Y31F-1	9	10280240	11977811	1697572	123	39.9
RG	Y32F-1	9	4580537	9178449	4597913	320	78.8
RG	Y32F-1	9	12104512	13096538	992027	89	18.3
RG	Y32F-1	9	13692098	17738455	4046358	167	70.1
RG	Y32F-1	9	40462988	45455926	4992939	160	59.2
RG	Y32F-1	9	86040395	95218164	9177770	163	56.0
RG	E10F-1	10	14773891	28130658	13356768	277	73.2
RG	E10F-1	10	35627962	59631654	24003693	761	89.6
RG	E10F-1	10	130386206	154650517	24264312	795	94.4
RG	E13M-1	10	93424	1816155	1722732	87	14.8
RG	E13M-1	10	78641780	94067282	15425503	619	93.0
RG	E13M-1	10	143101744	146885233	3783490	161	70.9
RG	E14F-1	10	8390552	35219405	26828854	900	93.2
RG	E14F-1	10	82113280	86230069	4116790	115	52.9
RG	E14F-1	10	115726804	144609527	28882724	595	88.4
RG	E18F-1	10	26423469	31384158	4960690	159	45.3
RG	E19M-2A	10	8889082	10929851	2040770	148	65.3
RG	E19M-2A	10	87412178	104628515	17216338	385	84.1
RG	E24M-1	10	3000600	4078016	1077417	102	57.2
RG	E24M-1	10	11930819	22555653	10624835	197	45.1
RG	E24M-1	10	48436126	56099732	7663607	192	51.3
RG	E24M-1	10	108166227	118984003	10817777	266	81.3
RG	E24M-1	10	122190445	135524888	13334444	241	74.3
RG	E25F-1	10	93424	1816155	1722732	83	9.3
RG	E25F-1	10	3138635	8957970	5819336	482	90.2
RG	E25F-1	10	27690616	34172304	6481689	174	70.3
RG	E25F-1	10	78559707	88106820	9547114	451	88.5
RG	E25F-1	10	94290388	107744547	13454160	276	76.5
RG	E27M-1	10	31666336	34565031	2898696	82	10.0
RG	E27M-1	10	81466266	104715918	23249653	522	90.3
RG	E27M-1	10	119316325	122108131	2791807	49	5.4
RG	E27M-1	10	140301667	143894666	3593000	73	19.5
RG	E27M-1	10	145285126	148094871	2809746	147	59.5
RG	E27M-1	10	149062012	154646075	5584064	257	91.4
RG	E28F-1	10	35627962	53407293	17779332	560	86.9
RG	E29M-1	10	6140980	11001702	4860723	402	86.5
RG	E29M-1	10	35259985	53407293	18147309	596	86.4
RG	E29M-1	10	86074093	95681570	9607478	276	82.8
RG	E30M-1	10	93424	2252190	2158767	118	59.1
RG	E30M-1	10	8889082	10929851	2040770	151	68.7
RG	E30M-1	10	31856156	34565031	2708876	91	23.8
RG	E31M-2	10	11061807	18065081	7003275	174	29.4
RG	E31M-2	10	95508972	107744547	12235576	268	77.4
RG	E31M-2	10	128638838	135524888	6886051	112	25.5
RG	E32M-1	10	93424	2350453	2257030	117	56.8
RG	E32M-1	10	9645348	11236549	1591202	128	58.4
RG	E32M-1	10	11797595	22545636	10748042	192	41.2
RG	E32M-1	10	35627962	53407293	17779332	556	83.3
RG	E33M-1	10	144276947	149013381	4736435	212	74.3
RG	E34M-2A	10	14773891	25874634	11100744	186	62.2
RG	E34M-2A	10	34222938	126930715	92707778	3097	97.3
RG	E35M-2A	10	135186502	140647761	5461260	123	45.3
RG	E36F-2A	10	93424	3287162	3193739	175	78.5
RG	E36F-2A	10	11187406	25562448	14375043	272	62.2
RG	E36F-2A	10	134663773	146723480	12059708	331	89.4
RG	E37F-1	10	93424	4912670	4819247	352	92.2
RG	LAO01M-2A	10	1153429	10595157	9441729	753	90.8
RG	LAO01M-2A	10	27566174	32635466	5069293	135	32.9
RG	LAO01M-2A	10	52752605	77209799	24457195	982	92.0
RG	LAO01M-2A	10	150353827	152858610	2504784	114	12.3
RG	LAO03M-1	10	3945732	5253426	1307695	123	60.1
RG	LAO03M-1	10	27690616	32528200	4837585	124	32.7
RG	LAO03M-1	10	58449246	115349975	56900730	1973	95.9
RG	LAO03M-1	10	148649710	154650517	6000808	296	92.1
RG	LAO06M-2A	10	93424	1800394	1706971	88	21.7
RG	LAO06M-2A	10	5263230	12079438	6816209	522	86.7
RG	LAO06M-2A	10	13695401	48698046	35002646	1024	89.3
RG	LAO06M-2A	10	51442880	111332600	59889721	2107	94.3
RG	LAO06M-2A	10	116758626	122370726	5612101	132	53.6
RG	LAO06M-2A	10	128064019	142712236	14648218	289	76.6
RG	LO01F-1	10	34222938	35292590	1069653	96	33.6
RG	LO01F-1	10	51065848	60012009	8946162	248	56.5
RG	LO01F-1	10	107793107	112153616	4360510	103	19.9
RG	LO01F-1	10	143101744	147424266	4322523	194	72.4
RG	LO03M-1	10	35627962	39535579	3907618	144	52.0
RG	LO04M-1	10	3395827	4689516	1293690	118	59.0
RG	LO04M-1	10	5971398	12079438	6108041	461	86.6
RG	LO04M-1	10	13695401	26364119	12668719	242	52.2
RG	LO04M-1	10	28023242	34916424	6893183	223	72.8
RG	LO04M-1	10	40185007	48698046	8513040	252	66.7
RG	LO04M-1	10	51442880	58403834	6960955	183	43.0
RG	LO04M-1	10	116758626	127650676	10892051	233	76.3
RG	LO04M-1	10	145285126	146723480	1438355	91	54.9
RG	LO04M-1	10	149103443	151191701	2088259	115	29.2
RG	OF289-2	10	1982250	3916982	1934733	144	68.7
RG	OF289-2	10	5971398	12144958	6173561	461	88.4
RG	OF289-2	10	13695401	26364119	12668719	228	45.3
RG	OF289-2	10	27566174	34916424	7350251	231	68.8
RG	OF289-2	10	92817013	116598223	23781211	516	87.9
RG	OF289-2	10	150353827	154650517	4296691	188	73.1
RG	OF304-1A	10	23737292	26364119	2626828	73	4.6
RG	OF304-1A	10	27566174	32635466	5069293	133	31.7
RG	OF304-1A	10	82002658	92999223	10996566	326	76.8
RG	OF304-1A	10	98027415	106471593	8444179	177	65.0
RG	OM258-2	10	3033926	4300179	1266254	95	41.7
RG	OM258-2	10	81988624	114762721	32774098	648	82.8
RG	OM258-2	10	134366949	154646075	20279127	625	95.8
RG	OM270-2	10	3945732	5253426	1307695	124	59.8
RG	OM270-2	10	27690616	32635466	4944851	122	30.0
RG	OM270-2	10	149103443	151191701	2088259	112	28.1
RG	OM274-3B	10	13620186	26364119	12743934	239	52.5
RG	OM274-3B	10	28023242	32635466	4612225	112	14.6
RG	OM274-3B	10	150186864	153502250	3315387	169	57.1
RG	OM276-1	10	27324180	35511922	8187743	305	80.9
RG	OM276-1	10	58494894	63690184	5195291	162	45.2
RG	OM276-1	10	71768782	75975528	4206747	223	79.0
RG	OM276-1	10	89175053	92902071	3727019	108	23.2
RG	OM279-1	10	58494894	79662910	21168017	931	89.4
RG	OM283-2	10	25913107	35066382	9153276	326	84.7
RG	OM283-2	10	39450788	47973077	8522290	289	83.3
RG	OM283-2	10	81315520	135711059	54395540	1249	95.8
RG	OM290-2	10	22125302	40136112	18010811	613	89.4
RG	OM290-2	10	51270850	60788784	9517935	259	64.6
RG	OM290-2	10	76746740	90501368	13754629	621	85.9
RG	OM290-2	10	92817013	100180884	7363872	128	53.4
RG	OM292-2	10	22074777	35499040	13424264	412	86.0
RG	OM292-2	10	45602175	51065848	5463674	123	60.1
RG	OM292-2	10	92817013	130203445	37386433	739	91.0
RG	OM292-2	10	133029838	145101102	12071265	240	77.5
RG	OM301-1A	10	27566174	32635466	5069293	134	31.3
RG	OM301-1A	10	60838695	64076315	3237621	80	19.8
RG	OM301-1A	10	65159886	75802840	10642955	474	87.6
RG	OM301-1A	10	76746740	90501368	13754629	633	92.0
RG	OM301-1A	10	96194446	111332600	15138155	329	76.3
RG	OM301-1A	10	116343623	141377046	25033424	493	85.5
RG	OM301-1A	10	150353827	153523341	3169515	162	49.0
RG	OM318-2	10	1982250	5662501	3680252	309	85.2
RG	OM318-2	10	12292608	19090567	6797960	123	28.3
RG	OM318-2	10	28023242	34916424	6893183	211	67.0
RG	OM318-2	10	135881290	152580680	16699391	614	90.7
RG	OM331-1A	10	14773891	61286963	46513073	1178	92.0
RG	OM331-1A	10	115726804	149075871	33349068	714	90.1
RG	OM331-1A	10	151247973	154650517	3402545	125	79.8
RG	Y22F-1	10	93424	2270467	2177044	110	51.5
RG	Y22F-1	10	95267351	124357338	29089988	576	90.6
RG	Y22F-1	10	144365443	149980133	5614691	288	83.4
RG	Y27M-1	10	8608086	10689394	2081309	171	65.1
RG	Y27M-1	10	17752326	58403834	40651509	1234	91.2
RG	Y27M-1	10	131095372	149075871	17980500	530	86.1
RG	Y27M-1	10	149270765	154650517	5379753	265	86.5
RG	Y28M-1	10	30401326	49199629	18798304	663	89.6
RG	Y28M-1	10	86074093	108399778	22325686	562	89.2
RG	Y28M-1	10	117809514	122108131	4298618	90	22.8
RG	Y28M-1	10	125481673	142020179	16538507	322	80.0
RG	Y28M-1	10	150028945	154650517	4621573	208	75.9
RG	Y29F-1	10	93424	1999828	1906405	98	77.0
RG	Y29F-1	10	7586179	8661523	1075345	86	13.5
RG	Y29F-1	10	10777582	25913107	15135526	291	60.9
RG	Y29F-1	10	26248838	33755146	7506309	204	55.8
RG	Y29F-1	10	65035645	67300488	2264844	97	17.0
RG	Y29F-1	10	82889789	87319475	4429687	114	37.0
RG	Y29F-1	10	96194446	104129276	7934831	134	62.4
RG	Y29F-1	10	144365443	154646075	10280633	506	95.2
RG	Y30F-1	10	7586179	8661523	1075345	90	20.1
RG	Y30F-1	10	10777582	24189752	13412171	288	75.2
RG	Y30F-1	10	112093629	143894666	31801038	668	91.2
RG	Y32F-1	10	6861968	8438548	1576581	130	42.9
RG	Y32F-1	10	125481673	154650517	29168845	929	95.7
RG	E10F-1	11	20426988	98665957	78238970	1841	94.6
RG	E10F-1	11	103052788	106604542	3551755	117	24.2
RG	E13M-1	11	682287	5242436	4560150	357	88.6
RG	E13M-1	11	72843823	78956636	6112814	146	63.6
RG	E13M-1	11	90060581	91159472	1098892	60	14.9
RG	E13M-1	11	113299260	114687354	1388095	161	68.7
RG	E14F-1	11	24173804	84778021	60604218	1277	96.4
RG	E14F-1	11	114874472	116944018	2069547	153	84.4
RG	E18F-1	11	16390219	18658542	2268324	136	44.5
RG	E18F-1	11	97849544	108943070	11093527	500	88.7
RG	E18F-1	11	112901813	114717465	1815653	221	85.6
RG	E19M-2A	11	54151218	60559544	6408327	111	69.7
RG	E19M-2A	11	98108387	99157236	1048850	86	17.2
RG	E19M-2A	11	113299260	114687354	1388095	141	66.6
RG	E24M-1	11	1648486	2859452	1210967	149	60.8
RG	E24M-1	11	102744252	111676902	8932651	402	85.4
RG	E25F-1	11	20488244	25814938	5326695	237	72.8
RG	E25F-1	11	91303561	102695540	11391980	365	83.0
RG	E28F-1	11	13888976	20129934	6240959	368	82.3
RG	E28F-1	11	98687005	108943070	10256066	392	82.2
RG	E29M-1	11	39460845	50574403	11113559	219	27.7
RG	E29M-1	11	71829027	103480474	31651448	930	90.1
RG	E30M-1	11	103052788	109249584	6196797	280	75.7
RG	E31M-2	11	29594760	46279186	16684427	305	77.0
RG	E31M-2	11	83321948	103856638	20534691	682	91.2
RG	E32M-1	11	9210367	13926565	4716199	174	22.8
RG	E32M-1	11	18686201	20019441	1333241	88	8.5
RG	E32M-1	11	40408361	71567760	31159400	542	87.1
RG	E32M-1	11	91303561	98665957	7362397	243	70.5
RG	E32M-1	11	103052788	106617801	3565014	120	27.3
RG	E32M-1	11	115505051	116944018	1438968	81	41.3
RG	E33M-1	11	18751570	22439094	3687525	142	58.5
RG	E33M-1	11	114083216	114654053	570838	65	11.2
RG	E34M-2A	11	7713725	9830516	2116792	102	34.7
RG	E34M-2A	11	93272624	102695540	9422917	359	83.6
RG	E34M-2A	11	113861088	114270136	409049	69	7.1
RG	E35M-2A	11	27110471	39699264	12588794	216	54.9
RG	E35M-2A	11	112634286	114456972	1822687	222	73.2
RG	E36F-2A	11	16390219	18626555	2236337	124	41.9
RG	E36F-2A	11	19816496	38951875	19135380	522	85.1
RG	E36F-2A	11	114763112	115289128	526017	65	31.0
RG	E37F-1	11	16390219	20129934	3739716	235	71.8
RG	E37F-1	11	23866435	69386293	45519859	918	93.0
RG	E37F-1	11	106315457	112798443	6482987	410	86.6
RG	LAO01M-2A	11	682287	1880439	1198153	113	76.6
RG	LAO01M-2A	11	15873763	90746219	74872457	1909	95.6
RG	LAO01M-2A	11	103631979	110260083	6628105	338	81.0
RG	LAO03M-1	11	763061	2690474	1927414	188	82.7
RG	LAO03M-1	11	6329537	15955291	9625755	418	85.5
RG	LAO03M-1	11	21131398	24631967	3500570	165	69.7
RG	LAO03M-1	11	51171386	76290889	25119504	438	71.2
RG	LAO06M-2A	11	15954759	19154932	3200174	208	70.9
RG	LAO06M-2A	11	24608127	96883723	72275597	1559	95.6
RG	LAO06M-2A	11	103631979	110297467	6665489	342	82.6
RG	LO01F-1	11	103631979	107770274	4138296	168	63.1
RG	LO01F-1	11	108267682	109722235	1454554	90	24.8
RG	LO03M-1	11	682287	3916975	3234689	312	87.6
RG	LO03M-1	11	39460845	44698478	5237634	121	24.9
RG	LO03M-1	11	46856433	71567760	24711328	423	82.3
RG	LO03M-1	11	103052788	107770274	4717487	185	66.6
RG	LO03M-1	11	114970727	116944018	1973292	137	77.2
RG	LO04M-1	11	682287	19154932	18472646	1028	95.8
RG	LO04M-1	11	24578484	96883723	72305240	1546	94.9
RG	LO04M-1	11	114763112	116944018	2180907	163	77.0
RG	OF289-2	11	15873763	19154932	3281170	209	69.0
RG	OF289-2	11	21131398	24655842	3524445	169	70.8
RG	OF289-2	11	51171386	76359982	25188597	447	66.8
RG	OF289-2	11	97831977	102885014	5053038	238	77.4
RG	OF289-2	11	114763112	116944018	2180907	166	79.0
RG	OF304-1A	11	682287	1880439	1198153	109	75.7
RG	OF304-1A	11	15954759	20649517	4694759	308	80.1
RG	OF304-1A	11	55024197	76290889	21266693	376	69.6
RG	OF304-1A	11	110297467	112869301	2571835	170	74.0
RG	OM258-2	11	16891180	21096209	4205030	219	61.1
RG	OM258-2	11	52458629	63076849	10618221	166	29.2
RG	OM258-2	11	113662786	116944018	3281233	255	88.0
RG	OM270-2	11	24608127	97391999	72783873	1477	94.7
RG	OM274-3B	11	8213099	13169994	4956896	210	72.4
RG	OM274-3B	11	49181778	97391999	48210222	1017	92.3
RG	OM276-1	11	48288820	82657835	34369016	659	83.2
RG	OM276-1	11	95555196	98811969	3256774	162	60.3
RG	OM276-1	11	112869301	114910967	2041667	236	79.1
RG	OM279-1	11	7713725	11555424	3841700	155	50.7
RG	OM279-1	11	12983764	16571429	3587666	187	70.0
RG	OM279-1	11	47511429	76373519	28862091	454	71.8
RG	OM283-2	11	21239547	24143861	2904315	121	44.0
RG	OM283-2	11	24740933	90166928	65425996	1345	93.2
RG	OM283-2	11	112071373	116944018	4872646	480	93.4
RG	OM290-2	11	3865725	13169994	9304270	380	81.2
RG	OM290-2	11	23280295	26403180	3122886	180	74.6
RG	OM290-2	11	50963804	82907731	31943928	616	61.6
RG	OM292-2	11	38360068	47279041	8918974	189	73.1
RG	OM292-2	11	50963804	74246191	23282388	382	72.1
RG	OM292-2	11	113613413	114402745	789333	98	21.5
RG	OM301-1A	11	8213099	13169994	4956896	206	71.5
RG	OM301-1A	11	49181778	76290889	27109112	463	77.5
RG	OM301-1A	11	95729111	98354946	2625836	111	18.0
RG	OM318-2	11	24740933	26403180	1662248	88	40.8
RG	OM318-2	11	51171386	76290889	25119504	434	67.0
RG	OM318-2	11	84918287	104238732	19320446	623	89.8
RG	OM318-2	11	115425276	116944018	1518743	87	54.0
RG	OM331-1A	11	20431848	26531551	6099704	270	75.2
RG	OM331-1A	11	111946429	114190077	2243649	228	74.6
RG	Y22F-1	11	1904809	4250848	2346040	202	78.7
RG	Y22F-1	11	26914308	39160790	12246483	179	54.7
RG	Y22F-1	11	80927929	93707378	12779450	302	82.7
RG	Y22F-1	11	106276427	107274818	998392	64	43.6
RG	Y28M-1	11	39160790	44698478	5537689	134	38.2
RG	Y28M-1	11	46856433	71567760	24711328	430	83.1
RG	Y28M-1	11	113396534	116944018	3547485	319	90.5
RG	Y29F-1	11	4166521	17671864	13505344	549	86.5
RG	Y29F-1	11	103052788	106617801	3565014	103	7.5
RG	Y29F-1	11	114202402	116888089	2685688	217	88.1
RG	Y30F-1	11	682287	4250848	3568562	337	93.7
RG	Y30F-1	11	7373934	9029313	1655380	92	14.4
RG	Y30F-1	11	39554264	49856619	10302356	213	39.1
RG	Y30F-1	11	86122303	91159472	5037170	169	56.6
RG	Y30F-1	11	103631979	106617801	2985823	108	16.5
RG	Y31F-1	11	39554264	49856619	10302356	205	36.5
RG	Y31F-1	11	73658210	94969312	21311103	518	82.4
RG	Y31F-1	11	113067138	114180119	1112982	106	38.6
RG	Y32F-1	11	15830227	20849294	5019068	342	80.4
RG	Y32F-1	11	39554264	56160079	16605816	317	68.2
RG	Y32F-1	11	102342988	104423308	2080321	89	37.0
RG	Y32F-1	11	106218527	107345102	1126576	81	56.3
RG	E13M-1	12	34380525	39092360	4711836	209	64.0
RG	E13M-1	12	76171252	77110063	938812	76	37.9
RG	E14F-1	12	72922440	83565322	10642883	529	89.2
RG	E14F-1	12	88449850	90739226	2289377	247	85.7
RG	E18F-1	12	529776	2943241	2413466	121	65.1
RG	E18F-1	12	35348404	40642628	5294225	174	57.8
RG	E18F-1	12	42836622	49565573	6728952	198	57.9
RG	E18F-1	12	60877294	72163669	11286376	346	76.1
RG	E19M-2A	12	5988388	7511842	1523455	137	72.8
RG	E19M-2A	12	81208057	83069265	1861209	81	56.1
RG	E25F-1	12	14624456	18296435	3671980	327	83.3
RG	E25F-1	12	48954034	54590648	5636615	167	75.7
RG	E25F-1	12	77133382	79288981	2155600	98	46.2
RG	E25F-1	12	89435092	90739226	1304135	130	78.9
RG	E27M-1	12	16888051	17919235	1031185	80	12.3
RG	E27M-1	12	34548971	41429587	6880617	270	76.2
RG	E28F-1	12	4273654	6445425	2171772	149	67.6
RG	E28F-1	12	82115900	84892103	2776204	160	67.4
RG	E29M-1	12	29714973	40554268	10839296	441	81.4
RG	E29M-1	12	72235062	76787105	4552044	185	67.2
RG	E30M-1	12	8343508	17858089	9514582	479	88.2
RG	E30M-1	12	22688599	28844443	6155845	170	61.9
RG	E30M-1	12	79409985	81032280	1622296	97	57.0
RG	E30M-1	12	84724808	89039664	4314857	285	74.3
RG	E31M-2	12	41413605	42518410	1104806	119	48.9
RG	E31M-2	12	81208057	83276298	2068242	94	8.6
RG	E32M-1	12	84983885	86730318	1746434	123	39.8
RG	E32M-1	12	89435092	90739226	1304135	148	80.7
RG	E33M-1	12	42991501	49847962	6856462	149	54.5
RG	E33M-1	12	80011684	82316400	2304717	92	51.6
RG	E33M-1	12	88805152	90739226	1934075	146	75.8
RG	E34M-2A	12	6305840	18319926	12014087	742	92.2
RG	E34M-2A	12	34380525	41268182	6887658	311	77.6
RG	E34M-2A	12	42695713	52068362	9372650	303	78.1
RG	E34M-2A	12	76084242	77110063	1025822	81	43.2
RG	E35M-2A	12	42539821	64386009	21846189	622	86.4
RG	E35M-2A	12	79409985	81481814	2071830	127	66.4
RG	E36F-2A	12	507746	18737700	18229955	1066	90.2
RG	E36F-2A	12	35348404	40642628	5294225	165	58.7
RG	E36F-2A	12	42840708	49896628	7055921	213	67.0
RG	E36F-2A	12	74237600	76787105	2549506	88	11.1
RG	E36F-2A	12	86979703	90739226	3759524	286	85.1
RG	E37F-1	12	43236840	49896628	6659789	187	68.1
RG	E37F-1	12	80011684	82382344	2370661	129	63.1
RG	LAO01M-2A	12	2394354	5252200	2857847	130	26.0
RG	LAO01M-2A	12	19339833	60583459	41243627	1430	93.9
RG	LAO01M-2A	12	65594807	71280514	5685708	210	67.7
RG	LAO01M-2A	12	81728937	86034113	4305177	274	81.6
RG	LAO03M-1	12	51282816	54590648	3307833	87	4.2
RG	LAO03M-1	12	73512483	77710563	4198081	204	74.0
RG	LAO03M-1	12	81728937	90739226	9010290	614	93.3
RG	LAO06M-2A	12	1618890	5434438	3815549	193	54.0
RG	LAO06M-2A	12	35032808	44289521	9256714	492	87.5
RG	LAO06M-2A	12	71770080	79288981	7518902	346	79.6
RG	LAO06M-2A	12	81728937	84859998	3131062	175	58.1
RG	LAO06M-2A	12	86067634	88958551	2890918	174	45.9
RG	LO01F-1	12	14855412	16447317	1591906	120	38.5
RG	LO01F-1	12	89134506	89629820	495315	54	7.5
RG	LO04M-1	12	507746	5513163	5005418	231	71.4
RG	LO04M-1	12	44573299	86929350	42356052	1543	95.2
RG	OF289-2	12	1618890	5513163	3894274	186	48.6
RG	OF289-2	12	44573299	54590648	10017350	271	76.9
RG	OF304-1A	12	2428866	5252200	2823335	123	18.5
RG	OF304-1A	12	35032808	44289521	9256714	493	86.6
RG	OF304-1A	12	81728937	84853206	3124270	173	54.8
RG	OM258-2	12	65594807	77137312	11542506	378	82.1
RG	OM258-2	12	86067634	90305575	4237942	287	75.8
RG	OM270-2	12	5535884	7175956	1640073	137	50.3
RG	OM270-2	12	18559466	25258727	6699262	157	34.8
RG	OM270-2	12	35032808	41429587	6396780	257	78.6
RG	OM270-2	12	51483144	60583459	9100316	228	75.9
RG	OM270-2	12	65594807	71106069	5511263	192	69.2
RG	OM270-2	12	81728937	84859998	3131062	168	50.0
RG	OM274-3B	12	5535884	7175956	1640073	138	53.8
RG	OM274-3B	12	18562199	25258727	6696529	157	40.6
RG	OM274-3B	12	35032808	41429587	6396780	269	75.1
RG	OM274-3B	12	51483144	59812476	8329333	210	66.9
RG	OM274-3B	12	76706098	77297837	591740	63	5.9
RG	OM274-3B	12	78965233	80654497	1689265	81	59.6
RG	OM274-3B	12	81728937	83842643	2113707	105	8.5
RG	OM274-3B	12	84884871	87316028	2431158	162	59.6
RG	OM276-1	12	49896628	52876926	2980299	95	45.2
RG	OM276-1	12	85845516	88067724	2222209	123	24.3
RG	OM279-1	12	28896127	33425655	4529529	119	42.8
RG	OM279-1	12	75512254	77483963	1971710	117	62.3
RG	OM279-1	12	84724808	86034113	1309306	102	51.1
RG	OM283-2	12	6240795	7769862	1529068	140	66.2
RG	OM283-2	12	8488644	42719301	34230658	1515	94.1
RG	OM283-2	12	55704257	84241530	28537274	1049	92.0
RG	OM283-2	12	85171915	90739226	5567312	439	95.0
RG	OM290-2	12	507746	4461976	3954231	171	75.2
RG	OM290-2	12	8324244	19632233	11307990	656	91.6
RG	OM290-2	12	88265294	90333316	2068023	225	76.8
RG	OM292-2	12	507746	2147823	1640078	75	56.7
RG	OM292-2	12	15814681	19632233	3817553	356	88.1
RG	OM292-2	12	44573299	54109250	9535952	243	71.0
RG	OM292-2	12	75512254	76980657	1468404	67	5.2
RG	OM292-2	12	81948926	84859998	2911073	161	50.1
RG	OM318-2	12	1618890	5252200	3633311	175	50.6
RG	OM318-2	12	6240795	7098250	857456	73	12.0
RG	OM318-2	12	39161309	45732814	6571506	361	87.2
RG	OM318-2	12	55704257	76980657	21276401	658	89.4
RG	OM318-2	12	87436872	90739226	3302355	300	85.0
RG	OM331-1A	12	82115900	84892095	2776196	149	62.0
RG	Y22F-1	12	2903713	6390143	3486431	173	60.4
RG	Y22F-1	12	24351020	41916898	17565879	640	86.4
RG	Y22F-1	12	88524933	90739226	2214294	213	76.0
RG	Y27M-1	12	2394354	4461976	2067623	78	21.1
RG	Y27M-1	12	84419113	88188528	3769416	248	60.5
RG	Y28M-1	12	17796060	19171874	1375815	161	67.4
RG	Y28M-1	12	30199541	54972396	24772856	1005	91.3
RG	Y28M-1	12	72011168	75234843	3223676	133	43.5
RG	Y29F-1	12	507746	3033299	2525554	111	62.4
RG	Y29F-1	12	49607927	73090850	23482924	630	92.7
RG	Y30F-1	12	14249386	40022531	25773146	1123	93.3
RG	Y31F-1	12	1702014	42663283	40961270	1875	91.3
RG	Y31F-1	12	81078107	83696928	2618822	118	18.8
RG	Y32F-1	12	24351020	28844443	4493424	146	33.2
RG	Y32F-1	12	72490228	75234843	2744616	117	49.3
RG	E10F-1	13	12023268	19018190	6994923	397	83.3
RG	E10F-1	13	26550667	40389700	13839034	341	66.7
RG	E10F-1	13	94418977	96521188	2102212	148	73.2
RG	E13M-1	13	4000702	11993206	7992505	507	83.0
RG	E13M-1	13	40217199	51952207	11735009	315	85.6
RG	E14F-1	13	917700	3488759	2571060	197	74.3
RG	E14F-1	13	3907831	6193645	2285815	240	80.4
RG	E14F-1	13	18411274	93360977	74949704	2728	97.4
RG	E18F-1	13	917700	2272207	1354508	89	13.1
RG	E18F-1	13	4102706	5338776	1236071	135	11.6
RG	E18F-1	13	17828471	26335119	8506649	268	67.2
RG	E19M-2A	13	917700	3169451	2251752	149	52.9
RG	E24M-1	13	12461241	13463201	1001961	84	9.8
RG	E24M-1	13	16664809	34869524	18204716	474	75.7
RG	E24M-1	13	78150685	79699613	1548929	133	67.6
RG	E24M-1	13	88855457	95156426	6300970	390	88.4
RG	E25F-1	13	16717065	40128811	23411747	623	85.0
RG	E25F-1	13	88631265	93360977	4729713	234	77.8
RG	E27M-1	13	54780113	56917876	2137764	79	33.0
RG	E27M-1	13	71301803	78621546	7319744	339	81.8
RG	E27M-1	13	82932776	86737604	3804829	101	58.0
RG	E28F-1	13	8448870	11993206	3544337	146	63.6
RG	E28F-1	13	17828471	40421092	22592622	590	77.3
RG	E28F-1	13	79789892	83603899	3814008	174	60.7
RG	E28F-1	13	91563145	96521188	4958044	303	85.0
RG	E29M-1	13	3077907	4214215	1136309	120	56.2
RG	E29M-1	13	26413461	40389700	13976240	367	66.2
RG	E29M-1	13	70187747	71778118	1590372	136	48.6
RG	E29M-1	13	86338517	90733807	4395291	170	52.1
RG	E29M-1	13	92794491	96521188	3726698	267	80.2
RG	E30M-1	13	14050348	17881311	3830964	173	65.7
RG	E31M-2	13	4000702	12047325	8046624	523	83.8
RG	E31M-2	13	16664809	40128811	23464003	675	87.0
RG	E31M-2	13	68642573	69659546	1016974	78	38.4
RG	E31M-2	13	82944346	87416293	4471948	136	69.2
RG	E31M-2	13	90665537	93360977	2695441	150	49.4
RG	E32M-1	13	51214443	68547841	17333399	531	88.5
RG	E32M-1	13	92956891	96521188	3564298	250	77.9
RG	E33M-1	13	92685999	96521188	3835190	201	62.0
RG	E34M-2A	13	16664809	26994720	10329912	348	81.4
RG	E34M-2A	13	34855012	54577578	19722567	575	82.7
RG	E34M-2A	13	71446362	78823142	7376781	362	80.8
RG	E35M-2A	13	71936878	77376035	5439158	239	79.9
RG	E35M-2A	13	85166576	89436909	4270334	121	18.9
RG	E36F-2A	13	19177363	26335119	7157757	159	47.0
RG	E36F-2A	13	28945778	35595305	6649528	90	37.6
RG	E37F-1	13	917700	11993206	11075507	764	94.7
RG	E37F-1	13	17828471	40455472	22627002	645	72.4
RG	E37F-1	13	48178015	70778901	22600887	850	91.5
RG	E37F-1	13	92794491	96421954	3627464	272	82.0
RG	LAO01M-2A	13	5698552	7367546	1668995	131	31.0
RG	LAO01M-2A	13	19126033	28361150	9235118	269	82.9
RG	LAO01M-2A	13	69118958	71264471	2145514	185	68.1
RG	LAO03M-1	13	3092087	4252293	1160207	114	59.3
RG	LAO03M-1	13	4827485	67909180	63081696	2125	95.4
RG	LAO03M-1	13	78681257	88540091	9858835	405	81.7
RG	LAO03M-1	13	94335379	96521188	2185810	153	79.8
RG	LAO06M-2A	13	917700	3077907	2160208	155	64.9
RG	LAO06M-2A	13	11733064	36511878	24778815	862	90.8
RG	LAO06M-2A	13	57900135	77732257	19832123	871	90.9
RG	LAO06M-2A	13	84444566	89703442	5258877	160	29.7
RG	LAO06M-2A	13	94711715	96521188	1809474	130	75.5
RG	LO01F-1	13	79597992	80396784	798793	72	16.3
RG	LO03M-1	13	12528194	16525516	3997323	219	55.1
RG	LO03M-1	13	17828471	21245754	3417284	165	64.4
RG	LO04M-1	13	917700	4733871	3816172	323	80.8
RG	LO04M-1	13	36592096	57866558	21274463	623	86.1
RG	LO04M-1	13	65106898	94675514	29568617	1463	93.6
RG	OF289-2	13	69807671	71264471	1456801	119	19.1
RG	OF304-1A	13	11864357	13679860	1815504	171	68.6
RG	OF304-1A	13	69118958	71264471	2145514	179	64.8
RG	OF304-1A	13	77716518	88299078	10582561	483	82.9
RG	OF304-1A	13	93132465	96521188	3388724	242	84.2
RG	OM258-2	13	36201838	64393127	28191290	703	87.7
RG	OM258-2	13	92514013	94250945	1736933	104	35.2
RG	OM270-2	13	917700	3077907	2160208	146	48.2
RG	OM270-2	13	84444566	89703442	5258877	147	22.1
RG	OM274-3B	13	917700	5058615	4140916	356	83.3
RG	OM274-3B	13	7744345	11237717	3493373	99	25.0
RG	OM274-3B	13	14050348	17736752	3686405	163	74.3
RG	OM274-3B	13	26613462	34922058	8308597	143	33.0
RG	OM274-3B	13	58271442	68835389	10563948	343	81.6
RG	OM274-3B	13	84444566	89703442	5258877	150	21.5
RG	OM274-3B	13	92685999	96521188	3835190	267	81.1
RG	OM276-1	13	13041148	60837597	47796450	1488	95.5
RG	OM276-1	13	69118958	72101105	2982148	251	85.3
RG	OM276-1	13	77476212	79722435	2246224	170	70.2
RG	OM276-1	13	93557111	94941684	1384574	102	27.8
RG	OM279-1	13	917700	1934810	1017111	65	40.1
RG	OM279-1	13	74581912	77572603	2990692	124	66.6
RG	OM279-1	13	82932776	89144369	6211594	187	76.2
RG	OM279-1	13	93557111	94936779	1379669	102	27.2
RG	OM283-2	13	977244	6302443	5325200	493	92.9
RG	OM283-2	13	10597082	12156484	1559403	130	63.0
RG	OM283-2	13	33609449	60837597	27228149	829	92.6
RG	OM283-2	13	80483590	87811563	7327974	240	57.1
RG	OM283-2	13	92794491	94969161	2174671	158	64.6
RG	OM290-2	13	15302735	52996300	37693566	1037	90.1
RG	OM292-2	13	15302735	52888623	37585889	998	93.1
RG	OM301-1A	13	917700	5058615	4140916	357	85.2
RG	OM301-1A	13	12481344	13780046	1298703	111	64.9
RG	OM301-1A	13	18859042	58370795	39511754	1053	92.8
RG	OM318-2	13	1402997	4544710	3141714	272	83.6
RG	OM331-1A	13	12581634	15132112	2550479	150	55.1
RG	OM331-1A	13	17828471	40430788	22602318	557	66.0
RG	OM331-1A	13	79789892	82910859	3120968	134	30.0
RG	OM331-1A	13	92794491	96421954	3627464	227	73.9
RG	Y22F-1	13	917700	4515396	3597697	256	79.1
RG	Y22F-1	13	28945778	68480715	39534938	966	91.1
RG	Y27M-1	13	12174544	15132112	2957569	206	52.9
RG	Y27M-1	13	17828471	26335119	8506649	273	45.6
RG	Y27M-1	13	26885774	40455472	13569699	349	55.9
RG	Y27M-1	13	94418977	96521188	2102212	154	74.5
RG	Y28M-1	13	12424856	16460439	4035584	231	59.1
RG	Y28M-1	13	17828471	40455472	22627002	625	71.4
RG	Y29F-1	13	917700	6246465	5328766	447	87.6
RG	Y29F-1	13	27109532	40455472	13345941	297	53.0
RG	Y29F-1	13	54026025	59144443	5118419	167	71.0
RG	Y29F-1	13	94892155	95498053	605899	62	23.3
RG	Y30F-1	13	2906582	6246465	3339884	346	77.3
RG	Y30F-1	13	26550667	53715058	27164392	707	86.3
RG	Y30F-1	13	89852347	92752755	2900409	172	60.5
RG	Y31F-1	13	12174544	16154220	3979677	225	62.1
RG	Y31F-1	13	17828471	53715058	35886588	919	80.8
RG	Y31F-1	13	87975544	94361571	6386028	336	89.5
RG	Y32F-1	13	5880532	7042417	1161886	95	57.9
RG	Y32F-1	13	9964916	12311211	2346296	158	66.8
RG	Y32F-1	13	13163790	13481807	318018	41	11.4
RG	E10F-1	14	1685687	3553944	1868258	131	65.0
RG	E10F-1	14	12747274	89132504	76385231	2050	96.3
RG	E10F-1	14	92946165	95491652	2545488	225	87.5
RG	E13M-1	14	21782426	26613792	4831367	145	52.6
RG	E14F-1	14	12082191	65918092	53835902	1506	95.4
RG	E14F-1	14	72533828	80075188	7541361	181	64.4
RG	E14F-1	14	91083178	93213260	2130083	196	75.0
RG	E14F-1	14	93668997	95491652	1822656	134	84.0
RG	E18F-1	14	62896639	71031234	8134596	200	72.2
RG	E18F-1	14	89329861	90746749	1416889	115	55.4
RG	E18F-1	14	92240681	95491652	3250972	293	89.7
RG	E19M-2A	14	7443838	8554319	1110482	59	51.2
RG	E19M-2A	14	38625570	41938025	3312456	99	54.2
RG	E19M-2A	14	45539243	79829671	34290429	772	90.5
RG	E24M-1	14	82956295	89218734	6262440	200	78.7
RG	E25F-1	14	4203663	6526027	2322365	229	71.9
RG	E25F-1	14	13771812	22356154	8584343	363	82.8
RG	E25F-1	14	28382214	40574460	12192247	222	64.0
RG	E25F-1	14	61558932	77237477	15678546	352	79.9
RG	E25F-1	14	89777360	92091516	2314157	163	63.4
RG	E27M-1	14	4365322	6898662	2533341	221	75.9
RG	E28F-1	14	9756686	12688982	2932297	178	75.4
RG	E29M-1	14	5168357	9037461	3869105	259	70.5
RG	E29M-1	14	91351607	93330997	1979391	195	80.5
RG	E30M-1	14	48165660	72533828	24368169	564	88.8
RG	E31M-2	14	686144	2149398	1463255	56	4.1
RG	E31M-2	14	11910531	12386610	476080	46	28.6
RG	E31M-2	14	12850359	17520447	4670089	179	68.1
RG	E31M-2	14	54686989	69772339	15085351	357	78.1
RG	E31M-2	14	82956295	89218734	6262440	203	79.3
RG	E32M-1	14	28257615	46129776	17872162	367	86.3
RG	E32M-1	14	57044809	75376758	18331950	423	82.8
RG	E33M-1	14	80372540	91413242	11040703	349	77.5
RG	E34M-2A	14	4203663	6526027	2322365	243	75.1
RG	E34M-2A	14	13771812	20723534	6951723	321	85.9
RG	E34M-2A	14	28382214	37697072	9314859	172	48.4
RG	E34M-2A	14	44343307	61257444	16914138	369	78.0
RG	E35M-2A	14	89937302	90716983	779682	59	10.0
RG	E36F-2A	14	15649139	27131096	11481958	423	82.2
RG	E36F-2A	14	62896639	71031234	8134596	198	72.5
RG	E36F-2A	14	89035629	90746749	1711121	118	49.5
RG	E36F-2A	14	92199874	95491652	3291779	264	87.9
RG	E37F-1	14	71194498	75521842	4327345	108	14.3
RG	E37F-1	14	77584376	91354780	13770405	551	90.5
RG	LAO01M-2A	14	10478607	49087983	38609377	1204	93.2
RG	LAO01M-2A	14	92580023	95491652	2911630	266	83.1
RG	LAO03M-1	14	15562844	18927839	3364996	157	70.4
RG	LAO03M-1	14	19524948	59166968	39642021	880	94.0
RG	LAO03M-1	14	71279296	78255601	6976306	162	52.4
RG	LAO03M-1	14	80503235	87881421	7378187	215	64.4
RG	LAO03M-1	14	94403411	95491652	1088242	53	26.0
RG	LAO06M-2A	14	2477001	5764428	3287428	332	82.7
RG	LAO06M-2A	14	18945084	59720775	40775692	981	94.6
RG	LAO06M-2A	14	71279296	89218734	17939439	531	80.3
RG	LAO06M-2A	14	89564813	95491652	5926840	491	91.4
RG	LO01F-1	14	9477588	12529076	3051489	190	58.3
RG	LO01F-1	14	82682098	88453905	5771808	153	59.9
RG	LO01F-1	14	92137412	93661577	1524166	169	48.5
RG	LO03M-1	14	3587271	4791835	1204565	159	51.9
RG	LO03M-1	14	21782426	26850189	5067764	152	59.6
RG	LO03M-1	14	76871363	80652713	3781351	111	28.1
RG	LO04M-1	14	8618705	11401793	2783089	176	74.0
RG	LO04M-1	14	74832090	87940273	13108184	379	67.9
RG	LO04M-1	14	89329861	95491652	6161792	518	93.3
RG	OF289-2	14	8618705	11401793	2783089	170	73.3
RG	OF289-2	14	71279296	78255601	6976306	161	53.5
RG	OF289-2	14	80372540	87881421	7508882	214	65.1
RG	OF289-2	14	94403411	95491652	1088242	52	21.4
RG	OF304-1A	14	11533256	15452996	3919741	203	70.2
RG	OF304-1A	14	19516121	49087983	29571863	722	90.3
RG	OF304-1A	14	80372540	87881421	7508882	227	66.6
RG	OF304-1A	14	94307201	95446641	1139441	60	24.9
RG	OM258-2	14	85943671	89297482	3353812	131	72.2
RG	OM270-2	14	88036306	91354780	3318475	242	75.7
RG	OM270-2	14	92137412	95491652	3354241	293	83.6
RG	OM274-3B	14	8618705	19939499	11320795	597	89.8
RG	OM274-3B	14	26961622	46483140	19521519	427	82.3
RG	OM274-3B	14	64012522	69250014	5237493	126	19.5
RG	OM274-3B	14	80372540	87881421	7508882	220	65.1
RG	OM274-3B	14	92137412	95491652	3354241	286	84.2
RG	OM276-1	14	43333254	46129776	2796523	61	11.4
RG	OM276-1	14	75260025	84164340	8904316	253	81.0
RG	OM276-1	14	91351607	95491652	4140046	352	86.7
RG	OM279-1	14	8398070	15452996	7054927	383	86.1
RG	OM279-1	14	19516121	47793606	28277486	642	88.7
RG	OM279-1	14	75260025	76427303	1167279	42	7.2
RG	OM279-1	14	91411432	95491652	4080221	325	86.0
RG	OM283-2	14	4108616	5376414	1267799	144	58.0
RG	OM283-2	14	88812406	95491652	6679247	549	92.9
RG	OM290-2	14	686144	3995468	3309325	207	78.6
RG	OM290-2	14	26965578	46483140	19517563	415	81.6
RG	OM290-2	14	91376674	95491652	4114979	342	86.8
RG	OM292-2	14	686144	4020133	3333990	199	77.3
RG	OM292-2	14	26965578	53707587	26742010	535	90.0
RG	OM292-2	14	76715210	80372540	3657331	90	42.7
RG	OM292-2	14	91351607	93406893	2055287	193	61.5
RG	OM301-1A	14	4108616	5376414	1267799	145	55.8
RG	OM301-1A	14	11910531	19939499	8028969	410	84.7
RG	OM301-1A	14	26358569	46483140	20124572	456	86.0
RG	OM301-1A	14	48252211	59166968	10914758	210	74.5
RG	OM301-1A	14	88036306	91354780	3318475	237	74.4
RG	OM301-1A	14	92137412	95491652	3354241	297	81.6
RG	OM318-2	14	686144	4093380	3407237	228	80.6
RG	OM318-2	14	8618705	11401793	2783089	169	72.5
RG	OM318-2	14	80372540	84517112	4144573	117	17.6
RG	OM331-1A	14	4815869	13597694	8781826	480	90.1
RG	OM331-1A	14	27054094	46122471	19068378	365	86.6
RG	Y22F-1	14	4039208	7012580	2973373	263	78.3
RG	Y22F-1	14	8194084	11488881	3294798	175	58.3
RG	Y22F-1	14	15346994	19136698	3789705	172	74.2
RG	Y22F-1	14	34931914	62795877	27863964	530	86.7
RG	Y27M-1	14	686144	3553944	2867801	154	79.0
RG	Y27M-1	14	93044628	95491652	2447025	216	88.4
RG	Y28M-1	14	45063420	75788327	30724908	730	90.7
RG	Y29F-1	14	686144	3904212	3218069	178	76.6
RG	Y29F-1	14	15775709	21718647	5942939	237	76.1
RG	Y29F-1	14	69966828	75788327	5821500	137	42.8
RG	Y30F-1	14	8191523	11554866	3363344	206	59.6
RG	Y30F-1	14	16077504	18513141	2435638	96	36.0
RG	Y30F-1	14	35057280	50456734	15399455	363	82.2
RG	Y30F-1	14	78370775	89449045	11078271	374	82.0
RG	Y31F-1	14	8171739	11554866	3383128	196	63.2
RG	Y31F-1	14	26961622	50456734	23495113	506	88.7
RG	Y32F-1	14	686144	10004907	9318764	662	92.3
RG	Y32F-1	14	19151492	21718647	2567156	92	22.3
RG	Y32F-1	14	27054094	40574460	13520367	295	74.6
RG	Y32F-1	14	71088949	76427303	5338355	138	33.7
RG	Y32F-1	14	92303190	93406893	1103704	147	78.5
RG	E10F-1	15	1180994	2484770	1303777	136	50.5
RG	E10F-1	15	2913741	4502752	1589012	114	43.5
RG	E10F-1	15	60610450	64001681	3391232	256	89.7
RG	E13M-1	15	1594090	8128200	6534111	383	82.8
RG	E14F-1	15	3968729	8470531	4501803	235	79.4
RG	E14F-1	15	10636515	18515652	7879138	203	72.9
RG	E14F-1	15	59865452	61315162	1449711	137	33.3
RG	E18F-1	15	8452893	10686527	2233635	95	43.3
RG	E19M-2A	15	3654068	5595600	1941533	120	26.7
RG	E19M-2A	15	59809058	61503877	1694820	147	84.8
RG	E24M-1	15	1173009	2379379	1206371	132	59.7
RG	E24M-1	15	3157133	11203332	8046200	398	74.9
RG	E24M-1	15	22651416	37196495	14545080	278	80.3
RG	E24M-1	15	51968240	55373601	3405362	109	22.7
RG	E25F-1	15	8874131	10455381	1581251	55	56.4
RG	E25F-1	15	51450552	52654045	1203494	85	25.9
RG	E25F-1	15	60628596	61884346	1255751	123	54.2
RG	E28F-1	15	125105	1193643	1068539	122	78.9
RG	E29M-1	15	4968634	10582970	5614337	258	74.8
RG	E29M-1	15	49913473	51604518	1691046	84	64.9
RG	E30M-1	15	42153818	51181439	9027622	167	63.8
RG	E30M-1	15	57903590	59542590	1639001	109	54.9
RG	E31M-2	15	1172947	2379379	1206433	134	62.2
RG	E31M-2	15	42153818	45465473	3311656	60	6.0
RG	E31M-2	15	51969196	55373601	3404406	110	15.3
RG	E32M-1	15	8452893	10686527	2233635	91	42.5
RG	E32M-1	15	59938276	62789706	2851431	259	70.2
RG	E33M-1	15	13500595	19901166	6400572	116	41.1
RG	E33M-1	15	38823624	44366538	5542915	112	62.2
RG	E33M-1	15	59901712	62870281	2968570	204	63.2
RG	E34M-2A	15	125105	2379379	2254275	247	86.9
RG	E34M-2A	15	3654068	5595600	1941533	129	29.9
RG	E34M-2A	15	8874131	22651416	13777286	437	92.9
RG	E34M-2A	15	39965810	42836805	2870996	69	17.0
RG	E35M-2A	15	8874131	15827809	6953679	221	56.8
RG	E35M-2A	15	30868649	45450982	14582334	383	75.6
RG	E35M-2A	15	54675468	59354859	4679392	285	70.7
RG	E36F-2A	15	125105	1201927	1076823	114	77.7
RG	E36F-2A	15	59865452	62789706	2924255	258	70.5
RG	E37F-1	15	4591257	37884853	33293597	952	94.4
RG	E37F-1	15	50651889	52411880	1759992	107	56.7
RG	LAO01M-2A	15	125105	8714991	8589887	599	94.2
RG	LAO01M-2A	15	30868649	37884853	7016205	196	56.6
RG	LAO01M-2A	15	50986619	58636546	7649928	384	83.9
RG	LAO03M-1	15	19813603	24978024	5164422	192	75.0
RG	LAO03M-1	15	54675468	59719264	5043797	307	77.2
RG	LAO06M-2A	15	125105	9269740	9144636	631	94.9
RG	LAO06M-2A	15	30868649	39661641	8792993	252	59.4
RG	LAO06M-2A	15	57004530	64001681	6997152	517	93.1
RG	LO01F-1	15	3686304	4782742	1096439	82	67.1
RG	LO01F-1	15	8874131	15821591	6947461	216	55.8
RG	LO01F-1	15	30868649	45465473	14596825	383	78.4
RG	LO03M-1	15	8198105	22984595	14786491	472	88.2
RG	LO03M-1	15	50831877	55065464	4233588	158	46.5
RG	LO04M-1	15	6308478	8714991	2406514	95	33.8
RG	LO04M-1	15	30868649	37884853	7016205	195	54.4
RG	LO04M-1	15	59697224	64001681	4304458	343	84.3
RG	OF289-2	15	8747823	19781269	11033447	308	78.4
RG	OF289-2	15	39407225	49195737	9788513	172	53.6
RG	OF289-2	15	59697224	64001681	4304458	344	85.1
RG	OF304-1A	15	8747823	39661641	30913819	789	84.4
RG	OM258-2	15	5536945	11661126	6124182	231	56.9
RG	OM258-2	15	21555602	35117044	13561443	221	61.3
RG	OM270-2	15	6308478	8714991	2406514	95	35.7
RG	OM270-2	15	30868649	37884853	7016205	193	44.4
RG	OM270-2	15	51837712	55695500	3857789	128	12.7
RG	OM274-3B	15	6308478	8714991	2406514	96	36.5
RG	OM274-3B	15	51837712	55695500	3857789	137	21.9
RG	OM276-1	15	2126198	4879573	2753376	177	33.8
RG	OM276-1	15	7352910	21107989	13755080	416	83.1
RG	OM276-1	15	30868649	46940836	16072188	398	75.5
RG	OM279-1	15	22507326	49195737	26688412	495	80.4
RG	OM279-1	15	61593326	64001681	2408356	151	77.5
RG	OM283-2	15	1894163	38150355	36256193	1126	92.1
RG	OM283-2	15	39559219	49195737	9636519	172	49.4
RG	OM283-2	15	57067375	59719264	2651890	168	55.3
RG	OM290-2	15	125105	4879573	4754469	382	89.7
RG	OM290-2	15	30868649	35828923	4960275	117	15.4
RG	OM290-2	15	37489932	50363161	12873230	250	75.3
RG	OM290-2	15	56683871	58729918	2046048	131	60.2
RG	OM292-2	15	30868649	35828923	4960275	116	9.0
RG	OM292-2	15	59112899	61884346	2771448	241	73.7
RG	OM301-1A	15	125105	2484770	2359666	245	78.9
RG	OM301-1A	15	3654068	4867046	1212979	84	25.7
RG	OM301-1A	15	51837712	55695500	3857789	137	20.1
RG	OM301-1A	15	57702787	59663612	1960826	126	10.9
RG	OM318-2	15	1619206	3398681	1779476	124	20.0
RG	OM318-2	15	5159953	35828923	30668971	830	89.8
RG	OM318-2	15	49372350	51322672	1950323	78	34.6
RG	OM331-1A	15	157852	2604483	2446632	213	84.5
RG	OM331-1A	15	8341209	22968233	14627025	399	86.7
RG	OM331-1A	15	30868649	59354859	28486211	765	85.7
RG	Y22F-1	15	7423873	37044694	29620822	691	93.0
RG	Y27M-1	15	2903493	10582970	7679478	400	81.0
RG	Y27M-1	15	11632136	22984595	11352460	341	63.1
RG	Y27M-1	15	32366969	40212989	7846021	242	37.2
RG	Y28M-1	15	3328855	11227272	7898418	394	84.9
RG	Y29F-1	15	4968634	6610188	1641555	93	15.1
RG	Y29F-1	15	18011207	21592167	3580961	116	37.8
RG	Y30F-1	15	6785939	21687451	14901513	474	85.0
RG	Y30F-1	15	50651889	55065464	4413576	175	54.9
RG	Y31F-1	15	2555200	4474854	1919655	125	46.5
RG	Y31F-1	15	11381562	21663193	10281632	266	62.5
RG	Y31F-1	15	52832833	59873566	7040734	351	76.2
RG	Y32F-1	15	13444458	21107989	7663532	192	59.5
RG	Y32F-1	15	61894804	64001681	2106878	136	44.8
RG	E10F-1	16	3664223	20216797	16552575	638	90.3
RG	E13M-1	16	32829517	51919440	19089924	624	89.6
RG	E13M-1	16	57095567	61351041	4255475	463	84.1
RG	E14F-1	16	19194	3948954	3929761	226	78.6
RG	E14F-1	16	7463077	9526916	2063840	101	11.8
RG	E14F-1	16	11826794	57887913	46061120	2025	97.0
RG	E14F-1	16	59907912	61833715	1925804	172	80.6
RG	E18F-1	16	1247812	3291151	2043340	118	23.0
RG	E18F-1	16	29487422	32139078	2651657	102	63.7
RG	E18F-1	16	35350420	38439083	3088664	75	19.2
RG	E18F-1	16	53162474	56801971	3639498	318	80.2
RG	E19M-2A	16	8155885	14248603	6092719	192	79.1
RG	E19M-2A	16	29277055	32725283	3448229	162	64.7
RG	E19M-2A	16	54395872	61833715	7437844	647	93.3
RG	E24M-1	16	56943613	61475647	4532035	505	85.6
RG	E25F-1	16	47429547	51739707	4310161	127	43.6
RG	E27M-1	16	19194	2116934	2097741	86	39.9
RG	E27M-1	16	57343815	58167501	823687	108	6.5
RG	E28F-1	16	4191786	8747948	4556163	200	66.2
RG	E29M-1	16	4191786	8747948	4556163	210	67.5
RG	E30M-1	16	19194	1390486	1371293	59	49.0
RG	E30M-1	16	35377698	38439083	3061386	76	18.7
RG	E31M-2	16	19194	1976394	1957201	103	74.3
RG	E31M-2	16	57095567	58042436	946870	143	45.9
RG	E31M-2	16	58970284	61351041	2380758	244	69.2
RG	E32M-1	16	19194	1624926	1605733	78	65.5
RG	E32M-1	16	8459987	10278242	1818256	87	21.9
RG	E32M-1	16	57095567	58042436	946870	132	38.6
RG	E33M-1	16	38506412	51919440	13413029	335	85.3
RG	E33M-1	16	53493930	57053349	3559420	219	73.2
RG	E34M-2A	16	2081892	4111738	2029847	130	14.3
RG	E35M-2A	16	10027088	21222324	11195237	396	75.3
RG	E36F-2A	16	53469732	56801971	3332240	254	72.6
RG	E37F-1	16	4191786	8747948	4556163	216	68.4
RG	E37F-1	16	56665553	61833715	5168163	555	93.6
RG	LAO01M-2A	16	19194	7942543	7923350	409	90.3
RG	LAO01M-2A	16	10027088	14248603	4221516	110	14.3
RG	LAO01M-2A	16	21991759	39616256	17624498	601	86.8
RG	LAO01M-2A	16	46304041	61833715	15529675	1167	95.3
RG	LAO03M-1	16	1731030	7006737	5275708	286	88.1
RG	LAO03M-1	16	21944920	32239306	10294387	308	63.8
RG	LAO03M-1	16	60373749	61833715	1459967	102	37.6
RG	LAO06M-2A	16	49754	1540723	1490970	72	33.0
RG	LAO06M-2A	16	21988291	32239306	10251016	313	68.7
RG	LO03M-1	16	59179867	61833715	2653849	229	83.0
RG	LO04M-1	16	19194	32239306	32220113	1264	95.1
RG	LO04M-1	16	55375858	60357755	4981898	511	86.4
RG	OF289-2	16	19194	1673520	1654327	78	42.3
RG	OF289-2	16	7136962	32239306	25102345	897	91.0
RG	OF289-2	16	58075303	60270351	2195049	238	70.2
RG	OF289-2	16	60388085	61833715	1445631	102	25.5
RG	OF304-1A	16	19194	1673520	1654327	76	15.8
RG	OF304-1A	16	10027088	14248603	4221516	108	11.9
RG	OF304-1A	16	21644544	32239306	10594763	335	71.3
RG	OM258-2	16	5562516	21220522	15658007	510	84.1
RG	OM258-2	16	21944920	31973444	10028525	226	60.4
RG	OM270-2	16	10027088	14248603	4221516	109	11.6
RG	OM270-2	16	21988291	33251807	11263517	384	79.9
RG	OM270-2	16	55444007	58042436	2598430	242	69.9
RG	OM274-3B	16	19194	3047360	3028167	155	72.1
RG	OM274-3B	16	10072107	19106014	9033908	251	67.4
RG	OM274-3B	16	54017744	57053349	3035606	243	77.5
RG	OM276-1	16	10027088	21222324	11195237	397	75.7
RG	OM276-1	16	21988291	36066869	14078579	514	82.1
RG	OM276-1	16	54832398	55466981	634584	75	9.8
RG	OM276-1	16	56272065	61833715	5561651	572	93.1
RG	OM279-1	16	9480980	21222324	11741345	409	79.0
RG	OM279-1	16	21991759	32200849	10209091	287	64.9
RG	OM279-1	16	51908855	53062159	1153305	102	20.8
RG	OM283-2	16	19194	2262483	2243290	109	48.5
RG	OM283-2	16	7136962	32239306	25102345	893	90.9
RG	OM283-2	16	59392874	61833715	2440842	212	80.1
RG	OM290-2	16	49754	3120585	3070832	147	65.7
RG	OM290-2	16	5289283	14248603	8959321	327	78.7
RG	OM290-2	16	19375040	21263489	1888450	123	13.8
RG	OM290-2	16	21988291	29300857	7312567	186	40.1
RG	OM290-2	16	55386265	58042436	2656172	244	72.2
RG	OM292-2	16	21430190	53985713	32555524	1163	92.8
RG	OM292-2	16	55895994	58042436	2146443	220	74.4
RG	OM292-2	16	60373749	61833715	1459967	101	37.5
RG	OM301-1A	16	32172422	33251807	1079386	84	18.7
RG	OM301-1A	16	55375858	57053349	1677492	119	26.9
RG	OM318-2	16	19194	9502201	9483008	474	76.0
RG	OM318-2	16	21988291	42095102	20106812	676	86.5
RG	OM318-2	16	56882982	60357755	3474774	424	86.3
RG	OM331-1A	16	53110906	54083611	972706	108	50.0
RG	Y22F-1	16	7386360	10438192	3051833	128	29.5
RG	Y22F-1	16	34044940	53420708	19375769	674	90.9
RG	Y27M-1	16	19194	2030097	2010904	105	77.9
RG	Y27M-1	16	9160749	14896160	5735412	171	47.3
RG	Y28M-1	16	7345332	34188691	26843360	1013	92.0
RG	Y29F-1	16	1219429	3911036	2691608	147	40.6
RG	Y29F-1	16	34044940	42701287	8656348	267	79.8
RG	Y29F-1	16	56732852	58616983	1884132	230	71.1
RG	Y30F-1	16	1648792	3980121	2331330	148	39.9
RG	Y31F-1	16	19194	1648792	1629599	78	63.8
RG	Y31F-1	16	7407288	10079070	2671783	134	56.7
RG	Y31F-1	16	14973195	31973444	17000250	596	89.5
RG	Y31F-1	16	58599580	61475647	2876068	265	64.4
RG	Y32F-1	16	1190860	6856923	5666064	312	78.3
RG	Y32F-1	16	11605282	22828982	11223701	446	84.1
RG	E10F-1	17	19616498	37669572	18053075	1165	94.2
RG	E10F-1	17	40450366	43724115	3273750	265	43.7
RG	E13M-1	17	5271810	6517473	1245664	72	29.1
RG	E13M-1	17	29164465	30736900	1572436	112	62.2
RG	E14F-1	17	14316	1720315	1706000	194	93.7
RG	E14F-1	17	3688531	11662185	7973655	495	89.0
RG	E14F-1	17	12358894	14012006	1653113	91	13.5
RG	E14F-1	17	41758122	44201274	2443153	200	84.4
RG	E19M-2A	17	30707868	34391039	3683172	282	81.3
RG	E24M-1	17	23486658	31288387	7801730	404	89.3
RG	E24M-1	17	43040407	44201274	1160868	69	45.4
RG	E25F-1	17	41760558	43462922	1702365	144	57.9
RG	E27M-1	17	4545215	6180161	1634947	94	38.4
RG	E27M-1	17	30713919	36311811	5597893	474	86.7
RG	E27M-1	17	36784239	42510372	5726134	300	80.8
RG	E28F-1	17	12358894	24954987	12596094	442	82.5
RG	E28F-1	17	40174717	42359319	2184603	141	30.6
RG	E29M-1	17	3557785	12248870	8691086	564	88.9
RG	E29M-1	17	19616498	23586945	3970448	218	74.0
RG	E30M-1	17	14316	3941325	3927010	361	91.2
RG	E30M-1	17	42570980	44201274	1630295	119	70.0
RG	E31M-2	17	14316	3536330	3522015	331	86.9
RG	E31M-2	17	36814124	41722445	4908322	276	81.8
RG	E32M-1	17	25067424	37944918	12877495	892	95.1
RG	E33M-1	17	12358894	23585216	11226323	288	75.9
RG	E34M-2A	17	26768651	34640345	7871695	499	87.8
RG	E35M-2A	17	2860128	4631535	1771408	156	64.9
RG	E35M-2A	17	23427536	33624685	10197150	563	87.7
RG	E36F-2A	17	6224483	21970760	15746278	595	85.0
RG	E37F-1	17	8056464	23586945	15530482	702	89.9
RG	E37F-1	17	40174717	42359319	2184603	162	52.8
RG	LAO01M-2A	17	14316	2761271	2746956	261	81.1
RG	LAO01M-2A	17	31586327	34584406	2998080	249	82.8
RG	LAO03M-1	17	14316	2761271	2746956	258	74.0
RG	LAO06M-2A	17	14316	1308104	1293789	121	55.2
RG	LAO06M-2A	17	6140264	14748664	8608401	541	88.9
RG	LAO06M-2A	17	31586327	34639582	3053256	261	82.7
RG	LO01F-1	17	14316	1786479	1772164	186	79.4
RG	LO01F-1	17	8579325	11779986	3200662	194	72.0
RG	LO01F-1	17	31778894	33492825	1713932	104	10.7
RG	LO01F-1	17	40455257	42851950	2396694	201	34.6
RG	LO03M-1	17	755311	2247128	1491818	153	47.8
RG	LO03M-1	17	4685150	7600746	2915597	144	68.0
RG	LO03M-1	17	23199927	24107065	907139	105	63.3
RG	LO04M-1	17	1298933	6072552	4773620	390	87.3
RG	LO04M-1	17	21227747	31091599	9863853	541	89.0
RG	LO04M-1	17	43031993	44201274	1169282	66	44.9
RG	OF289-2	17	20989111	30296213	9307103	495	87.0
RG	OF304-1A	17	14316	14748664	14734349	1048	96.6
RG	OM258-2	17	3688531	8943932	5255402	269	78.7
RG	OM258-2	17	42860959	44201274	1340316	75	35.2
RG	OM274-3B	17	14316	8038814	8024499	581	92.3
RG	OM274-3B	17	19616498	23341326	3724829	181	66.3
RG	OM274-3B	17	30128164	34584406	4456243	355	84.8
RG	OM274-3B	17	36140721	41035339	4894619	284	65.4
RG	OM276-1	17	14316	8943932	8929617	670	94.4
RG	OM276-1	17	10389355	11911881	1522527	118	43.8
RG	OM276-1	17	20989111	29102186	8113076	410	82.4
RG	OM279-1	17	14316	2429419	2415104	237	82.7
RG	OM279-1	17	9672930	11911881	2238952	143	61.5
RG	OM279-1	17	20989111	23341326	2352216	152	39.6
RG	OM283-2	17	7380309	13897181	6516873	425	89.2
RG	OM290-2	17	5042680	7460493	2417814	126	51.7
RG	OM290-2	17	9641268	23341326	13700059	538	81.3
RG	OM290-2	17	28175547	34584406	6408860	423	88.3
RG	OM292-2	17	19616498	23341326	3724829	180	68.9
RG	OM301-1A	17	5035760	8038814	3003055	152	51.1
RG	OM301-1A	17	19616498	23341326	3724829	185	54.5
RG	OM318-2	17	20999109	35278537	14279429	930	93.1
RG	OM331-1A	17	50722	1174283	1123562	82	15.2
RG	OM331-1A	17	14467236	39356001	24888766	1157	91.5
RG	Y22F-1	17	14316	3326158	3311843	266	88.9
RG	Y22F-1	17	9437720	15937767	6500048	334	85.3
RG	Y22F-1	17	22334790	33926826	11592037	611	95.3
RG	Y27M-1	17	14316	930884	916569	82	19.7
RG	Y27M-1	17	13362959	23586945	10223987	352	72.7
RG	Y27M-1	17	33757177	35864504	2107328	288	80.6
RG	Y28M-1	17	14316	1174283	1159968	100	49.1
RG	Y29F-1	17	1080519	1842363	761845	93	20.1
RG	Y29F-1	17	9292124	22717946	13425823	477	88.4
RG	Y29F-1	17	36714766	41490861	4776096	235	71.3
RG	Y30F-1	17	14316	1832515	1818200	195	83.8
RG	Y30F-1	17	10976923	14343520	3366598	260	80.2
RG	Y30F-1	17	36648225	41492987	4844763	269	69.0
RG	Y31F-1	17	14316	1174283	1159968	97	51.1
RG	Y32F-1	17	14316	1842363	1828048	196	82.8
RG	Y32F-1	17	3416117	4173172	757056	83	13.5
RG	Y32F-1	17	9509458	21338169	11828712	426	80.7
